"Last Login Date","Membership Title","Property Acct. #","Property Address","Property Group","Property Name","Property Unit","First Name","Last Name","Company Name","Access Level","Add Date",Address,"Admin Notes","Email Address","Expiration Date","Join Date","Last Modified","Membership Type ID","Profile Photo","Show Profile",Status,"User ID","User Level","Primary User",Username,Block,Board,"Covenants Volunteer","Email Subscription","New Resident","Primary Phone","RBOS Volunteer",Rental
08/28/2025,Membership,,"190 Wuthering Heights Dr^^Colorado Springs^Color^80921^","Property in good standing","190 Wuthering Heights Dr",6131206075,Paul,Zmuda,,MEMBER,07/10/2021,"190 Wuthering Heights Dr^^Colorado Springs^CO^80921^",,pjzmuda@comcast.net,,05/24/1994,07/10/2021,36742,,No,Active,74060e99d55bdeba827584990,1,,pjzmuda@comcast.net,,,,Yes,,719-337-3600,,
,Membership,,"14762 Latrobe Court^^Colorado Springs^Color^80921^","Property Dues Delinquent","14762 Latrobe Court",6131402035,William,Zinsmeyer,,MEMBER,07/10/2021,"14762 Latrobe Court^^Colorado Springs^CO^80921^",,zinsbill@gmail.com,,08/06/1993,07/10/2021,36742,,No,Active,40260e99d57d786e920507012,1,,zinsbill@gmail.com,,,,Yes,,719-481-3263,,
03/26/2026,Membership,634,"15260 Renoir Place^^Colorado Springs^Color^80921^","Property in good standing","15260 Renoir Place",6131101100,"Barry G.",Zile,,MEMBER,07/10/2021,"15260 Renoir Place^^Colorado Springs^CO^80921^",,zilefam@yahoo.com,,11/09/2017,07/10/2021,36742,,No,Active,98560e99d5b06c62600807563,1,,zilefam@yahoo.com,,,,Yes,,,,
,Membership,,"115 Rangely Dr^^Colorado Springs^Color^80921^","Property in good standing","115 Rangely Dr",6131301025,Kyle,Ziegler,,MEMBER,09/12/2026,"115 Rangely Dr^^Colorado Springs^CO^80921^",,kyle.ziegler54@gmail.com,,09/12/2026,09/12/2026,36742,,No,Pending,5996aa59565ad0ed547756948,1,,kyle.ziegler54@gmail.com,,,,No,,618-401-1165,No,
,Membership,,"115 Rangely Dr^^Colorado Springs^Color^80921^","Property in good standing","115 Rangely Dr",6131301025,Kyle,Ziegler,,MEMBER,07/10/2021,"115 Rangely Dr^^Colorado Springs^CO^80921^",,karlieziegler1@gmail.com,,12/08/2020,07/10/2021,36742,,No,Active,86960e99d530b678490733495,1,,karlieziegler1@gmail.com,,,,Yes,,,,
05/06/2026,Membership,154,"220 Scottsdale Dr^^Colorado Springs^Color^80921^","Property in good standing","220 Scottsdale Dr",6206203006,Kirby,Zeller,,MEMBER,07/10/2021,"220 Scottsdale Dr^^Colorado Springs^CO^80921^","Change e-mail on 3/4/2011",kirbyzeller@gmail.com,,07/10/2021,07/10/2021,36742,,No,Active,24660e99d485212f547013350,1,,KirbyZeller@gmail.com,,,,Yes,,719-481-3206,,
,Membership,,"130 Palm Springs Dr^^Colorado Springs^Color^80921^","Property Dues Delinquent","130 Palm Springs Dr",6131301012,Amgad,Yassa,,MEMBER,10/15/2021,"130 Palm Springs Dr^^Colorado Springs^CO^80921^",,janice9@centurylink.net,,09/30/2021,10/15/2021,36742,,No,Active,3496169f926cbef7583699038,1,,AmgadYassa,,,,No,,,,
,Membership,18,"14135 Westchester Dr^^Colorado Springs^Color^80921^","Property in good standing","14135 Westchester Dr",6206201033,James,Yagmin,,MEMBER,07/10/2021,"14135 Westchester Dr^^Colorado Springs^CO^80921^",,jimyagmin@yahoo.com,,05/31/2013,07/10/2021,36742,,No,Active,37060e99d432a2b7514392443,1,,jimyagmin@yahoo.com,,,,Yes,,719-260-9602,,
,Membership,506,"245 Wuthering Heights Dr^^Colorado Springs^Color^80921^","Property in good standing","245 Wuthering Heights Dr",6131209004,Mark,Worthington,,MEMBER,07/10/2021,"245 Wuthering Heights Dr^^Colorado Springs^CO^80921^","4.5.15: Dues notice returned, ckd assessor and still of record 5.23.15: dues notice returned, EPCA Lynn M Rogers, 17265 Papago Way, CS 80908
Greeted/Welcome Flowers 9/4/23",markworth1@gmail.com,,03/24/2023,09/04/2023,36742,,No,Active,28760e99d5617c87189196407,1,,MarkWorthington,,No,No,Yes,No,,No,No
12/22/2023,Membership,50,"72 Huntington Beach Dr^^Colorado Springs^Color^80921^","Property in good standing","72 Huntington Beach Dr",6206201052,Catherine,Woods,,MEMBER,07/10/2021,"72 Huntington Beach Dr^^Colorado Springs^CO^80921^","Address wasnt in the 2002 master list so forgave 2002 dues.",woodskate22@gmail.com,,03/09/1989,07/10/2021,36742,,No,Active,64360e99d447a01a908117956,1,,woodskate22@gmail.com,,,,Yes,,719-488-3692,,
,Membership,355,"230 Palm Springs Dr^^Colorado Springs^Color^80921^","Property Dues Delinquent","230 Palm Springs Dr",6131301005,"Deborah G",Wood,,MEMBER,07/10/2021,"230 Palm Springs Dr^^Colorado Springs^CO^80921^",,debbiegraves7@gmail.com,,03/02/2016,07/10/2021,36742,,No,Active,56260e99d501dfc3190835239,1,,debbiegraves7@gmail.com,,,,Yes,,719-244-6674,,
08/27/2026,Membership,,"320 Rangely Dr^^Colorado Springs^Color^80921^","Property Dues Delinquent","320 Rangely Dr",6131401009,Jonathan,Wingate,,MEMBER,08/05/2025,"320 Rangely Drive^^Colorado Springs^CO^80921^",,jonathan.wingate@icloud.com,12/31/2026,08/05/2025,02/28/2026,36742,,No,Active,730689230e052ec5333803799,1,,jonathan.wingate@icloud.com,,,,Yes,,785-571-3107,No,
08/18/2022,Membership,,"535 Rangely Dr^^Colorado Springs^Color^80921^","Property Dues Delinquent","535 Rangely Dr",6131402020,Matthew,Windland,,MEMBER,07/10/2021,"535 Rangely Dr^^Colorado Springs^CO^80921^",,winstonusmc@hotmail.com,,11/12/2020,07/10/2021,36742,,No,Active,25260e99d59ef97c547212377,1,,winstonusmc@hotmail.com,,,,Yes,,,,
04/16/2023,Membership,330,"35 Palm Springs Dr^^Colorado Springs^Color^80921^","Property in good standing","35 Palm Springs Dr",6131404005,"Christopher W",Wilson,,MEMBER,07/10/2021,"35 Palm Springs Dr^^Colorado Springs^CO^80921^",,cwwilson45@yahoo.com,,09/26/2016,07/10/2021,36742,,No,Active,49360e99d4f05848026859802,1,,cwwilson45@yahoo.com,,,,Yes,,615-516-3880,,
04/17/2023,Membership,,"14145 Gleneagle Dr^^Colorado Springs^Color^80921^","Property in good standing","14145 Gleneagle Dr",6206206006,Adam,Williams,,MEMBER,07/10/2021,"14145 Gleneagle Dr^^Colorado Springs^CO^80921^","lot sold by the Summit at Gleneagle
719-684-4261
adamwilliams007@gmail.com
adam@magneti.com",adamwilliams007@gmail.com,,02/22/2019,04/16/2023,36742,,No,Active,89160e99d603a6fc029669986,1,,adamwilliams007@gmail.com,,No,No,Yes,No,719-684-4261,No,No
,Membership,699,"410 Picasso Court^^Colorado Springs^Color^80921^","Property in good standing","410 Picasso Court",6131103068,Bob,Williams,,MEMBER,07/10/2021,"410 Picasso Court^^Colorado Springs^CO^80921^",,lomere2003@comcast.net,,07/06/1994,07/10/2021,36742,,No,Active,89160e99d5d65ed8411798659,1,,lomere2003@comcast.net,,,,Yes,,719-488-8375,,
,Membership,,"260 Pauma Valley Dr^^Colorado Springs^Color^80921^","Property in good standing","260 Pauma Valley Dr",6131302024,Keith,Williams,,MEMBER,07/10/2021,"260 Pauma Valley Dr^^Colorado Springs^CO^80921^",,keith_l_williams@hotmail.com,,03/01/1984,07/10/2021,36742,,No,Active,39160e99d4de2d9a405725016,1,,keith_l_williams@hotmail.com,,,,Yes,,719-488-2349,,
,Membership,,"530 Wuthering Heights Dr^^Colorado Springs^Color^80921^","Property in good standing","530 Wuthering Heights Dr",6131103086,Travis,Williams,,MEMBER,07/10/2021,"530 Wuthering Heights Dr^^Colorado Springs^CO^80921^",,,,05/26/2011,11/26/2021,36742,,No,Active,13760e99d5ed7e13275433882,1,,TravisWilliams,,,,Yes,No,719-650-7981,Yes,
,Membership,,"530 Wuthering Heights Dr^^Colorado Springs^Color^80921^","Property in good standing","530 Wuthering Heights Dr",6131103086,Travis,Williams,,MEMBER,04/07/2024,"530 Wuthering Heights Drive^^Colorado Springs^CO^80921^",,travjay@gmail.com,12/31/2024,04/07/2024,04/07/2024,36742,,No,Expired,7486612feac15375151093728,1,,Travjay@gmail.com,,,,Yes,,719-650-7981,No,
12/12/2025,Membership,677,"840 Wuthering Heights Dr^^Colorado Springs^Color^80921^","Property in good standing","840 Wuthering Heights Dr",6131103060,Ron,Wiley,,MEMBER,07/10/2021,"840 Wuthering Heights Dr^^Colorado Springs^CO^80921^",,rwiley7247@aol.com,,12/01/1986,07/10/2021,36742,,No,Active,64960e99d5c965da746305724,1,,rwiley7247@aol.com,,,,Yes,,719-339-4640,,
,Membership,,"430 Picasso Court^^Colorado Springs^Color^80921^","Property in good standing","430 Picasso Court",6131103070,"Larry E.",Wildasin,,MEMBER,07/10/2021,"430 Picasso Court^^Colorado Springs^CO^80921^",,janlar85@yahoo.com,,05/18/1999,07/10/2021,36742,,No,Active,46360e99d5d885f6774686663,1,,janlar85@yahoo.com,,,,Yes,,719-481-3770,,
03/26/2024,Membership,450,"60 Desert Inn Way^^Colorado Springs^Color^80921^","Property in good standing","60 Desert Inn Way",6131307015,Bonnie,White,,MEMBER,07/10/2021,"14998 N 2330 Rd^^Roosevelt^OK^73564^",,leew8909@aol.com,,08/21/1995,03/11/2024,36742,,No,Active,13160e99d53aa965873146684,1,,bonniew8909@gmail.com,,No,No,Yes,No,,No,No
03/20/2023,Membership,,"885 Wuthering Heights Dr^^Colorado Springs^Color^80921^","Property in good standing","885 Wuthering Heights Dr",6131110055,Michael,Wheeler,,MEMBER,07/10/2021,"885 Wuthering Heights Dr^^Colorado Springs^CO^80921^",,m_swheeler@msn.com,,07/19/1999,07/10/2021,36742,,No,Active,85460e99d5cf195c160582757,1,,m_swheeler@msn.com,,,,Yes,,719-487-8750,,
,Membership,,"230 Mission Hill Way^^Colorado Springs^Color^80921^","Property in good standing","230 Mission Hill Way",6206201103,Patty,Westfall,,MEMBER,07/08/2025,"230 Mission Hill Way^^Colorado Springs^CO^80921^",,westfallpc230@gmail.com,12/31/2025,07/08/2025,08/01/2025,36742,,No,Expired,492686d2b6147c52225757173,1,,westfallpc230@gmail.com,,,,No,,719-232-0737,No,
03/22/2023,Membership,,"230 Mission Hill Way^^Colorado Springs^Color^80921^","Property in good standing","230 Mission Hill Way",6206201103,Thomas,Westfall,,MEMBER,07/10/2021,"230 Mission Hill Way^^Colorado Springs^CO^80921^",,westfalltom@hotmail.com,,09/01/2003,11/27/2025,36742,,No,Active,81460e99d4c9ddb5151457841,1,,westfalltom@hotmail.com,,,,Yes,No,719-488-6834,Yes,
06/09/2025,Membership,,"360 Rangely Dr^^Colorado Springs^Color^80921^","Property in good standing","360 Rangely Dr",6131401007,Glen,Westcott,,MEMBER,03/08/2022,"360 Rangely Drive^^Colorado Springs^CO^80921^",,glen_westcott@msn.com,12/31/2022,03/08/2022,03/08/2022,36742,,No,Expired,6966227b098aa371782587493,1,,glen_westcott@msn.com,,,No,No,No,719-339-9248,No,No
09/15/2026,Membership,,"360 Rangely Dr^^Colorado Springs^Color^80921^","Property in good standing","360 Rangely Dr",6131401007,Glen,Westcott,,MEMBER,08/04/2025,"360 Rangely Dr^^Colorado Springs^CO^80921^",,westcott.glen@gmail.com,12/31/2025,08/04/2025,08/05/2025,36742,,No,Expired,7476890f3a156a82305554639,1,,Westcott.glen@gmail.com,,,,No,,719-339-9248,No,
,Membership,,"260 Pauma Valley Dr^^Colorado Springs^Color^80921^","Property in good standing","260 Pauma Valley Dr",6131302024,Baylee,Wells,,MEMBER,04/08/2024,"260 Pauma Valley Dr^^Colorado Springs^CO^80921^",,baylee.wells77@gmail.com,12/31/2024,04/08/2024,04/08/2024,36742,,No,Expired,94566141d2bd9fad374286559,1,,Baylee.wells77@gmail.com,,,,Yes,,719-440-5228,No,
,Membership,,"13965 Westchester Dr^^Colorado Springs^Color^80921^","Property in good standing","13965 Westchester Dr",6206302001,"Thomas E",Wells,,MEMBER,07/10/2021,"13965 Westchester Dr^^Colorado Springs^CO^80921^",,,,12/14/2016,07/10/2021,36742,,No,Active,32660e99d426c14c614422675,1,,ThomasEWells,,,,Yes,,719-232-7678,,
12/12/2023,Membership,,"14780 Latrobe Dr^^Colorado Springs^Color^80921^","Property in good standing","14780 Latrobe Dr",6131405003,Bill,Welde,,MEMBER,07/10/2021,"14780 Latrobe Dr^^Colorado Springs^CO^80921^",,brun0mail@comcast.net,,08/27/2001,07/10/2021,36742,,No,Active,61760e99d57a6e37688661220,1,,brun0mail@comcast.net,,,,Yes,,719-484-0421,,
,Membership,553,"14783 Latrobe Court^^Colorado Springs^Color^80921^","Property Dues Delinquent","14783 Latrobe Court",6131402039,Christopher,Weisheit,,MEMBER,07/10/2021,"14783 Latrobe Court^^Colorado Springs^CO^80921^","Unified Title paid 2003 dues at closing",sadieweisheit@gmail.com,,03/19/2019,07/10/2021,36742,,No,Active,18660e99d57ec2ce135292531,1,,sadieweisheit@gmail.com,,,,Yes,,719-306-1922,,
,Membership,173,"14590 Bermuda Dunes Way^^Colorado Springs^Color^80921^","Property in good standing","14590 Bermuda Dunes Way",6131308044,Marc,Weiersmuller,,MEMBER,07/10/2021,"14590 Bermuda Dunes Way^^Colorado Springs^CO^80921^","2017 late fee waived - error made at closing by agent.",marc.weiersmuller@oracle.com,,02/28/2017,07/10/2021,36742,,No,Active,53960e99d4924788156068349,1,,marc.weiersmuller@oracle.com,,,,Yes,,,,
,Membership,,"14165 Gleneagle Dr^^Colorado Springs^Color^80921^","Property in good standing","14165 Gleneagle Dr",6206206008,Jeffery,Waye,,MEMBER,10/14/2021,"14165 Gleneagle Dr^^Colorado Springs^CO^80921^",,,,07/02/2021,10/14/2021,36742,,No,Active,7716168a42ee0a18256113219,1,,JefferyWaye,,,,No,,,,
08/03/2023,Membership,125,"14240 Gleneagle Dr^^Colorado Springs^Color^80921^","Property in good standing","14240 Gleneagle Dr",6206103007,"Michael D",Watts,,MEMBER,07/10/2021,"14240 Gleneagle Dr^^Colorado Springs^CO^80921^","watts.ape@gmail.com Michael Watts
lindsay.knell@gmail.com Lindsay Knell",lindsay.knell@gmail.com,,05/01/2017,09/28/2022,36742,,No,Active,26260e99d4756a1f608556564,1,,lindsay.knell@gmail.com,,No,No,Yes,No,719-304-9331,No,No
03/27/2023,Membership,,"14316 Spyglass Hill Pl^^Colorado Springs^Color^80921^","Property in good standing","14316 Spyglass Hill Pl",6206201114,Pamela,Watson,,MEMBER,07/10/2021,"14316 Spyglass Hill Place^^Colorado Springs^CO^80921^","Sold by: the Summit at Gleneagle",dawnwatson@comcast.net,,10/18/2018,04/10/2022,36742,,No,Active,79860e99d60a80d1392900527,1,,dawnwatson@comcast.net,,,No,Yes,No,719-418-2907,No,No
12/27/2025,Membership,147,"14195 Candlewood Court^^Colorado Springs^Color^80921^","Property in good standing","14195 Candlewood Court",6206104001,Isaac,Watkins,,MEMBER,07/10/2021,"14195 Candlewood Court^^Colorado Springs^CO^80921^",,watkins.isaac@gmail.com,,04/21/2005,07/10/2021,36742,,No,Active,75660e99d481c112632630683,1,,watkins.isaac@gmail.com,,,,Yes,,719-200-7092,,
,Membership,,"90 Desert Inn Way^^Colorado Springs^Color^80921^","Property in good standing","90 Desert Inn Way",6131307017,Joanne,Wasilewski,,MEMBER,07/10/2021,"90 Desert Inn Way^^Colorado Springs^CO^80921^","5.23.15: Received title check with WD.
joanne.wasilewski@gmail.com",joanne.wasilewski@gmail.com,,09/01/2022,05/21/2023,36742,,No,Active,61860e99d53c69e1507812455,1,,joanne.wasilewski@gmail.com,,No,No,Yes,No,973-477-9265,No,No
,Membership,,"14620 Latrobe Dr^^Colorado Springs^Color^80921^","Property Dues Delinquent","14620 Latrobe Dr",6131406019,Douglas,Warren,,MEMBER,07/10/2021,"14620 Latrobe Dr^^Colorado Springs^CO^80921^",,mpolakos@gmail.com,,10/23/2013,07/10/2021,36742,,No,Active,91160e99d4d677af256224991,1,,mpolakos@gmail.com,,,,Yes,,732-754-6944,,
,Membership,,,,,,Fred,Warren,,MEMBER,07/10/2021,"14750 Latrobe Court^^Colorado Springs^CO^80921^",,hugh88warren@yahoo.com,,02/07/2020,07/10/2021,36742,,No,Active,69160e99d57bb79e030809975,1,,hugh88warren@yahoo.com,,,,Yes,,719-203-8104,,
,Membership,68,"14035 Gleneagle Dr^^Colorado Springs^Color^80921^","Property in good standing","14035 Gleneagle Dr",6206205007,Alice,Ward,,MEMBER,07/10/2021,"14035 Gleneagle Dr^^Colorado Springs^CO^80921^",,,,08/23/1991,07/10/2021,36742,,No,Active,83960e99d451448e667698117,1,,AliceWard,,,,Yes,,719-488-2012,,
10/12/2021,Membership,,,,,,Thomas,Ward,,MEMBER,07/10/2021,"185 Wuthering Heights Dr^^Colorado Springs^CO^80921^",,wardplapp@msn.com,,09/12/2008,12/12/2022,36742,,No,Active,75260e99d5567e81300558388,1,,wardplapp@msn.com,,No,No,No,No,719-487-0957,No,Yes
,Membership,395,"360 Palm Springs Dr^^Colorado Springs^Color^80921^","Property Dues Delinquent","360 Palm Springs Dr",6131403002,Gary,Walters,,MEMBER,07/10/2021,"360 Palm Springs Dr^^Colorado Springs^CO^80921^",,gwaltersgroup@gmail.com,,09/18/1986,07/10/2021,36742,,No,Active,39660e99d5196716284614237,1,,gwaltersgroup@gmail.com,,,,Yes,,719-488-5656,,
,Membership,,"150 Desert Inn Way^^Colorado Springs^Color^80921^","Property in good standing","150 Desert Inn Way",6131307007,Joe,Wallroth,,MEMBER,07/10/2021,"150 Desert Inn Way^^Colorado Springs^CO^80921^","JE: updated kellys email",choochoojoe@hotmail.com,,07/24/2007,07/10/2021,36742,,No,Active,68760e99d540cc65584767824,1,,choochoojoe@hotmail.com,,,,Yes,,719-481-5583,,
,Membership,,"255 Desert Inn Way^^Colorado Springs^Color^80921^","Property in good standing","255 Desert Inn Way",6131301031,Don,Wallace,,MEMBER,07/10/2021,"255 Desert Inn Way^^Colorado Springs^CO^80921^","County records property address: 245 Rangely Are away 6 mo. of the year....3 mo. at a time.",lindon59@live.com,,12/21/1999,07/10/2021,36742,,No,Active,42260e99d51c5686435782986,1,,lindon59@live.com,,,,Yes,,719-488-2780,,
,Membership,,"14405 Westchester Dr^^Colorado Springs^Color^80921^","Property in good standing","14405 Westchester Dr",6206201022,Gary,Walenga,,MEMBER,07/10/2021,"14405 Westchester Dr^^Colorado Springs^CO^80921^",,gary.walenga@gmail.com,,12/04/2015,11/26/2021,36742,,No,Active,91260e99d4866958848884695,1,,gary.walenga@gmail.com,,,,Yes,No,540-558-8561,Yes,
,Membership,,"135 Desert Inn Way^^Colorado Springs^Color^80921^","Property in good standing","135 Desert Inn Way",6131309025,Malham,Wakin,,MEMBER,07/10/2021,"135 Desert Inn Way^^Colorado Springs^CO^80921^",,profandlynn@aol.com,,08/07/1987,07/10/2021,36742,,No,Active,33060e99d53f0760675686768,1,,profandlynn@aol.com,,,,Yes,,719-481-3227,,
,Membership,,"13950 Westchester Dr^^Colorado Springs^Color^80921^","Property in good standing","13950 Westchester Dr",6206301009,Michael,Wader,,MEMBER,07/10/2021,"13950 Westchester Dr^^Colorado Springs^CO^80921^",,,,09/10/1993,07/10/2021,36742,,No,Active,80560e99d5f9908c098725856,1,,MichaelWader,,,,Yes,,,,
,Membership,,"640 Rembrandt Court^^Colorado Springs^Color^80921^","Property Dues Delinquent","640 Rembrandt Court",6131103090,"Ryan M.",Voneida,,MEMBER,07/10/2021,"640 Rembrandt Court^^Colorado Springs^CO^80921^",4/8/2019,,,08/01/2013,07/10/2021,36742,,No,Active,83860e99d5c011cb882212919,1,,RyanM.Voneida,,,,Yes,,,,
08/07/2023,Membership,695,"15235 Diamondhead Court^^Colorado Springs^Color^80921^","Property in good standing","15235 Diamondhead Court",6131110050,Monique,Vollmer,,MEMBER,07/10/2021,"701 E Platte Ave.^^Colorado Springs^CO^80903^",,monique9000@gmail.com,,05/12/2003,07/10/2021,36742,,No,Active,89060e99d5d5f60f902213031,1,,monique9000@gmail.com,,,,Yes,,,,
07/17/2023,Membership,,"15020 Hilton Head Court^^Colorado Springs^Color^80921^","Property in good standing","15020 Hilton Head Court",6131104013,Sonu,Verghese,,MEMBER,07/10/2021,"15020 Hilton Head Court^^Colorado Springs^CO^80921^","llcarlisle45@gmail.com
Linda Carlisle
Primary Phone	505-670-0129
Address	15020 Hilton Head Court
Colorado Springs, CO 80921",llcarlisle45@gmail.com,,05/22/2023,07/16/2023,36742,,No,Active,94660e99d5f198c3633230563,1,,llcarlisle45@gmail.com,,No,No,Yes,No,505-670-0129,No,No
03/28/2023,Membership,832,"14161 Stone Eagle Place^^Colorado Springs^Color^80921^","Property in good standing","14161 Stone Eagle Place",6206201131,Brian,Veldhuizen,Cindy,MEMBER,07/10/2021,"14161 Stone Eagle Place^^Colorado Springs^CO^80921^","brianjv1957@gmail.com
Greeted/Welcome Flowers 9/4/23",brianjv1957@gmail.com,,01/19/2023,09/04/2023,36742,,No,Active,46960e99d619cd94765385230,1,,brianjv1957@gmail.com,,No,No,Yes,No,217-971-2681,No,No
,Membership,,"14015 Gleneagle Dr^^Colorado Springs^Color^80921^","Property in good standing","14015 Gleneagle Dr",6206301220,John,Veautour,,MEMBER,07/10/2021,"14015 Gleneagle Drive^^Colorado Springs^CO^80921^","sold by the Summit at Gleneagle",woodstylesjohn@gmail.com,,04/29/2019,08/03/2021,36742,,No,Active,90760e99d5fc4e90417973337,1,,woodstylesjohn@gmail.com,,,,Yes,,719-645-9988,,
09/25/2025,Membership,,"14205 Westchester Dr^^Colorado Springs^Color^80921^","Property in good standing","14205 Westchester Dr",6206201030,Sebastian,Vasquez,,MEMBER,07/10/2021,"14205 Westchester Drive^^Colorado Springs^CO^80921^",sebastian.alvarez.v@gmail.com,sebastian.alvarez.v@gmail.com,,03/17/2023,03/28/2023,36742,,No,Active,20760e99d43692ac975389928,1,,sebastian.alvarez.v@gmail.com,,No,No,Yes,No,469-230-3618,No,No
,Membership,229,"14533 River Oaks Dr^^Colorado Springs^Color^80921^","Property in good standing","14533 River Oaks Dr",6206201002,Diane,Valori,,MEMBER,07/10/2021,"14533 River Oaks Dr^^Colorado Springs^CO^80921^",,dantevalori@gmail.com,,06/04/1997,07/10/2021,36742,,No,Active,65560e99d4b46119094165175,1,,dantevalori@gmail.com,,,,Yes,,719-488-3131,,
,Membership,,"14373 Spyglass Hill Pl^^Colorado Springs^Color^80921^","Property in good standing","14373 Spyglass Hill Pl",6206103049,Michael,Valley,,MEMBER,07/10/2021,"14373 Spyglass Hill Place^^Colorado Springs^CO^80921^","Address bad, dues notice returned 5.18.2021",,,03/09/2020,04/10/2022,36742,,No,Active,28760e99d61098e5557342142,1,,MichaelValley,,,No,Yes,No,,No,No
01/29/2026,Membership,,,,,,Michael,Valley,,MEMBER,01/13/2022,"14373 Spyglass Hill Place^^Colorado Springs^CO^80921^",,valleymikekim@msn.com,12/31/2022,03/11/2020,03/07/2026,36742,,No,Expired,40361e058b8f0d6e629286332,1,,Valleymikekim@msn.com,,,No,Yes,No,719-465-4194,No,No
,Membership,,"215 Scottsdale Dr^^Colorado Springs^Color^80921^","Property in good standing","215 Scottsdale Dr",6206204002,Garrett,Usrey,,MEMBER,08/18/2025,"215 Scottsdale Drive^^Colorado Springs^CO^80921^",,garrett.usrey61@gmail.com,12/31/2025,08/18/2025,10/14/2025,36742,,No,Expired,74168a366d87a2f3333463986,1,,Garrett.usrey61@gmail.com,,,,Yes,,808-277-9891,No,
07/11/2024,Membership,39,"215 Scottsdale Dr^^Colorado Springs^Color^80921^","Property in good standing","215 Scottsdale Dr",6206204002,George,Urteaga,george.urteaga@rsac.com,MEMBER,07/10/2021,"215 Scottsdale Drive^^Colorado Springs^CO^80921^","Christy West - george.urteaga@rsac.com
Greeted 10/26/23 - new e-mail address.",golf.fanaz@gmail.com,,03/01/2023,11/06/2023,36742,,No,Active,36960e99d441ae46871233234,1,,george.urteaga@rsac.com,,No,No,Yes,No,480-323-0668,No,No
,Membership,658,"620 Rembrandt Court^^Colorado Springs^Color^80921^","Property in good standing","620 Rembrandt Court",6131103088,Mike,Upham,,MEMBER,07/10/2021,"620 Rembrandt Court^^Colorado Springs^CO^80921^","email: mau@col.hp.com",mau@col.hp.com,,05/28/1993,07/10/2021,36742,,No,Active,69160e99d5bd824f354811029,1,,mau@col.hp.com,,,,Yes,,719-332-6973,,
,Membership,,"310 Silver Rock Pl^^Colorado Springs^Color^80921^","Property in good standing","310 Silver Rock Pl",6206103058,Troy,Uehling,,MEMBER,07/10/2021,"310 Silver Rock Pl^^Colorado Springs^CO^80921^","Empty lot 719-337-3308",applefrog@gmail.com,,08/23/2018,11/26/2021,36742,,No,Active,51960e99d6124bfd619297683,1,,applefrog@gmail.com,,,,Yes,No,719-313-3534,Yes,
09/13/2026,Membership,,"14750 Cherry Hills Place^^Colorado Springs^Color^80921^","Property in good standing","14750 Cherry Hills Place",6131404008,Warren,Tustin,,MEMBER,07/10/2021,"14750 Cherry Hills Place^^Colorado Springs^CO^80921^",,info@nitsut.com,,09/22/2005,02/19/2023,36742,,No,Active,14860e99d510d710728558148,1,,info@nitsut.com,,No,No,Yes,No,719-598-1213,No,No
,Membership,,,,,,Jeane,Turner,,MEMBER^ADMINSECRETARY,07/10/2021,"14265 Westchester Dr^^Colorado Springs^CO^80921^",,jeaneturn@icloud.com,,06/05/2009,09/30/2026,36742,,No,Active,83860e99d43af39b141438882,1,,JeaneTurner,,Yes,No,Yes,No,,No,No
09/03/2023,Membership,,"14265 Westchester Dr^^Colorado Springs^Color^80921^","Property in good standing","14265 Westchester Dr",6206201102,Stephen,Turner,,MEMBER,07/10/2021,"14265 Westchester Dr^^Colorado Springs^CO^80921^","setusafa87@gmail.com
618-520-4401
steveandjeane@sbcglobal.net Old email",setusafa87@gmail.com,,06/05/2009,03/30/2023,36742,,No,Active,30960e99d43a8735840383082,1,,setusafa87@gmail.com,,No,No,Yes,No,618-520-4401,Yes,No
,Membership,,,,,,GCA,Treasurer,,ADMINSUB,08/11/2021,,,treasurer@gleneaglehoa.org,,08/11/2021,08/11/2021,36742,,No,Active,26561145c9140fc7447810237,1,,treasurer@gleneaglehoa.org,,,,Yes,,,,
,Membership,,"14350 Westchester Dr^^Colorado Springs^Color^80921^","Property in good standing","14350 Westchester Dr",6206204003,Steven,Traweek,,MEMBER,09/22/2025,"14350 Westchester Dr^^Colorado Springs^CO^80921^",,straweek@hotmail.com,12/31/2025,09/22/2025,10/14/2025,36742,,No,Expired,75168d16fc5908ab905873928,1,,straweek@hotmail.com,,,,Yes,,912-272-0102,No,
11/21/2021,Membership,,"20 Rangely Dr^^Colorado Springs^Color^80921^","Property Dues Delinquent","20 Rangely Dr",6131401009,Craig,Trask,,MEMBER,07/10/2021,"20 Rangely Dr^^Colorado Springs^CO^80921^","Added spouse e-mail 07/16/09",chtraskllc@gmail.com,,12/18/1996,07/10/2021,36742,,No,Active,76760e99d52b4670157226028,1,,chtraskllc@gmail.com,,,,Yes,,719-481-1336,,
08/01/2023,Membership,524,"14565 Gleneagle Dr^^Colorado Springs^Color^80921^","Property in good standing","14565 Gleneagle Dr",6131406007,Dale,Townsend,,MEMBER,07/10/2021,"14565 Gleneagle Dr^^Colorado Springs^CO^80921^",,detdst@gmail.com,,09/02/1997,07/10/2021,36742,,No,Active,92760e99d56b95aa565510419,1,,detdst@gmail.com,,,,Yes,,719-488-5680,,
,Membership,112,"14150 Gleneagle Dr^^Colorado Springs^Color^80921^","Property in good standing","14150 Gleneagle Dr",6206201071,Ed,Toner,,MEMBER,07/10/2021,"14150 Gleneagle Dr^^Colorado Springs^CO^80921^",,ed_toner@yahoo.com,,10/02/2000,09/15/2022,36742,,No,Active,29860e99d46bdf9e088750012,1,,ed_toner@yahoo.com,,No,No,Yes,No,719-314-6287,Yes,No
,Membership,,"14215 Gleneagle Dr^^Colorado Springs^Color^80921^","Property in good standing","14215 Gleneagle Dr",6206104022,Luann,Tomkinson,,MEMBER,07/10/2021,"14215 Gleneagle Dr^^Colorado Springs^CO^80921^","Alma Button is the grandmother who resides here with her daughter (Ms. Tompkinson) and grandchildren. Yes to GCA emails. Previously entered: Contact: Pastor Christopher Bateman Internet search shows ""John Cope"" as owner or resident ...",,,05/15/2020,04/15/2022,36742,,No,Active,89860e99d470efd6281946147,1,,LuannTompkinson,,,No,Yes,No,210-373-0398,No,No
10/12/2022,Membership,,"14130 Candlewood Court^^Colorado Springs^Color^80921^","Property in good standing","14130 Candlewood Court",6206104031,Stephen,Toldy,,MEMBER,07/10/2021,"14315 Granby Rd^^Colorado Springs^CO^80921^",,toldyme@aol.com,,06/06/1992,07/28/2021,36742,,No,Active,53760e99d47c15df065362453,1,,toldyme@aol.com,,,,Yes,,,,
06/11/2024,Membership,694,"15230 Diamondhead Court^^Colorado Springs^Color^80921^","Property in good standing","15230 Diamondhead Court",6131101115,Sandra,Titus,,MEMBER,07/10/2021,"15230 Diamondhead Court^^Colorado Springs^CO^80921^",,russelltitus@comcast.net,,08/13/1992,07/10/2021,36742,,No,Active,32160e99d5d58405735022894,1,,russelltitus@comcast.net,,,,Yes,,719-481-8648,,
,Membership,439,"85 Wuthering Heights Dr^^Colorado Springs^Color^80921^","Property in good standing","85 Wuthering Heights Dr",6131110055,Victor,Tise,,MEMBER,07/10/2021,"85 Wuthering Heights Dr^^Colorado Springs^CO^80921^",,vtmax@aol.com,,06/16/1999,07/10/2021,36742,,No,Active,62760e99d5364bf1068142602,1,,vtmax@aol.com,,,,Yes,,719-487-8098,,
06/22/2023,Membership,,"375 Pauma Valley Dr^^Colorado Springs^Color^80921^","Property in good standing","375 Pauma Valley Dr",6131408001,Tyler,Tidwell,,MEMBER,07/10/2021,"375 Pauma Valley Dr^^Colorado Springs^CO^80921^","tyler2142003@gmail.com
432-684-6037",tyler2142003@gmail.com,,09/07/2017,06/21/2023,36742,,No,Active,21160e99d4e502c2304985169,1,,tyler2142003@gmail.com,,No,No,Yes,No,432-684-6037,No,No
,Membership,,,,,,Gene,Thornton,,MEMBER,07/10/2021,"225 Doral Way^^Colorado Springs^CO^80921^",,grtatty@aol.com,,01/26/2015,07/10/2021,36742,,No,Active,24060e99d461530d787097662,1,,grtatty@aol.com,,,,Yes,,719-761-5450,,
,Membership,,"14150 Candlewood Court^^Colorado Springs^Color^80921^","Property in good standing","14150 Candlewood Court",6206104030,"Marvel L.",Thomson,,MEMBER,07/10/2021,"14150 Candlewood Court^^Colorado Springs^CO^80921^",,fthomson1@q.com,,03/31/2017,07/10/2021,36742,,No,Active,84360e99d47d4dfb925615653,1,,fthomson1@q.com,,,,Yes,,719-488-6746,,
,Membership,595,"340 Rangely Dr^^Colorado Springs^Color^80921^","Property in good standing","340 Rangely Dr",6131401008,Leslie,Thompson,,MEMBER,07/10/2021,"340 Rangely Dr^^Colorado Springs^CO^80921^",,ljt960@comcast.net,,07/10/2019,07/10/2021,36742,,No,Active,69060e99d5974274289688503,1,,ljt960@comcast.net,,,,Yes,,719-339-7051,,
,Membership,,"14410 River Oaks Dr^^Colorado Springs^Color^80921^","Property in good standing","14410 River Oaks Dr",6206201011,John,Thies,,MEMBER,07/10/2021,"14410 River Oaks Dr^^Colorado Springs^CO^80921^",,,,06/16/2022,07/08/2022,36742,,No,Active,60460e99d4a5fecc194498234,1,,JohnThies,,,No,Yes,No,,No,No
,Membership,,"14595 Westchester Dr^^Colorado Springs^Color^80921^","Property in good standing","14595 Westchester Dr",6131303057,Rodger,Tennant,,MEMBER,08/13/2025,"14595 Westchester Dr.^^Colorado Springs^CO^80921^",,rodgertennant@gmail.com,12/31/2025,08/13/2025,08/14/2025,36742,,No,Expired,511689cd11b9ba38042363616,1,,rodgertennant@gmail.com,,,,No,,501-628-2852,No,
09/04/2023,Membership,,"14595 Westchester Dr^^Colorado Springs^Color^80921^","Property in good standing","14595 Westchester Dr",6131303057,Rodger,Tennant,,MEMBER,10/14/2021,"14595 Westchester Dr^^Colorado Springs^CO^80921^","Christy Tennant
christytennantrn@gmail.com
Primary Phone	501-628-2851",christytennantrn@gmail.com,,09/29/2021,09/04/2023,36742,,No,Active,8646168a51495720233199137,1,,christytennantrn@gmail.com,,No,No,No,No,,No,No
12/10/2024,Membership,,"14730 Cherry Hills Place^^Colorado Springs^Color^80921^","Property in good standing","14730 Cherry Hills Place",6131302038,Jim,Taylor,,MEMBER,07/10/2021,"14730 Cherry Hills Place^^Colorado Springs^CO^80921^",,jimann100@gmail.com,,09/02/1998,11/26/2021,36742,,No,Active,62160e99d50ed3d9285609912,1,,jimann100@gmail.com,,,,Yes,No,719-218-2614,Yes,
,Membership,,"14175 Candlewood Court^^Colorado Springs^Color^80921^","Property in good standing","14175 Candlewood Court",6206104003,Alexander,Taus,,MEMBER,05/30/2025,"14175 Candlewood Ct^^Colorado Springs^CO^80921^",,armytaus@gmail.com,12/31/2025,05/30/2025,06/12/2025,36742,,No,Expired,526683a344b2d129184371971,1,,armytaus@gmail.com,,,,No,,,No,
05/22/2022,Membership,,"235 Rangely Dr^^Colorado Springs^Color^80921^","Property in good standing","235 Rangely Dr",6131403005,Christopher,Tatka,,MEMBER,07/10/2021,"235 Rangely Dr^^Colorado Springs^CO^80921^",573-586-9316,chris.tatka@gmail.com,,03/18/2020,07/10/2021,36742,,No,Active,25960e99d52616ac514040424,1,,chris.tatka@gmail.com,,,,Yes,,573-586-9392,,
09/16/2026,Membership,58,"150 Huntington Beach Dr^^Colorado Springs^Color^80921^","Property in good standing","150 Huntington Beach Dr",6206201057,Elizabeth,Tansill,,MEMBER,07/10/2021,"PO Box 646^^Monument^CO^80132^",,btansill@gmail.com,,12/08/1999,04/15/2022,36742,,No,Active,46760e99d44c5203817121620,1,,btansill@gmail.com,,,No,Yes,No,719-310-5500,Yes,No
06/14/2023,Membership,,"14170 Gleneagle Dr^^Colorado Springs^Color^80921^","Property in good standing","14170 Gleneagle Dr",6206201073,Kevin,Tanner,,MEMBER,07/10/2021,"14170 Gleneagle Dr^^Colorado Springs^CO^80921^",,skicolo14@reagan.com,,11/13/2000,07/10/2021,36742,,No,Active,38260e99d46d1d9d776660884,1,,skicolo14@reagan.com,,,,Yes,,719-488-1298,,
05/07/2025,Membership,62,"185 Huntington Beach Dr^^Colorado Springs^Color^80921^","Property in good standing","185 Huntington Beach Dr",6206201062,"Aaron K",Tallman,,MEMBER,07/10/2021,"185 Huntington Beach Dr^^Colorado Springs^CO^80921^",,lindsayntallman@gmail.com,,12/23/2015,07/10/2021,36742,,No,Active,72360e99d44e6eab861305467,1,,lindsayntallman@gmail.com,,,,Yes,,618-520-5331,,
,Membership,,"13920 Westchester Dr^^Colorado Springs^Color^80921^","Property Dues Delinquent","13920 Westchester Dr",6206301006,"Eric and Melissa",Taimanglo,,MEMBER,07/10/2021,"13920 Westchester Dr^^Colorado Springs^CO^80921^",,,,12/13/2021,04/17/2023,36742,,No,Active,30760e99d5f48df8647500166,1,,EricTaimanglo,,No,No,No,No,,No,No
01/26/2026,Membership,670,"685 Rembrandt Court^^Colorado Springs^Color^80921^","Property in good standing","685 Rembrandt Court",6131103095,Samuel,Szarka,,MEMBER,07/10/2021,"685 Rembrandt Court^^Colorado Springs^CO^80921^",,sam.szarka@gmail.com,,12/07/2010,07/10/2021,36742,,No,Active,29560e99d5c6d077341762580,1,,sam.szarka@gmail.com,,,,Yes,,,,
09/04/2026,Membership,,"965 Wuthering Heights Dr^^Colorado Springs^Color^80921^","Property in good standing","965 Wuthering Heights Dr",6131106019,Chris,Swiontek,,MEMBER,07/10/2021,"965 Wuthering Heights Dr^^Colorado Springs^CO^80921^",,gleneaglehoa@chrisswiontek.com,,10/10/2012,07/10/2021,36742,,No,Active,74260e99d5dea18a653681083,1,,gleneaglehoa@chrisswiontek.com,,,,Yes,,,,
03/22/2023,Membership,,"15250 Renoir Place^^Colorado Springs^Color^80921^","Property in good standing","15250 Renoir Place",6131101101,Stephen,Swift,,MEMBER,07/10/2021,"15250 Renoir Place^^Colorado Springs^CO^80921^","New e-mail on April 27, 2009",stephenswift6@yahoo.com,,05/02/1996,07/10/2021,36742,,No,Active,76760e99d5adeab1370527409,1,,stephenswift6@yahoo.com,,,,Yes,,719-481-0710,,
08/10/2024,Membership,291,"14465 Gleneagle Dr^^Colorado Springs^Color^80921^","Property in good standing","14465 Gleneagle Dr",6206101006,Don,"Swetz II",,MEMBER,07/10/2021,"14465 Gleneagle Dr^^Colorado Springs^CO^80921^",,uscfan@gsf.org,,12/15/2006,07/10/2021,36742,,No,Active,46360e99d4da5513352290365,1,,uscfan@gsf.org,,,,Yes,,719-359-7098,,
10/18/2025,Membership,,"170 Huntington Beach Dr^^Colorado Springs^Color^80921^","Property Dues Delinquent","170 Huntington Beach Dr",6206201058,Kayla,Sweet,,MEMBER,07/10/2021,"170 Huntington Beach Dr^^Colorado Springs^CO^80921^",,kaysweet227@outlook.com,,05/16/2019,08/16/2021,36742,,No,Active,88760e99d44d2af1055027159,1,,Kaysweet227@outlook.com,,,,Yes,,,,
,Membership,,"190 Desert Inn Way^^Colorado Springs^Color^80921^","Property Dues Delinquent","190 Desert Inn Way",6131307021,Daniel,Swecker,,MEMBER,07/10/2021,"190 Desert Inn Way^^Colorado Springs^CO^80921^",,tsweck2068@yahoo.com,,11/25/2019,07/10/2021,36742,,No,Active,25260e99d543cc90369065140,1,,tsweck2068@yahoo.com,,,,Yes,,303-898-2064,,
08/22/2023,Membership,715,"985 Wuthering Heights Dr^^Colorado Springs^Color^80921^","Property in good standing","985 Wuthering Heights Dr",6131106021,Thomas,Surface,,MEMBER,07/10/2021,"985 Wuthering Heights Dr^^Colorado Springs^CO^80921^",,melissa.surface@comcast.net,,06/27/2000,07/10/2021,36742,,No,Active,47360e99d5e18dd9488784255,1,,melissa.surface@comcast.net,,,,Yes,,719-487-9696,,
09/11/2024,Membership,,"13940 Westchester Dr^^Colorado Springs^Color^80921^","Property in good standing","13940 Westchester Dr",6206301008,Morgan,Summers,,MEMBER,07/10/2021,"13940 Westchester Drive^^Colorado Springs^CO^80921^","morganlsummers1@gmail.com
Leocadio Esqueda
Greeted on 10/28/23",morganlsummers1@gmail.com,,08/02/2023,10/28/2023,36742,,No,Active,70960e99d5f7818e564831066,1,,morganlsummers1@gmail.com,,No,No,Yes,No,907-351-6818,No,No
,Membership,,"58 Huntington Beach Dr^^Colorado Springs^Color^80921^","Property in good standing","58 Huntington Beach Dr",6206201050,John,Suits,,MEMBER,07/10/2021,"58 Huntington Beach Dr^^Colorado Springs^CO^80921^",,coloradosuits@msn.com,,07/01/2007,11/26/2021,36742,,No,Active,90860e99d445f586533532605,1,,coloradosuits@msn.com,,,,Yes,No,719-495-9664,Yes,
05/23/2023,Membership,729,"440 Wuthering Heights Dr^^Colorado Springs^Color^80921^","Property in good standing","440 Wuthering Heights Dr",6131103082,Jacob,Stuart,,MEMBER,07/10/2021,"440 Wuthering Heights Dr^^Colorado Springs^CO^80921^","Jacob and Jennifer, list as J. Stuart in directory",jstuartj@yahoo.com,,01/28/2010,07/10/2021,36742,,No,Active,83260e99d5e8e3e4261563591,1,,jstuartj@yahoo.com,,,,Yes,,719-596-3202,,
,Membership,,"65 Wuthering Heights Dr^^Colorado Springs^Color^80921^","Property in good standing","65 Wuthering Heights Dr",6131104008,Thomas,Struve,,MEMBER,07/10/2021,"65 Wuthering Heights Dr^^Colorado Springs^CO^80921^",,,,05/15/2008,07/10/2021,36742,,No,Active,17160e99d534feba406055231,1,,ThomasStruve,,,,Yes,,719-439-4177,,
09/15/2026,Membership,,"230 Doral Way^^Colorado Springs^Color^80921^","Property in good standing","230 Doral Way",6206206003,Gordon,Streich,,MEMBER,08/11/2021,"230 Doral Way^^Colorado Springs^CO^80921^",,gstreich@outlook.com,,08/11/2021,09/30/2026,36742,,No,Active,46661143fe53b12b252766145,1,,gstreich@outlook.com,,No,No,Yes,No,303-588-6457,Yes,No
,Membership,,"50 Palm Springs Dr^^Colorado Springs^Color^80921^","Property in good standing","50 Palm Springs Dr",6131301004,Darci,Strecker,,MEMBER,07/10/2021,"50 Palm Springs Dr^^Colorado Springs^CO^80921^",,,,06/02/2017,07/10/2021,36742,,No,Active,46760e99d4f0c5eb035035016,1,,DarciStrecker,,,,Yes,,,,
12/06/2025,Membership,,"135 Rangely Dr^^Colorado Springs^Color^80921^","Property in good standing","135 Rangely Dr",6131301026,Deb,Stover,,MEMBER,12/08/2021,"135 Rangely Drive^^Colorado Springs^CO^80921^","Flowers delivered 6/26/22",deb@debstover.com,,12/08/2021,07/26/2022,36742,64d32c059c0fa.jpeg,No,Active,29261b0b22cde862458343536,1,,debstover,,,No,Yes,No,719-229-3860,No,No
05/30/2023,Membership,102,"310 Doral Way^^Colorado Springs^Color^80921^","Property Dues Delinquent","310 Doral Way",6206104019,Ryan,Stout,,MEMBER,07/10/2021,"310 Doral Way^^Colorado Springs^CO^80921^",,ryan.w.stout@gmail.com,,06/08/2016,07/10/2021,36742,,No,Active,67960e99d467a965829087764,1,,ryan.w.stout@gmail.com,,,,Yes,,303-909-5915,,
,Membership,,"425 Cherry Hills Way^^Colorado Springs^Color^80921^","Property in good standing","425 Cherry Hills Way",6131406004,Marty,Stoehr,,MEMBER,07/10/2021,"425 Cherry Hills Way^^Colorado Springs^CO^80921^",,glen46@centurylink.net,,02/01/1987,07/10/2021,36742,,No,Active,74460e99d56e2009600668942,1,,glen46@centurylink.net,,,,Yes,,719-481-2220,,
04/24/2025,Membership,,"40 Huntington Beach Dr^^Colorado Springs^Color^80921^","Property in good standing","40 Huntington Beach Dr",6206201048,Casey,Stewart,,MEMBER,07/10/2021,"40 Huntington Beach Dr^^Colorado Springs^CO^80921^","3/26/2018: received reports of numerous out-of-state vehicles and people milling around neighborhood.  Neighbor provided evidence of the property being used to operate a bed and breakfast (AirBNB)in violation of Section 102 of Covenants (plus numerous other violations).  Enforcement actions initiated 28 Mar 2018.
cdsmd104@yahoo.com",cdsmd104@yahoo.com,,12/01/2022,03/03/2023,36742,,No,Active,40960e99d444b085638451138,1,,cdsmd104@yahoo.com,,No,No,No,No,479-629-4095,No,No
08/29/2026,Membership,,"14505 Westchester Dr^^Colorado Springs^Color^80921^","Property in good standing","14505 Westchester Dr",6206201017,James,Stewart,,MEMBER,07/10/2021,"14505 Westchester Dr^^Colorado Springs^CO^80921^",,valsatcamp@gmail.com,,08/12/2019,09/12/2022,36742,,No,Active,81260e99d49578ac704126051,1,,valsatcamp@gmail.com,,No,No,Yes,No,929-888-4123,No,No
,Membership,689,"920 Wuthering Heights Dr^^Colorado Springs^Color^80921^","Property in good standing","920 Wuthering Heights Dr",6131103066,Joe,Stevens,,MEMBER,07/10/2021,"920 Wuthering Heights Dr^^Colorado Springs^CO^80921^","likelyspam123@yahoo.com
Primary Phone	719-639-0332
old email: joe.stevens2009@yahoo.com",likelyspam123@yahoo.com,,08/04/2000,11/20/2023,36742,,No,Active,45460e99d5d2e188991009970,1,,likelyspam123@yahoo.com,,No,No,Yes,No,719-639-0332,No,No
,Membership,,"30 Palm Springs Dr^^Colorado Springs^Color^80921^","Property in good standing","30 Palm Springs Dr",6131301034,Michelle,Stevens,,MEMBER,04/09/2024,"30 PALM SPRINGS DR^^COLORADO SPRINGS^CO^80921-2660^",,proverb16.24@hotmail.com,12/31/2024,04/09/2024,04/09/2024,36742,,No,Expired,64366162ec6c9550087288196,1,,proverb16.24@hotmail.com,,,,No,,719-339-0195,No,
02/02/2026,Membership,329,"30 Palm Springs Dr^^Colorado Springs^Color^80921^","Property in good standing","30 Palm Springs Dr",6131301034,Rick,Stevens,,MEMBER,07/10/2021,"30 Palm Springs Dr^^Colorado Springs^CO^80921^","5.23.15: Rcvd title and WD
proverb16.24@hotmail.com
rick.stevens.colorado@gmail.com
719-339-0195",rick.stevens.colorado@gmail.com,,07/22/2019,03/10/2023,36742,,No,Active,18660e99d4ef2933600099403,1,,rick.stevens.colorado@gmail.com,,No,No,Yes,No,719-339-0196,No,No
,Membership,410,"175 Rangely Dr^^Colorado Springs^Color^80921^","Property in good standing","175 Rangely Dr",6131301028,"Walter J",Steppenbacker,,MEMBER,07/10/2021,"175 Rangely Dr^^Colorado Springs^CO^80921^",,wsteppenbacker@gmail.com,,12/05/2016,07/10/2021,36742,,No,Active,67960e99d5230ff8695121232,1,,wsteppenbacker@gmail.com,,,,Yes,,719-377-0512,,
06/02/2026,Membership,,"14235 Gleneagle Dr^^Colorado Springs^Color^80921^","Property in good standing","14235 Gleneagle Dr",6206104024,Edmund,Stegner,,MEMBER,07/10/2021,"14235 Gleneagle Dr^^Colorado Springs^CO^80921^","ejsiii@yahoo.com
wrigley944@yahoo.com
719-368-7743",ejsiii@yahoo.com,,06/26/2014,08/12/2023,36742,,No,Active,91960e99d473b8a8368118694,1,,ejsiii@yahoo.com,,No,No,Yes,No,312-437-7934,No,No
,Membership,,"14575 Westchester Dr^^Colorado Springs^Color^80921^","Property in good standing","14575 Westchester Dr",6131303013,Stephen,Steele,,MEMBER,07/10/2021,"14575 Westchester Dr^^Colorado Springs^CO^80921^",,mugsandcasey@gmail.com,,09/04/1992,07/10/2021,36742,,No,Active,25660e99d4a195aa811557900,1,,mugsandcasey@gmail.com,,,,Yes,,719-481-8156,,
08/16/2023,Membership,,,,,,,"Stapley Family Trust",,MEMBER,03/28/2022,"14149 Stone Eagle Place^^Colorado Springs^CO^80921^",,,12/31/2022,09/06/2023,10/04/2023,36742,,No,Expired,316624233c2de0a5385392078,1,,StapleyFa,,No,No,No,No,,No,No
03/20/2024,Membership,,"14149 Stone Eagle Place^^Colorado Springs^Color^80921^","Property in good standing","14149 Stone Eagle Place",6206201132,"Marc & Louise",Stapley,,MEMBER,03/20/2024,"14149 Stone Eagle Place^^Colorado Springs^CO^80921^",,uk.louises@gmail.com,12/31/2024,03/20/2024,03/20/2024,36742,,No,Expired,94465fb3b65295fc995399787,1,,uk.louises@gmail.com,,,,Yes,,908-752-3713,No,
10/15/2025,Membership,,"130 Wuthering Heights Dr^^Colorado Springs^Color^80921^","Property in good standing","130 Wuthering Heights Dr",6131206069,Ann,Stanley,,MEMBER,09/30/2025,"130 Wuthering Heights Dr^^Colorado Springs^CO^80921^",,ann80921@gmail.com,12/31/2025,09/30/2025,10/14/2025,36742,,No,Expired,36468dc6f6010712475976854,1,,ann80921@gmail.com,,,,No,,719-330-7044,No,
03/01/2024,Membership,,"130 Wuthering Heights Dr^^Colorado Springs^Color^80921^","Property in good standing","130 Wuthering Heights Dr",6131206069,Patrick,Stanley,,MEMBER,07/10/2021,"130 Wuthering Heights Dr^^Colorado Springs^CO^80921^","2.23.15: Added email address
pat80925@windowslive.com",pat80925@windowslive.com,,08/07/2014,03/24/2023,36742,,No,Active,71360e99d557562b382143661,1,,pat80925@windowslive.com,,No,No,Yes,No,719-244-5118,No,No
,Membership,,"15034 LaJolla Place^^Colorado Springs^Color^80921^","Property in good standing","15034 LaJolla Place",,Phillip,Spry,,MEMBER,07/10/2021,"15034 LaJolla Place^^Colorado Springs^CO^80921^",,,,04/13/1992,07/10/2021,36742,,No,Active,28760e99d54d984d524557151,1,,PhillipSpry,,,,Yes,,719-488-2431,,
,Membership,,"14195 Gleneagle Dr^^Colorado Springs^Color^80921^","Property in good standing","14195 Gleneagle Dr",6206104047,Krista,Spear,,MEMBER,07/10/2021,"2546 Countryside Drive^^Fairborn^OH^45324^","2546 COUNTRYSIDE DR
Fairborn, OH 45324",janea.derek@gmail.com,,06/28/2019,11/15/2023,36742,,No,Active,21560e99d606b064550131898,1,,janea.derek@gmail.com,,No,No,Yes,No,580-747-4510,No,No
07/05/2026,Membership,480,"15041 LaJolla Place^^Colorado Springs^Color^80921^","Property in good standing","15041 LaJolla Place",,Silvana,"Souza Nunes",,MEMBER,07/10/2021,"15041 LaJolla Place^^Colorado Springs^CO^80921^",,realestate4people@gmail.com,,06/12/2020,07/10/2021,36742,,No,Active,74260e99d54e73d7775096843,1,,RealEstate4people@gmail.com,,,,Yes,,720-280-0171,,
08/26/2026,Membership,,"135 Desert Inn Way^^Colorado Springs^Color^80921^","Property in good standing","135 Desert Inn Way",6131309025,carrie,Solano,,MEMBER,01/07/2026,"135 Desert Inn Way^^Colorado Springs^CO^80921-2643^",,carrieasolano@gmail.com,12/31/2026,01/07/2026,01/11/2026,36742,,No,Active,160695ef0eec5296305225936,1,,carrieasolano@gmail.com,,,,Yes,,719-424-6154,No,
,Membership,,"135 Desert Inn Way^^Colorado Springs^Color^80921^","Property in good standing","135 Desert Inn Way",6131309025,Carrie,Solano,,MEMBER,08/26/2026,"135 Desert Inn Way^^COLORADO SPRINGS^CO^80921^",,bagdini@gmail.com,,08/26/2026,08/27/2026,36742,,No,Active,8296a8fb6cd40532335023654,1,,bagdini@gmail.com,,,,No,,719-424-6154,No,
,Membership,,"135 Desert Inn Way^^Colorado Springs^Color^80921^","Property in good standing","135 Desert Inn Way",6131309025,Cosmo,Solano,,MEMBER,08/26/2026,"135 Desert Inn Way^^Colorado Springs^CO^80921-2643^",,cosmosolano@gmail.com,,08/26/2026,09/05/2026,36742,,No,Active,8156a8f80e064937596698719,1,,cosmosolano@gmail.com,,,,No,,719-659-4901,No,
03/22/2022,Membership,19,"14140 Westchester Dr^^Colorado Springs^Color^80921^","Property in good standing","14140 Westchester Dr",6206204011,Alyson,Smith,,MEMBER,07/10/2021,"14140 Westchester Dr^^Colorado Springs^CO^80921^",,asmith489@tampabay.rr.com,,03/02/2020,07/10/2021,36742,,No,Active,43160e99d4331851968708155,1,,asmith489@tampabay.rr.com,,,,Yes,,719-209-2810,,
,Membership,103,"325 Doral Way^^Colorado Springs^Color^80921^","Property in good standing","325 Doral Way",6206104015,Carolyn,Smith,,MEMBER,07/10/2021,"325 Doral Way^^Colorado Springs^CO^80921^",,,,08/03/1995,07/10/2021,36742,,No,Active,17460e99d4681a57590520847,1,,CarolynSmith,,,,Yes,,719-481-1877,,
09/11/2026,Membership,,"14055 Gleneagle Dr^^Colorado Springs^Color^80921^","Property in good standing","14055 Gleneagle Dr",6206205005,Daniel,Smith,,MEMBER,07/10/2021,"14055 Gleneagle Dr^^Colorado Springs^CO^80921^",06/17/2019,dlsmms@reagan.com,,06/19/2019,07/10/2021,36742,,No,Active,41260e99d453c209560201938,1,,DLSMMS@reagan.com,,,,Yes,,,,
,Membership,26,"14225 Westchester Dr^^Colorado Springs^Color^80921^","Property in good standing","14225 Westchester Dr",6206201029,Michael,Smith,,MEMBER,07/10/2021,"14225 Westchester Drive^^Colorado Springs^CO^80921^","dues notice returned, sent to 14225 Westchester?",,,12/27/2019,07/12/2022,36742,,No,Active,64060e99d437dfc7212426149,1,,2b5782a7afb311ec8c50246e967886f8,,,No,Yes,No,,No,No
03/21/2023,Membership,683,"875 Wuthering Heights Dr^^Colorado Springs^Color^80921^","Property in good standing","875 Wuthering Heights Dr",6131110056,Scott,Smith,,MEMBER,07/10/2021,"875 Wuthering Heights Dr^^Colorado Springs^CO^80921^",,smitty9199@aol.com,,01/01/1992,07/10/2021,36742,,No,Active,10160e99d5cd5e11705087607,1,,smitty9199@aol.com,,,,Yes,,719-237-3575,,
02/03/2025,Membership,320,"145 Pauma Valley Dr^^Colorado Springs^Color^80921^","Property in good standing","145 Pauma Valley Dr",6131303005,Spencer,Smith,,MEMBER,07/10/2021,"145 Pauma Valley Dr^^Colorado Springs^CO^80921^",,spen@pobox.com,,07/22/2020,06/18/2023,36742,,No,Active,80960e99d4eae3da565187316,1,,spen@pobox.com,,,,Yes,,719-331-8411,No,
,Membership,547,"14785 Latrobe Dr^^Colorado Springs^Color^80921^","Property Dues Delinquent","14785 Latrobe Dr",6131402033,Theodore,Smith,,MEMBER,07/10/2021,"14785 Latrobe Dr^^Colorado Springs^CO^80921^",,theodore.e.smith@gmail.com,,11/15/2019,04/23/2026,36742,,No,Active,46860e99d57b47d4795452708,1,,theodore.e.smith@gmail.com,,,,Yes,,720-934-4151,,
,Membership,,"14515 River Oaks Dr^^Colorado Springs^Color^80921^","Property in good standing","14515 River Oaks Dr",6131305001,Thomas,Smith,,MEMBER,07/10/2021,"14515 River Oaks Dr^^Colorado Springs^CO^80921^","removed bad email jameseoconnor@earthlink.net - jevans 9/16/2012 added email - jevans 5/6/2013 House for sale - pmarine 4/26/16",bettyesm1@yahoo.com,,12/10/2017,07/10/2021,36742,,No,Active,98660e99d4b0ec36637087242,1,,bettyesm1@yahoo.com,,,,Yes,,719-687-1380,,
,Membership,279,"14550 Latrobe Dr^^Colorado Springs^Color^80921^","Property in good standing","14550 Latrobe Dr",6131406017,Troy,Smith,,MEMBER,07/10/2021,"14550 Latrobe Dr^^Colorado Springs^CO^80921^",,troysmith719@gmail.com,,03/04/2020,07/10/2021,36742,,No,Active,12660e99d4d1b91f588178370,1,,troysmith719@gmail.com,,,,Yes,,719-964-2588,,
01/07/2026,Membership,,"210 Scottsdale Dr^^Colorado Springs^Color^80921^","Property in good standing","210 Scottsdale Dr",6206203005,William,Smith,,MEMBER,09/19/2021,"210 Scottsdale Drive^^Colorado Springs^CO^80921^",,smithfarmlivestock@gmail.com,,08/05/2021,10/14/2021,36742,,No,Active,603614760380e380939822389,1,,smithfarmlivestock@gmail.com,,,,Yes,,435-279-0548,,
03/20/2023,Membership,,"365 Doral Way^^Colorado Springs^Color^80921^","Property in good standing","365 Doral Way",6206104012,Michael,Smiley,,MEMBER,07/10/2021,"365 Doral Way^^Colorado Springs^CO^80921^",,mmsmiley@comcast.net,,06/19/2009,07/10/2021,36742,,No,Active,37160e99d46aa328911791980,1,,mmsmiley@comcast.net,,,,Yes,,719-592-9134,,
09/13/2026,Membership,,"765 Wuthering Heights Dr^^Colorado Springs^Color^80921^","Property in good standing","765 Wuthering Heights Dr",6131101073,Marty,Slivka,,MEMBER,07/10/2021,"765 Wuthering Heights Dr^^Colorado Springs^CO^80921^","8.9.15: eml asking for pmt plan, financial hardship. 7-mth pmt plan without late fees offered. SEN",mslivka@usa.net,,09/11/1986,07/10/2021,36742,,No,Active,65260e99d5b9a884035820090,1,,mslivka@usa.net,,,,Yes,,719-330-9688,,
06/01/2024,Membership,,"190 Palm Springs Dr^^Colorado Springs^Color^80921^","Property in good standing","190 Palm Springs Dr",6131301008,Jonathon,Slater,,MEMBER,07/10/2021,"190 Palm Springs Dr^^Colorado Springs^CO^80921^","8.9.15: Pd past due. Unpaid late fees of $45 13/14/15.",slater6845@yahoo.com,,07/01/2022,08/06/2022,36742,,No,Active,46460e99d4fd9891610538280,1,,slater6845@yahoo.com,,,No,Yes,No,951-842-1049,No,No
,Membership,,"15005 Hilton Head Court^^Colorado Springs^Color^80921^","Property in good standing","15005 Hilton Head Court",6131104017,Duane,Slaman,,MEMBER,07/10/2021,"15005 Hilton Head Court^^Colorado Springs^CO^80921^",,slaman5@msn.com,,01/02/2003,07/10/2021,36742,,No,Active,46660e99d5eebfe5349997436,1,,slaman5@msn.com,,,,Yes,,719-481-1407,,
04/07/2023,Membership,,"14510 River Oaks Dr^^Colorado Springs^Color^80921^","Property in good standing","14510 River Oaks Dr",6131303028,Gurdeep,Singh,"Yagnaram Singh",MEMBER,07/10/2021,"14510 River Oaks Dr^^Colorado Springs^CO^80921^","2009 Annual Dues Assesment $265.45. Lien (Placed 5-09-08 for $135.53) will be removed when all dues and fees are paid.
7/5/22  Elizabeth Loring is also owner along with Gurdeep & Yagnaram Singh
14510riveroaksdrive@gmail.com
Old email: puppetsingh@gmail.com
612-708-5398",14510riveroaksdrive@gmail.com,,02/14/2011,03/29/2023,36742,,No,Active,12160e99d4b012ed221524566,1,,14510riveroaksdrive@gmail.com,,No,No,Yes,No,612-708-5398,No,No
,Membership,,"90 Huntington Beach Dr^^Colorado Springs^Color^80921^","Property in good standing","90 Huntington Beach Dr",6206201060,Gregg,Singer,,MEMBER,07/10/2021,"90 Huntington Beach Dr^^Colorado Springs^CO^80921^","Add $25 fee for information provided for VA project questioneer on 9/25/09, completed by Art Nielsen.  Due at closing.",gjsinger@earthlink.net,,03/18/1998,07/10/2021,36742,,No,Active,17160e99d448e9e2153775241,1,,gjSinger@earthlink.net,,,,Yes,,719-203-4141,,
,Membership,,"14585 Gleneagle Dr^^Colorado Springs^Color^80921^","Property in good standing","14585 Gleneagle Dr",6131406006,Stuart,Sims,,MEMBER,07/10/2021,"14585 Gleneagle Dr^^Colorado Springs^CO^80921^",,stuartsims1@aol.com,,10/01/1993,07/08/2022,36742,,No,Active,14460e99d56c08f8398505093,1,,stuartsims1@aol.com,,,No,Yes,No,719-488-3028,No,No
06/23/2023,Membership,,"430 Cherry Hills Way^^Colorado Springs^Color^80921^","Property in good standing","430 Cherry Hills Way",6131405008,Don,Simpson,,MEMBER,07/10/2021,"430 Cherry Hills Way^^Colorado Springs^CO^80921^",,d_k_simpson@msn.com,,06/09/1992,07/10/2021,36742,,No,Active,19160e99d56ef433020540040,1,,D_K_Simpson@msn.com,,,,Yes,,719-481-4833,,
08/12/2021,Membership,,,,,,Jerome,Simpson,,MEMBER,07/10/2021,"350 Pauma Valley Dr^^Colorado Springs^CO^80921^",,jsimpson@asd20.org,,07/12/1993,04/06/2022,36742,,No,Active,73060e99d4e33d47034282698,1,,jsimpson@asd20.org,,,No,Yes,No,719-331-2886,Yes,No
04/10/2023,Membership,,"350 Pauma Valley Dr^^Colorado Springs^Color^80921^","Property in good standing","350 Pauma Valley Dr",6131302028,Jerome,Simpson,,MEMBER,07/15/2022,"350 Pauma Valley Dr.^^Colorado Springs^CO^80921^",,jeromevangogh@gmail.com,12/31/2022,07/15/2022,07/17/2022,36742,,No,Expired,15262d165c178876150654992,1,,jeromevangogh@gmail.com,,,,Yes,,719-331-2886,No,
06/09/2025,Membership,,"14320 Westchester Dr^^Colorado Springs^Color^80921^","Property in good standing","14320 Westchester Dr",6206204004,"Tom L",Simpson,,MEMBER,07/10/2021,"14320 Westchester Dr^^Colorado Springs^CO^80921^",,redfeather327@gmail.com,,03/04/2016,07/10/2021,36742,,No,Active,24560e99d43cac59240119349,1,,Redfeather327@gmail.com,,,,Yes,,719-573-0602,,
,Membership,155,"230 Scottsdale Dr^^Colorado Springs^Color^80921^","Property in good standing","230 Scottsdale Dr",6206203007,Ingrid,Silva,,MEMBER,07/10/2021,"230 Scottsdale Dr^^Colorado Springs^CO^80921^","Will Griffith lives with Ingrid....do not think he has any ownership in home but listed him & e-mail for contact purposes only. He has his own phone also.....481-8590...Bill Carroll - 7/22/09. Per Will, removed his e-mail address on 03-22-10.",ingrideileensilva@gmail.com,,05/12/2004,07/10/2021,36742,,No,Active,36860e99d4858e1e790866164,1,,ingrideileensilva@gmail.com,,,,Yes,,719-481-8590,,
08/03/2023,Membership,,"14120 Candlewood Court^^Colorado Springs^Color^80921^","Property in good standing","14120 Candlewood Court",6206104032,Lambert,Sikkema,,MEMBER,02/22/2022,"14120 Candlewood Ct^^Colorado Springs^CO^80921^",,pauldsikkema@gmail.com,,10/12/2021,03/28/2022,36742,,Yes,Active,88162156c134417c096204696,1,,pauldsikkema@gmail.com,,,No,Yes,No,719-466-1590,No,No
05/05/2026,Membership,,"910 Wuthering Heights Dr^^Colorado Springs^Color^80921^","Property in good standing","910 Wuthering Heights Dr",6131103065,Kevin,Siegrist,,MEMBER,03/22/2026,"910 Wuthering Heights Dr^^Colorado Springs^CO^80921^",,k.siegrist.02@gmail.com,12/31/2026,03/22/2026,03/25/2026,36742,,No,Active,47169c098095caef353648778,1,,k.siegrist.02@gmail.com,,,,No,,912-224-8237,No,
,Membership,,"14735 Gleneagle Dr^^Colorado Springs^Color^80921^","Property in good standing","14735 Gleneagle Dr",6131405004,Rebecca,Shwen,,MEMBER,02/22/2022,"14735 Gleneagle Drive^^Colorado Springs^CO^80921^",,,,07/01/2021,02/22/2022,36742,,Yes,Active,62562157329b892d416817429,1,,RebeccaShwen,,,No,No,No,,No,No
10/13/2025,Membership,,"375 Mission Hill Way^^Colorado Springs^Color^80921^","Property in good standing","375 Mission Hill Way",6206103059,Cristen,Shinbashi,,MEMBER,03/29/2022,"375 Mission Hill Way^^Colorado Springs^CO^80921^",,cshinbashi@stanford.edu,,03/18/2022,06/23/2022,36742,,No,Active,7916243a13e97550267417994,1,,CristenShinbashi,,,No,Yes,No,650-212-3800,No,No
,Membership,,"615 Wuthering Heights Dr^^Colorado Springs^Color^80921^","Property in good standing","615 Wuthering Heights Dr",6131101062,Todd,Sherman,,MEMBER,07/10/2021,"615 Wuthering Heights Dr^^Colorado Springs^CO^80921^",,tandgsherman@msn.com,,01/02/1987,07/10/2021,36742,,No,Active,28660e99d5a6b9f1380392462,1,,tandgsherman@msn.com,,,,Yes,,719-488-0106,,
,Membership,,"14550 River Oaks Dr^^Colorado Springs^Color^80921^","Property in good standing","14550 River Oaks Dr",6131303064,Peggy,Sherick,,MEMBER,10/23/2025,"14550 River Oaks Dr^^Colorado Springs^CO^80922^",,pegansherick@gmail.com,12/31/2025,10/23/2025,10/27/2025,36742,,No,Expired,96868fa43ac992dd693840330,1,,Pegansherick@gmail.com,,,,No,,615-403-7374,No,
01/26/2026,Membership,,"14550 River Oaks Dr^^Colorado Springs^Color^80921^","Property in good standing","14550 River Oaks Dr",6131303064,Peggy,Sherick,,MEMBER,07/10/2021,"14550 River Oaks Dr^^Colorado Springs^CO^80921^","This is a legally combined lot with 14540 River Oaks Dr. New e-mail on 06-07-10 - Bill Carroll jevans 1/3/2012 - removed bad email",alsherick@live.com,,09/03/2020,07/10/2021,36742,,No,Active,62860e99d4b6a922918171845,1,,Alsherick@live.com,,,,Yes,,615-400-5407,,
02/07/2023,Membership,,"14160 Stone Eagle Place^^Colorado Springs^Color^80921^","Property in good standing","14160 Stone Eagle Place",6206201127,Mimi,Shekoski,,MEMBER,07/10/2021,"14160 Stone Eagle Place^^Colorado Springs^CO^80921^","the Summit at Gleneagle",mimi.shekoski@comcast.net,,03/10/2020,03/25/2022,36742,623e94bdeadd0.png,No,Active,20760e99d618fd23312357400,1,,mimi.shekoski@comcast.net,,,No,Yes,No,815-354-8856,No,No
12/18/2023,Membership,,"14615 Latrobe Dr^^Colorado Springs^Color^80921^","Property in good standing","14615 Latrobe Dr",6131402048,Gary,Sheffield,,MEMBER,03/12/2022,"14615 Latrobe Dr^^Colorado Springs^CO^80921^",,thegkjbsheffs@gmail.com,12/31/2023,03/12/2022,07/06/2023,36742,64a70adfae01f.jpeg,No,Expired,516622d3730bbf12739054700,1,,thegkjbsheffs@gmail.com,,,No,Yes,No,719-321-4060,Yes,No
03/18/2026,Membership,732,"475 Wuthering Heights Dr^^Colorado Springs^Color^80921^","Property in good standing","475 Wuthering Heights Dr",6131104003,Joel,Sharratt,,MEMBER,07/10/2021,"735 Brittany Lane^^Saint Louis^MO^63130^",tjsharratt@gmail.com,tjsharratt@gmail.com,,03/22/2012,03/21/2023,36742,,No,Active,73460e99d5eaf953715870758,1,,tjsharratt@gmail.com,,No,No,Yes,No,443-699-6897,No,No
02/04/2025,Membership,,"14285 Westchester Dr^^Colorado Springs^Color^80921^","Property in good standing","14285 Westchester Dr",6206201099,Jeffrey,Sharpe,,MEMBER,07/10/2021,"14285 Westchester Dr^^Colorado Springs^CO^80921^",,jeff.sharpe1@gmail.com,,09/30/2019,07/10/2021,36742,,No,Active,79960e99d43bcebf939679166,1,,jeff.sharpe1@gmail.com,,,,Yes,,240-494-6672,,
05/01/2025,Membership,321,"150 Pauma Valley Dr^^Colorado Springs^Color^80921^","Property in good standing","150 Pauma Valley Dr",6131302020,Benjamin,Shanks,,MEMBER,07/10/2021,"150 Pauma Valley Dr^^Colorado Springs^CO^80921^","helpmeshipit@gmail.com
541-500-9947
lovegranola@yahoo.com",helpmeshipit@gmail.com,,06/15/2022,03/24/2023,36742,,No,Active,34860e99d4eb5438565863097,1,,helpmeshipit@gmail.com,,No,No,Yes,No,541-601-8817,No,No
05/21/2024,Membership,,"175 Palm Springs Dr^^Colorado Springs^Color^80921^","Property in good standing","175 Palm Springs Dr",6131302006,Terry,Shampoe,,MEMBER,07/10/2021,"175 Palm Springs Dr^^Colorado Springs^CO^80921^","JE: removed bounced email 12/6/2014",shampoe@yahoo.com,,05/03/2001,07/10/2021,36742,,No,Active,78860e99d4fcbcf7773407311,1,,shampoe@yahoo.com,,,,Yes,,719-481-3046,,
08/29/2026,Membership,,"585 Rangely Dr^^Colorado Springs^Color^80921^","Property in good standing","585 Rangely Dr",6131402022,Walter,Sexauer,,MEMBER,07/10/2021,"585 Rangely Dr^^Colorado Springs^CO^80921^",,friendofbees@protonmail.com,,08/26/1996,07/10/2021,36742,,No,Active,95160e99d5a1cc8f475306346,1,,friendofbees@protonmail.com,,,,Yes,,719-325-8752,,
01/03/2025,Membership,177,"14465 Westchester Dr^^Colorado Springs^Color^80921^","Property in good standing","14465 Westchester Dr",6206201019,Eric,Seremet,,MEMBER,07/10/2021,"14465 Westchester Dr^^Colorado Springs^CO^80921^",,epseremet@yahoo.com,,12/17/2010,07/10/2021,36742,,No,Active,58660e99d492b3c8059171488,1,,epseremet@yahoo.com,,,,Yes,,,,
,Membership,,"14155 Gleneagle Dr^^Colorado Springs^Color^80921^","Property in good standing","14155 Gleneagle Dr",6206206007,margaret,senanayake,,MEMBER,08/03/2025,"14155 Gleneagle dr^^Colorado Springs^CO^80921^",,greenpeg2021@gmail.com,12/31/2025,08/03/2025,08/04/2025,36742,,No,Expired,920688ff55af2195934692933,1,,greenpeg2021@gmail.com,,,,No,,203-832-9008,No,
,Membership,53,"105 Huntington Beach Dr^^Colorado Springs^Color^80921^","Property in good standing","105 Huntington Beach Dr",6206201066,Larry,Selman,,MEMBER,07/10/2021,"105 Huntington Beach Dr^^Colorado Springs^CO^80921^","7193145743 - Angie",lselman@centurylink.net,,05/30/2017,07/10/2021,36742,,No,Active,19260e99d449be5d135528019,1,,lselman@centurylink.net,,,,Yes,,,,
11/02/2021,Membership,,"680 Rembrandt Court^^Colorado Springs^Color^80921^","Property in good standing","680 Rembrandt Court",6131103094,"Christopher & Jessica",Selby,Shanna,MEMBER,10/28/2021,"680 Rembrandt Ct^^Colorado Springs^CO^80921^","Greeted: 10/15/23",jessi.jamerson@gmail.com,,07/12/2023,10/15/2023,36742,,No,Active,404617a68dd55819517768763,1,,ChristopherSelby,,No,No,Yes,No,303-502-0917,No,No
11/18/2023,Membership,,"745 Wuthering Heights Dr^^Colorado Springs^Color^80921^","Property in good standing","745 Wuthering Heights Dr",6131101071,Todd,Seidenberg,,MEMBER,07/10/2021,"745 Wuthering Heights Dr^^Colorado Springs^CO^80921^",,todd.seidenberg@gmail.com,,05/01/2005,07/10/2021,36742,,No,Active,46860e99d5b7280c130785866,1,,todd.seidenberg@gmail.com,,,,Yes,,719-481-5683,,
08/12/2021,Membership,,"245 Palm Springs Dr^^Colorado Springs^Color^80921^","Property in good standing","245 Palm Springs Dr",6131302003,Kelly,Scriber,,MEMBER,07/10/2021,"245 Palm Springs Dr^^Colorado Springs^CO^80921^",,kscriber74@gmail.com,,06/20/2019,04/08/2022,36742,,No,Active,71260e99d5024d2a266030540,1,,kscriber74@gmail.com,,,No,Yes,No,719-465-2847,No,No
05/14/2024,Membership,690,"925 Wuthering Heights Dr^^Colorado Springs^Color^80921^","Property in good standing","925 Wuthering Heights Dr",6131110052,Brian,Scott,,MEMBER,07/10/2021,"925 Wuthering Heights Dr^^Colorado Springs^CO^80921^","JE: removed bounced email 12/6/2014 MS: new owners added per K. Deardorff 3/12/2015",brianscott1856@comcast.net,,03/11/2015,07/10/2021,36742,,No,Active,42460e99d5d35684180295616,1,,brianscott1856@comcast.net,,,,Yes,,719-243-3787,,
02/03/2026,Membership,687,"910 Wuthering Heights Dr^^Colorado Springs^Color^80921^","Property in good standing","910 Wuthering Heights Dr",6131103065,Kristin,Scott,,MEMBER,07/10/2021,"910 Wuthering Heights Dr^^Colorado Springs^CO^80921^","Added e-mail on 12/8/13 3.6.15: Name on check is Kristen Scott",scottkristin87@yahoo.com,,04/19/2013,07/10/2021,36742,,No,Active,44360e99d5d19c07615812016,1,,scottkristin87@yahoo.com,,,,Yes,,719-553-6397,,
09/19/2024,Membership,63,"190 Huntington Beach Dr^^Colorado Springs^Color^80921^","Property in good standing","190 Huntington Beach Dr",6206201060,Kevin,Schutz,,MEMBER,07/10/2021,"190 Huntington Beach Dr^^Colorado Springs^CO^80921^",,kevinwell@comcast.net,,06/14/2019,11/26/2021,36742,,No,Active,83760e99d44ee1b1462525357,1,,Kevinwell@comcast.net,,,,Yes,No,970-690-5869,Yes,
03/21/2023,Membership,,"150 Wuthering Heights Dr^^Colorado Springs^Color^80921^","Property in good standing","150 Wuthering Heights Dr",6131206071,Brian,Schumann,,MEMBER,07/10/2021,"150 Wuthering Heights Dr^^Colorado Springs^CO^80921^","JE: removed bounced spouse email togax1@hotmail.com 7/18/2015",dogaxl@hotmail.com,,08/22/1989,07/10/2021,36742,,No,Active,96960e99d558a17d834874413,1,,dogaxl@hotmail.com,,,,Yes,,719-488-3387,,
,Membership,,"220 Palm Springs Dr^^Colorado Springs^Color^80921^","Property in good standing","220 Palm Springs Dr",6131301035,Jack,Schuler,,MEMBER,07/10/2021,"220 Palm Springs Dr^^Colorado Springs^CO^80921^","Legally Combined with 210 Palm Springs",jackandkathi@gmail.com,,09/25/1995,07/10/2021,36742,,No,Active,30160e99d50027b7561663880,1,,jackandkathi@gmail.com,,,,Yes,,719-481-3348,,
,Membership,,"14184 Stone Eagle Place^^Colorado Springs^Color^80921^","Property in good standing","14184 Stone Eagle Place",6206201129,James,Schrock,,MEMBER,07/10/2021,"14184 Stone Eagle Place^^Colorado Springs^CO^80921^","the Summit at Gleneagle",,,05/28/2021,07/10/2021,36742,,No,Active,59060e99d61b13a5024606180,1,,JamesSchrock,,,,Yes,,,,
12/01/2025,Membership,,"14185 Candlewood Court^^Colorado Springs^Color^80921^","Property in good standing","14185 Candlewood Court",6206104002,Jennica,Schofield,,MEMBER,12/01/2025,"14185 Candlewood Ct.^^Colorado Springs^CO^80921^",,jennica.schofield@gmail.com,12/31/2025,12/01/2025,12/01/2025,36742,,No,Expired,748692df4c4a7306913252071,1,,jennica.schofield@gmail.com,,,,Yes,,254-652-8540,No,
11/12/2025,Membership,,"160 Wuthering Heights Dr^^Colorado Springs^Color^80921^","Property in good standing","160 Wuthering Heights Dr",6131206072,Gary,Schneider,,MEMBER,07/10/2021,"160 Wuthering Heights Dr^^Colorado Springs^CO^80921^",,kathy49schneider@gmail.com,,08/17/1990,07/10/2021,36742,,No,Active,76960e99d559791b558263487,1,,kathy49schneider@gmail.com,,,,Yes,,719-481-4351,,
09/30/2022,Membership,258,"185 Mission Hill Way^^Colorado Springs^Color^80921^","Property in good standing","185 Mission Hill Way",6206201076,Lisa,Schmitz,,MEMBER,07/10/2021,"185 Mission Hill Way^^Colorado Springs^CO^80921^","New construction 2017",lms.ihm@pm.me,,07/01/2017,11/16/2021,36742,,No,Active,41260e99d4c822f3685775775,1,,lms.ihm@pm.me,,,,Yes,No,651-245-9451,No,
01/15/2025,Membership,481,"15042 LaJolla Place^^Colorado Springs^Color^80921^","Property in good standing","15042 LaJolla Place",,Jennifer,Schmidt,,MEMBER,07/10/2021,"15042 LaJolla Place^^Colorado Springs^CO^80921^",,jensch@yahoo.com,,12/19/2012,07/10/2021,36742,,No,Active,77060e99d54ee40e688418792,1,,jensch@yahoo.com,,,,Yes,,508-222-8641,,
04/10/2023,Membership,,"14180 Westchester Dr^^Colorado Springs^Color^80921^","Property in good standing","14180 Westchester Dr",6206204009,Gary,Schmid,,MEMBER,07/10/2021,"14180 Westchester Dr^^Colorado Springs^CO^80921^",,schmgm23@msn.com,,02/05/2003,07/10/2021,36742,,No,Active,42860e99d434de82685305914,1,,schmgm23@msn.com,,,,Yes,,719-660-8162,,
08/10/2024,Membership,,"145 Doral Way^^Colorado Springs^Color^80921^","Property in good standing","145 Doral Way",6206205013,James,Schloss,,MEMBER,03/29/2022,"145 Doral Way^^Colorado Springs^CO^80921^","Email Address	jschloss29@gmail.com
Primary Phone	719-465-6704",jschloss29@gmail.com,,02/25/2022,11/21/2023,36742,,No,Active,68862438c34add35166926220,1,,jschloss29@gmail.com,,No,No,No,No,719-465-6704,No,No
05/05/2026,Membership,,"270 Doral Way^^Colorado Springs^Color^80921^","Property in good standing","270 Doral Way",6206206001,Kathy,Schierholz,,MEMBER,10/14/2021,"270 Doral Way^^Colorado Springs^CO^80921^",,schierholzk@gmail.com,,08/05/2021,02/05/2022,36742,,No,Active,6356168a2a090ef1020366905,1,,KathySchierholz,,,No,Yes,Yes,719-659-8184,No,
04/08/2023,Membership,,"215 Mission Hill Way^^Colorado Springs^Color^80921^","Property in good standing","215 Mission Hill Way",6206201075,David,Schichtle,,MEMBER,07/10/2021,"215 Mission Hill Way^^Colorado Springs^CO^80921^",,schichtledsr@aol.com,,08/12/1996,07/10/2021,36742,,No,Active,57960e99d4c902bb237513373,1,,schichtledsr@aol.com,,,,Yes,,719-424-7486,,
,Membership,,"15170 Thornbird Ct^^Colorado Springs^Color^80921^","Property in good standing","15170 Thornbird Ct",6131206084,Michael,Schaub,,MEMBER,07/10/2021,"15170 Thornbird Ct^^Colorado Springs^CO^80921^",,battle1283@aol.com,,12/06/2005,07/10/2021,36742,,No,Active,36660e99d5696112143122135,1,,battle1283@aol.com,,,,Yes,,719-481-5635,,
03/21/2023,Membership,432,"120 Rangely Dr^^Colorado Springs^Color^80921^","Property in good standing","120 Rangely Dr",6131309017,Lauren,Scharff,,MEMBER,07/10/2021,"120 Rangely Dr^^Colorado Springs^CO^80921^",,laurenscharff@gmail.com,,05/04/2009,07/10/2021,36742,,No,Active,91760e99d531937b508074183,1,,laurenscharff@gmail.com,,,,Yes,,719-487-2889,,
,Membership,,"15 Desert Inn Way^^Colorado Springs^Color^80921^|955 Wuthering Heights Dr^^Colorado Springs^Color^80921^","Property in good standing","15 Desert Inn Way^955 Wuthering Heights Dr",6131106018^6131309009,"Mark H.",Schaible,,MEMBER,07/10/2021,"27 GROUSE RUN PELHAM NH, 03076^^Pelham^NH^03076^","27 GROUSE RUN PELHAM NH, 03076",,,03/24/2014,11/20/2023,36742,,No,Active,83860e99d537a3fa934645472,1,,MarkSchaible,,No,No,Yes,No,,No,No
,Membership,,"630 Rembrandt Court^^Colorado Springs^Color^80921^","Property in good standing","630 Rembrandt Court",6131103089,David,Savage,,MEMBER,04/05/2024,"630 Rembrandt Ct^^Colorado Springs^CO^80921^",,westslope360@gmail.com,12/31/2024,04/05/2024,04/05/2024,36742,,No,Expired,675661053e1d5889588349800,1,,westslope360@gmail.com,,,,No,,925-567-6599,No,
09/12/2023,Membership,,"630 Rembrandt Court^^Colorado Springs^Color^80921^","Property in good standing","630 Rembrandt Court",6131103089,David,Savage,,MEMBER,07/10/2021,"630 Rembrandt Court^^Colorado Springs^CO^80921^","1/26/2017 -- Sale pending. Restoration work underway.  2 24-foot dumpsters and portalet will be required.  dumpsters will be in driveway.  30 days requested for work completion.",,,10/05/2023,11/15/2023,36742,,No,Active,15460e99d5be6ccc666949519,1,,DavidSavage,,No,No,Yes,No,,No,No
,Membership,,"630 Rembrandt Court^^Colorado Springs^Color^80921^","Property in good standing","630 Rembrandt Court",6131103089,David,Savage,,MEMBER,04/10/2024,"630 Rembrandt Ct^^Colorado Springs^CO^80921^",,savagechiro@yahoo.com,12/31/2024,04/10/2024,04/10/2024,36742,,No,Expired,874661707a279876040352579,1,,savagechiro@yahoo.com,,,,No,,925-567-6599,No,
09/18/2026,Membership,,"14715 Gleneagle Dr^^Colorado Springs^Color^80921^","Property in good standing","14715 Gleneagle Dr",6131405006,Scott,Saunders,,MEMBER,07/10/2021,"14715 Gleneagle Dr^^Colorado Springs^CO^80921^",,vscottsaunders@comcast.net,,05/30/2000,07/10/2021,36742,,No,Active,32960e99d5827f32310595448,1,,vscottsaunders@comcast.net,,,,Yes,,719-963-8784,,
09/30/2026,Membership,578,"485 Palm Springs Way^^Colorado Springs^Color^80921^","Property in good standing","485 Palm Springs Way",6131402025,Audrey,Sargent,,ADMIN,07/10/2021,"485 Palm Springs Way^^Colorado Springs^CO^80921^",,audreycsargent@gmail.com,,10/04/2019,09/30/2026,36742,,No,Active,65660e99d58cc15f922354202,1,,audreycsargent@gmail.com,,No,No,Yes,No,719-661-2920,No,No
,Membership,,"485 Palm Springs Way^^Colorado Springs^Color^80921^","Property in good standing","485 Palm Springs Way",6131402025,Mark,Sargent,,MEMBER,08/12/2025,"485 Palm Springs Way^^Colorado Springs^CO^80921^",,mark@markasargent.com,12/31/2025,08/12/2025,08/13/2025,36742,,No,Expired,488689b8a061aa38669167142,1,,mark@markasargent.com,,,,Yes,,303-947-1490,No,
06/21/2023,Membership,160,"14430 Bermuda Dunes Way^^Colorado Springs^Color^80921^","Property in good standing","14430 Bermuda Dunes Way",6206203004,Amy,Rydland,,MEMBER,07/10/2021,"14430 Bermuda Dunes Way^^Colorado Springs^CO^80921^",,amyryd@mac.com,,12/31/2019,07/10/2021,36742,,No,Active,86860e99d488f9ef871610100,1,,amyryd@mac.com,,,,Yes,,,,
03/31/2023,Membership,,"205 Rangely Dr^^Colorado Springs^Color^80921^","Property in good standing","205 Rangely Dr",6131301029,Shaun,Rush,,MEMBER,07/10/2021,"205 Rangely Dr^^Colorado Springs^CO^80921^",,heatherrush2007@gmail.com,,01/16/2020,03/31/2023,36742,,No,Active,57860e99d52451de137729559,1,,heatherrush2007@gmail.com,,,,Yes,,757-778-4273,,
,Membership,,"415 Wuthering Heights Dr^^Colorado Springs^Color^80921^","Property in good standing","415 Wuthering Heights Dr",6131104006,Holly,Rupprecht,,MEMBER,03/13/2024,"415 Wuthering Heights Drive^^Colorado Springs^CO^80921^",,hrupprecht81@gmail.com,12/31/2024,03/13/2024,03/13/2024,36742,,No,Expired,19465f2076f627fc435594425,1,,hrupprecht81@gmail.com,,,,Yes,,719-217-4371,No,
,Membership,,"415 Wuthering Heights Dr^^Colorado Springs^Color^80921^","Property in good standing","415 Wuthering Heights Dr",6131104006,Holly,Rupprecht,,MEMBER,07/10/2026,"415 Wuthering Heights Drive^^Colorado Springs^CO^80921^",,h.crownhart@yahoo.com,,07/10/2026,07/11/2026,36742,,No,Active,9666a51a314a2fe1084955378,1,,h.crownhart@yahoo.com,,,,Yes,,719-217-4371,No,
,Membership,,"925 Wuthering Heights Dr^^Colorado Springs^Color^80921^","Property in good standing","925 Wuthering Heights Dr",6131110052,Thomas,Rowley,,MEMBER,05/13/2026,"925 Wuthering Heights Drive^^Colorado Springs^CO^80921^",,majortomgc031@outlook.com,,05/13/2026,05/15/2026,36742,,No,Active,2236a04910a6abb3442243282,1,,majortomgc031@outlook.com,,,,No,,719-200-6503,No,
,Membership,,"160 Rangely Dr^^Colorado Springs^Color^80921^","Property Dues Delinquent","160 Rangely Dr",6131309019,"Dawn M.",Rowe,,MEMBER,07/10/2021,"160 Rangely Dr^^Colorado Springs^CO^80921^",,kbrowe56@icloud.com,,05/20/2019,07/10/2021,36742,,No,Active,61860e99d5222a7a177120148,1,,kbrowe56@icloud.com,,,,Yes,,530-953-8858,,
,Membership,,,,,,Todd,Rowe,,MEMBER,01/01/2022,"445 Rangely Drive^^Colorado Springs^CO^80921^",,,,12/01/2021,01/01/2022,36742,,No,Active,18161d0bf3adcad2532135842,1,,Todd.Rowe,,,No,No,Yes,,No,
,Membership,,"445 Rangely Dr^^Colorado Springs^Color^80921^","Property in good standing","445 Rangely Dr",6131402018,Todd,Rowe,,MEMBER,10/14/2021,"445 Rangely Drive^^Colorado Springs^CO^80921^",,,,12/02/2021,09/19/2022,36742,,No,Active,7156168a211396ce576513010,1,,rowesinthesprings@live.com,,,No,No,No,,No,No
09/25/2023,Membership,596,"345 Rangely Dr^^Colorado Springs^Color^80921^","Property in good standing","345 Rangely Dr",6131402015,Stephanie,Rouire,,MEMBER,07/10/2021,"345 Rangely Dr^^Colorado Springs^CO^80921^",Roger,,,10/25/2023,11/15/2023,36742,,No,Active,13860e99d597afcd237197076,1,,StephanieRouire,,No,No,No,No,,No,No
,Membership,,"345 Rangely Dr^^Colorado Springs^Color^80921^","Property in good standing","345 Rangely Dr",6131402015,Stephanie,Rouire,,MEMBER,10/05/2025,"345 Rangely Dr^^Colorado Springs^CO^80921^",,weisburg2000@yahoo.com,12/31/2025,10/05/2025,10/08/2025,36742,,No,Expired,52068e317eb7bd99833106663,1,,weisburg2000@yahoo.com,,,,No,,719-201-8358,No,
,Membership,,,,,,John,Rosser,,MEMBER,08/10/2021,"2896 Kalmia Ave^Apt 204^Boulder^CO^80301^",,,,08/10/2021,08/10/2021,36742,,No,Active,57361130a0966d40036848151,1,,JohnRosser,,,,Yes,,,,
05/12/2023,Membership,,"715 Wuthering Heights Dr^^Colorado Springs^Color^80921^","Property in good standing","715 Wuthering Heights Dr",6131101068,Christopher,Ross,,MEMBER,07/10/2021,"715 Wuthering Heights Dr^^Colorado Springs^CO^80921^",,lieslross1985@yahoo.com,,05/05/2019,03/23/2022,36742,,No,Active,36560e99d5b49273912469948,1,,lieslross1985@yahoo.com,,,No,Yes,No,970-560-4743,No,No
,Membership,,"14925 Gleneagle Dr^^Colorado Springs^Color^80921^","Property in good standing","14925 Gleneagle Dr",6131402012,Dave,Ross,,MEMBER,07/10/2021,"14925 Gleneagle Dr^^Colorado Springs^CO^80921^","Email Address	dd0611@comcast.com
Primary Phone	719-481-4541
Address	14925 Gleneagle
old: daveross1@comcast.net",dd0611@comcast.com,,08/10/2000,11/27/2023,36742,,No,Active,61960e99d5943e2c022595705,1,,dd0611@comcast.com,,No,No,Yes,No,719-481-4541,No,No
01/14/2025,Membership,,"14750 Latrobe Court^^Colorado Springs^Color^80921^","Property in good standing","14750 Latrobe Court",6131402034,William,Ross,,MEMBER,12/06/2021,"14750 Latrobe Ct^^Colorado Springs^CO^80921^",,willross53@gmail.com,,12/06/2021,12/06/2021,36742,,No,Active,99161ae09cb5a9e9865026946,1,,willross53@gmail.com,,,No,Yes,No,,No,
09/30/2026,Membership,,"14575 Latrobe Dr^^Colorado Springs^Color^80921^","Property in good standing","14575 Latrobe Dr",6131402063,Michael,Rosas,,MEMBER^ADMINTREASURER,07/10/2021,"14575 Latrobe Dr^^Colorado Springs^CO^80921^",,mainrosas@icloud.com,,05/30/2007,09/30/2026,36742,,No,Active,38760e99d4d3e07c001298195,1,,mainrosas@icloud.com,,Yes,No,Yes,No,719-433-3417,No,No
09/15/2026,Membership,531,"450 Cherry Hills Way^^Colorado Springs^Color^80921^","Property in good standing","450 Cherry Hills Way",6131405009,Randy,Roozeboom,,MEMBER,07/10/2021,"450 Cherry Hills Way^^Colorado Springs^CO^80921^","Changed e-mail on 01/10/10 - Bill",randy450@comcast.net,,03/06/1992,07/10/2021,36742,,No,Active,73060e99d570ee78663763950,1,,randy450@comcast.net,,,,Yes,,719-481-8530,,
07/03/2025,Membership,,"14540 Westchester Dr^^Colorado Springs^Color^80921^","Property in good standing","14540 Westchester Dr",6131304011,"Jevita Ruchira",Rogers,,MEMBER,07/10/2021,"14540 Westchester Dr^^Colorado Springs^CO^80921^",,jevita22@yahoo.com,,01/26/2017,07/10/2021,36742,,No,Active,72460e99d498d29a558427423,1,,jevita22@yahoo.com,,,,Yes,,571-235-5291,,
04/07/2026,Membership,657,"610 Rembrandt Court^^Colorado Springs^Color^80921^","Property in good standing","610 Rembrandt Court",6131103087,"Richard (Rick)",Rogers,Megan,MEMBER,07/10/2021,"610 Rembrandt Court^^Colorado Springs^CO^80921^","Megan Rogers
Email Address	megan.rgrs@gmail.com
Primary Phone	719-766-2445
Greeted: 11/12/23 permission to subscribe to GCA emails",megan.rgrs@gmail.com,,07/27/2006,11/13/2023,36742,,No,Active,73360e99d5bd067c674547274,1,,megan.rgrs@gmail.com,,No,No,Yes,No,719-766-2445,No,No
06/21/2026,Membership,,"14148 Stone Eagle Place^^Colorado Springs^Color^80921^","Property in good standing","14148 Stone Eagle Place",6206201126,Thomas,Rogers,,MEMBER,03/08/2022,"14148 STONE EAGLE PL^^Colorado Springs^CO^80921^",,thomrogers71@gmail.com,,03/08/2022,09/21/2026,36742,627e6eb8e3f94.jpeg,No,Active,205622812b0b6d38123164350,1,,thomrogers71@gmail.com,,,No,Yes,No,571-228-5040,No,No
,Membership,574,"465 Palm Springs Way^^Colorado Springs^Color^80921^","Property in good standing","465 Palm Springs Way",6131402027,Dennis,Roesler,,MEMBER,07/10/2021,"465 Palm Springs Way^^Colorado Springs^CO^80921^",,droesler@comcast.net,,12/12/2007,07/10/2021,36742,,No,Active,51960e99d58aa54f051375579,1,,droesler@comcast.net,,,,Yes,,719-481-5791,,
09/18/2023,Membership,,"155 Palm Springs Dr^^Colorado Springs^Color^80921^","Property in good standing","155 Palm Springs Dr",6131302007,Hans,Robinson,,MEMBER,07/10/2021,"155 Palm Springs Dr^^Colorado Springs^CO^80921^","Changed e-mail on 6/4/10 - Bill Carroll
303-328-7941
hansandlisarobinson@yahoo.com
revededieu@yahoo.com",hansandlisarobinson@yahoo.com,,07/22/2016,04/16/2023,36742,,No,Active,18460e99d4fb3aa3461598406,1,,hansandlisarobinson@yahoo.com,,No,No,Yes,No,303-328-7941,No,No
03/26/2023,Membership,393,"345 Palm Springs Dr^^Colorado Springs^Color^80921^","Property in good standing","345 Palm Springs Dr",6131404004,James,Robinson,,MEMBER,07/10/2021,"345 Palm Springs Dr^^Colorado Springs^CO^80921^","eb1939@msn.com, old owners contributed to Doral fund, look in old list for name.",kelley@peakbackup.com,,10/28/2011,07/10/2021,36742,,No,Active,53060e99d5181ae1440217073,1,,kelley@peakbackup.com,,,,Yes,,,,
09/15/2026,Membership,,"14565 River Oaks Dr^^Colorado Springs^Color^80921^","Property in good standing","14565 River Oaks Dr",6131306014,Russ,Robinson,,MEMBER,07/10/2021,"14565 River Oaks Dr^^Colorado Springs^CO^80921^","This is a legally combined lot with 14575 River Oaks Dr. 554-4203w",russanna@q.com,,01/01/1993,07/10/2021,36742,6458435d89cbd.jpg,No,Active,53960e99d4b93cb1292857041,1,,russanna@q.com,,,,Yes,,719-488-8957,,
,Membership,,"155 Rangely Dr^^Colorado Springs^Color^80921^","Property Dues Delinquent","155 Rangely Dr",6131301027,Kevin,Roberts,,MEMBER,07/10/2021,"155 Rangely Dr^^Colorado Springs^CO^80921^",,kourteach@gmail.com,,08/23/2018,07/10/2021,36742,,No,Active,24960e99d52128a8554322668,1,,kourteach@gmail.com,,,,Yes,,,,
,Membership,,"14505 Latrobe Dr^^Colorado Springs^Color^80921^","Property in good standing","14505 Latrobe Dr",6206101007,Patricia,Roberts,,MEMBER,07/10/2021,"14505 Latrobe Dr^^Colorado Springs^CO^80921^",,pat.roberts33@yahoo.com,,01/27/2021,07/10/2021,36742,,No,Active,39860e99d4cb316b629533635,1,,pat.roberts33@yahoo.com,,,,Yes,,719-201-6098,,
,Membership,,"345 Cherry Hills Way^^Colorado Springs^Color^80921^","Property in good standing","345 Cherry Hills Way",6131407001,"Maria Leticia",Robel,,MEMBER,09/10/2025,"345 Cherry Hills Way^^Colorado Springs^CO^80921^",,malet.g.robel@gmail.com,12/31/2025,09/10/2025,10/14/2025,36742,,No,Expired,89068c21f4c17a14601572505,1,,Malet.g.robel@gmail.com,,,,Yes,,714-606-8964,No,
10/28/2024,Membership,,"14545 Gleneagle Dr^^Colorado Springs^Color^80921^","Property Dues Delinquent","14545 Gleneagle Dr",6131406008,Eric,Robbins,,MEMBER,12/27/2021,"14545 Gleneagle Dr^^Colorado Springs^CO^80921^",,eric_robbins76@hotmail.com,,02/02/2016,04/04/2022,36742,,No,Active,94661ca305167b2a612167710,1,,eric_robbins76@hotmail.com,,,No,Yes,No,816-679-1142,No,
01/18/2024,Membership,,"13930 Westchester Dr^^Colorado Springs^Color^80921^","Property in good standing","13930 Westchester Dr",6206301007,Scott,Robb,,MEMBER,07/10/2021,"13930 Westchester Dr^^Colorado Springs^CO^80921^","Email Address	scott_robb@hotmail.com
Primary Phone	407-257-2230",scott_robb@hotmail.com,,09/22/2023,10/06/2023,36742,,No,Active,85460e99d5f6399e468482264,1,,scott_robb@hotmail.com,,No,No,No,No,407-257-2230,No,No
06/23/2026,Membership,,"14490 Westchester Dr^^Colorado Springs^Color^80921^","Property in good standing","14490 Westchester Dr",6131304016,Andrea,Riley,,MEMBER,06/04/2026,"5610 Molly Ct^^Colorado Springs^CO^80908^",,andrea.mcelhoes@gmail.com,,06/04/2026,06/21/2026,36742,,No,Active,8726a21b8748a8bd709737706,1,,andrea.mcelhoes@gmail.com,,,,Yes,,719-244-4847,No,
09/10/2026,Membership,,"14490 Westchester Dr^^Colorado Springs^Color^80921^","Property in good standing","14490 Westchester Dr",6131304016,"Andrea R",Riley,,MEMBER,07/10/2021,"14490 Westchester Dr^^Colorado Springs^CO^80921^","VACANT LOT 6.1.15: Added mailing address
ririleyt@yahoo.com

334-414-2811
andrea.mcelhoes@gmail.com",ririleyt@yahoo.com,,08/07/2017,03/24/2023,36742,,No,Active,70860e99d4948ac0064466096,1,,ririleyt@yahoo.com,,No,No,Yes,No,719-244-4847,No,No
06/28/2026,Membership,605,"520 Rangely Dr^^Colorado Springs^Color^80921^","Property in good standing","520 Rangely Dr",6131401003,Peggy,Riggen,,MEMBER,07/10/2021,"520 Rangely Dr^^Colorado Springs^CO^80921^",,prriggen@gmail.com,,05/29/2001,09/21/2026,36742,,No,Active,18460e99d59e85c0972691043,1,,prriggen@gmail.com,,,Yes,Yes,No,719-488-5627,No,
,Membership,358,"260 Palm Springs Dr^^Colorado Springs^Color^80921^","Property in good standing","260 Palm Springs Dr",6131301036,Randall,Rietcheck,,MEMBER,07/10/2021,"260 Palm Springs Dr^^Colorado Springs^CO^80921^",,,,09/14/2017,07/10/2021,36742,,No,Active,89560e99d5039070614516408,1,,RandallRietcheck,,,,Yes,,913-752-7057,,
,Membership,,"14455 Gleneagle Dr^^Colorado Springs^Color^80921^","Property in good standing","14455 Gleneagle Dr",6206101004,Jacob,Riddle,,MEMBER,07/10/2021,"14455 Gleneagle Drive^^Colorado Springs^CO^80921^","Tarema
Email Address	capitalconstructioncorp08@gmail.com
Primary Phone	719-229-8107",capitalconstructioncorp08@gmail.com,,12/06/2021,12/05/2023,36742,,No,Active,95660e99d4d9e7f2813553049,1,,capitalconstructioncorp08@gmail.com,,No,No,No,No,719-229-8107,No,No
,Membership,,"15215 Diamondhead Court^^Colorado Springs^Color^80921^","Property in good standing","15215 Diamondhead Court",6131110051,Aracely,Richardson,,MEMBER,05/15/2026,"15215 Diamondhead Ct^^Colorado Springs^CO^80921^",,ajaquez01@gmail.com,,05/15/2026,05/21/2026,36742,,No,Active,3646a0779e739051711010855,1,,AJaquez01@gmail.com,,,,No,,714-348-2921,No,
01/29/2026,Membership,,"15245 Renoir Place^^Colorado Springs^Color^80921^","Property in good standing","15245 Renoir Place",6131101075,Christopher,Richard,,MEMBER,07/10/2021,"15245 Renoir Place^^Colorado Springs^CO^80921^",,carichard77@gmail.com,,10/08/2019,07/10/2021,36742,,No,Active,77560e99d5ad1816638699347,1,,carichard77@gmail.com,,,,Yes,,,,
09/14/2026,Membership,,"125 Doral Way^^Colorado Springs^Color^80921^","Property in good standing","125 Doral Way",6206205011,Brian,Rice,,MEMBER,07/10/2021,"125 Doral Way^^Colorado Springs^CO^80921^","Doral legal from LeDantec",riceonthird@gmail.com,,06/18/2004,07/03/2026,36742,,No,Active,17060e99d45d157f496801645,1,,riceonthird@gmail.com,,,,Yes,No,719-668-2504,Yes,
01/12/2026,Membership,,"65 Rangely Dr^^Colorado Springs^Color^80921^","Property in good standing","65 Rangely Dr",6131402016,Jeff,Rhoda,,MEMBER,07/10/2021,"65 Rangely Dr^^Colorado Springs^CO^80921^",,jmrhoda@comcast.net,,11/08/2018,01/12/2026,36742,,No,Active,20060e99d52eac1c094328457,1,,jmrhoda@comcast.net,,,,Yes,,719-488-0772,,
03/20/2023,Membership,461,"160 Desert Inn Way^^Colorado Springs^Color^80921^","Property in good standing","160 Desert Inn Way",6131307006,Gary,Reynolds,,MEMBER,07/10/2021,"160 Desert Inn Way^^Colorado Springs^CO^80921^",,pmrcolo@hotmail.com,,01/20/2006,07/10/2021,36742,,No,Active,10260e99d542839d844767546,1,,pmrcolo@hotmail.com,,,,Yes,,719-440-9070,,
10/16/2025,Membership,,"130 Desert Inn Way^^Colorado Springs^Color^80921^","Property in good standing","130 Desert Inn Way",6131307019,Randy,Reynolds,,MEMBER,07/10/2021,"130 Desert Inn Way^^Colorado Springs^CO^80921^",,rakanich@hotmail.com,,06/27/2002,07/10/2021,36742,,No,Active,72860e99d53e2e7e004890372,1,,rakanich@hotmail.com,,,,Yes,,719-596-4517,,
,Membership,,"15240 Renoir Place^^Colorado Springs^Color^80921^","Property in good standing","15240 Renoir Place",6131101102,Jennifer,Revello,,MEMBER,07/10/2021,"15240 Renoir Place^^Colorado Springs^CO^80921^",,,,08/10/2009,04/09/2022,36742,,No,Active,53960e99d5ac462a849106146,1,,JenniferRevelllo,,,No,Yes,No,,No,No
04/04/2024,Membership,,"850 Wuthering Heights Dr^^Colorado Springs^Color^80921^","Property in good standing","850 Wuthering Heights Dr",6131103061,Nathaniel,Reveley,,MEMBER,08/22/2021,"850 Wuthering Heights Drive^^Colorado Springs^CO^80921^",,nareveley@gmail.com,,08/22/2021,04/04/2022,36742,,No,Active,8246122994691339963985290,1,,Nareveley@gmail.com,,,,Yes,,,,
,Membership,,"14345 Spyglass Hill Pl^^Colorado Springs^Color^80921^","Property in good standing","14345 Spyglass Hill Pl",6206201117,"Robert L",Renner,,MEMBER,07/10/2021,"14345 Spyglass Hill Pl^^Colorado Springs^CO^80921^","Sold by the Summit at Gleneagle",,,09/05/2018,07/10/2021,36742,,No,Active,53260e99d60d67af641976559,1,,RobertLRenner,,,,Yes,,719-641-1983,,
08/04/2023,Membership,,"225 Doral Way^^Colorado Springs^Color^80921^","Property Dues Delinquent","225 Doral Way",6206205015,Chris,Renn,,MEMBER,07/23/2021,"225 Doral Way^^Colorado Springs^CO^80921^",,christian@affinity-cg.com,,07/09/2021,10/14/2021,36742,,No,Active,36260fb09f2c0845665692044,1,,christian@affinity-cg.com,,,,Yes,,719-660-0560,,
04/29/2023,Membership,145,"14185 Candlewood Court^^Colorado Springs^Color^80921^","Property in good standing","14185 Candlewood Court",6206104002,"Steven William",Rempelos,,MEMBER,07/10/2021,"14185 Candlewood Court^^Colorado Springs^CO^80921^",,steve@starsports.biz,,11/28/2017,07/10/2021,36742,,No,Active,60160e99d480e9f0140267530,1,,steve@starsports.biz,,,,Yes,,719-338-0290,,
12/12/2023,Membership,723,"360 Wuthering Heights Dr^^Colorado Springs^Color^80921^","Property in good standing","360 Wuthering Heights Dr",6131106022,Jon,Reisinger,,MEMBER,07/10/2021,"360 Wuthering Heights Dr^^Colorado Springs^CO^80921^",,reisinger.jon@gmail.com,,04/01/2010,11/26/2021,36742,,No,Active,49460e99d5e4f82d400086604,1,,reisinger.jon@gmail.com,,,,Yes,No,719-201-0089,Yes,
,Membership,,"265 Doral Way^^Colorado Springs^Color^80921^","Property in good standing","265 Doral Way",6206205018,Zackery,Reeser,,MEMBER,08/05/2025,"265 Doral Way^^Colorado Springs^CO^80921^",,zlreeser@gmail.com,12/31/2025,08/05/2025,08/05/2025,36742,,No,Expired,1376892667bea3ea613725446,1,,zlreeser@gmail.com,,,,No,,303-880-5635,No,
,Membership,,"265 Doral Way^^Colorado Springs^Color^80921^","Property in good standing","265 Doral Way",6206205018,Zackery,Reeser,,MEMBER,07/10/2021,"265 Doral Way^^Colorado Springs^CO^80921^",,,,05/26/2022,06/16/2022,36742,,No,Active,46360e99d4642906815192801,1,,ZacheryReeser,,,No,No,No,,No,No
05/09/2026,Membership,,"205 Desert Inn Way^^Colorado Springs^Color^80921^","Property in good standing","205 Desert Inn Way",6131309002,Joshua,Reed,,MEMBER,01/01/2022,"205 Desert Inn Way^^Colorado Springs^CO^80921^",,jreed1701@gmail.com,,11/23/2021,04/02/2022,36742,,No,Active,92761d0b9f63fb34553429650,1,,jreed1701@gmail.com,,,No,Yes,No,757-763-8906,No,No
,Membership,,"14460 River Oaks Dr^^Colorado Springs^Color^80921^","Property in good standing","14460 River Oaks Dr",6206201016,Debbie,Redmond,,MEMBER,07/15/2026,"14560 River Oaks Drive^^Colorado Springs^CO^80921^",,naured25@comcast.net,,07/15/2026,07/30/2026,36742,,No,Active,5856a579e2801d00605462026,1,,naured25@comcast.net,,,,Yes,,303-906-7929,No,
08/03/2023,Membership,159,"14450 Westchester Dr^^Colorado Springs^Color^80921^","Property in good standing","14450 Westchester Dr",6206202005,Ann,Reagan,,MEMBER,07/10/2021,"14450 Westchester Dr^^Colorado Springs^CO^80921^","County records property address: 14435 Bermuda Dunes",reaganab@q.com,,06/20/2002,07/10/2021,36742,,No,Active,86560e99d4888a79198691039,1,,reaganab@q.com,,,,Yes,,719-488-9009,,
12/19/2025,Membership,,"255 Wuthering Heights Dr^^Colorado Springs^Color^80921^","Property in good standing","255 Wuthering Heights Dr",6131209003,Nicholas,Rawe,,MEMBER,07/10/2021,"255 Wuthering Heights Dr^^Colorado Springs^CO^80921^","slaterglass@yahoo.com
Kristy Camarella
213-703-5220
Address:	300 S. Dexford Drive
La Habra, CA 90631",slaterglass@yahoo.com,,06/21/2023,07/18/2023,36742,,No,Active,29360e99d562627d556701676,1,,slaterglass@yahoo.com,,No,No,Yes,No,213-703-5220,No,No
03/21/2023,Membership,751,"13915 Westchester Dr^^Colorado Springs^Color^80921^","Property in good standing","13915 Westchester Dr",6206301004,Christopher,Ratcliff,,MEMBER,07/10/2021,"13915 Westchester Dr^^Colorado Springs^CO^80921^",,,,08/16/2023,09/04/2023,36742,,No,Active,61060e99d5f41dc8015812368,1,,ChristopherRatcliff,,No,No,Yes,No,,No,No
,Membership,,"13915 Westchester Dr^^Colorado Springs^Color^80921^","Property in good standing","13915 Westchester Dr",6206301004,Christopher,Ratcliff,,MEMBER,11/14/2025,"4917 Vega Court E^^Fort Worth^TX^76133^",,cd_ratcliff@hotmail.com,12/31/2025,11/14/2025,11/15/2025,36742,,No,Expired,840691816ab2e4d4191802500,1,,cd_ratcliff@hotmail.com,,,,Yes,,817-921-6563,No,
10/01/2026,Membership,,"14140 Gleneagle Dr^^Colorado Springs^Color^80921^","Property in good standing","14140 Gleneagle Dr",6206201070,Bruce,Randall,,ADMIN,06/03/2021,"14140 Gleneagle Drive^^Colorado Springs^CO^80921^",,bruce.a.randall@gmail.com,,06/03/2021,06/10/2023,36742,60c9d6d057ed3.jpg,No,Active,2ca923bc-c45d-11eb-a165-246e967886f8,1,,bruce.a.randall@gmail.com,,No,No,Yes,No,719-648-6022,Yes,No
10/17/2025,Membership,,"14195 Westchester Dr^^Colorado Springs^Color^80921^","Property in good standing","14195 Westchester Dr",6206201031,Nathan,Randall,,MEMBER,07/10/2021,"14195 Westchester Dr^^Colorado Springs^CO^80921^","Phone not in book",nathan.randall@msn.com,,08/07/1989,07/10/2021,36742,,No,Active,38560e99d435b718468918573,1,,nathan.randall@msn.com,,,,Yes,,,,
,Membership,,"15070 Fishers Lane^^Colorado Springs^Color^80921^","Property in good standing","15070 Fishers Lane",6131401013,Mark,Rader,,MEMBER,07/10/2021,"15070 Fishers Lane^^Colorado Springs^CO^80921^","Address?: 570 Rangely? 1/3/2011 J.Evans: removed bad email",markwrader74@gmail.com,,06/03/1997,07/10/2021,36742,,No,Active,40760e99d5a2a0d6239146605,1,,markwrader74@gmail.com,,,,Yes,,719-481-6144,,
,Membership,106,"355 Doral Way^^Colorado Springs^Color^80921^","Property in good standing","355 Doral Way",6206104013,Steve,Rabey,,MEMBER,07/10/2021,"355 Doral Way^^Colorado Springs^CO^80921^","JE: removed bounced email 12/6/2014",steverabey@gmail.com,,05/25/1993,07/10/2021,36742,,No,Active,30460e99d46a3813826554983,1,,steverabey@gmail.com,,,,Yes,,719-648-7156,,
11/08/2025,Membership,,"14695 Latrobe Dr^^Colorado Springs^Color^80921^","Property in good standing","14695 Latrobe Dr",6131402044,John,Puffenbarger,,MEMBER,07/10/2021,"9913 South Park Circle^^Fairfax Station^VA^22039^","ddpuff81@gmail.com
jepuff78@aol.com John",jepuff78@aol.com,,02/01/1986,03/25/2023,36742,,No,Active,25460e99d5769b83628154101,1,,ddpuff81@gmail.com,,No,No,Yes,No,703-455-7945,No,No
,Membership,,,,,,GCA,President,,ADMINSUB,08/11/2021,,,president@gleneaglehoa.org,,08/11/2021,08/11/2021,36742,,No,Active,28561145c5b54545528197164,1,,president@gleneaglehoa.org,,,,Yes,,,,
,Membership,,"350 Cherry Hills Way^^Colorado Springs^Color^80921^","Property Dues Delinquent","350 Cherry Hills Way",6131404014,Dave,Powell,,MEMBER,07/10/2021,"350 Cherry Hills Way^^Colorado Springs^CO^80921^",,dppowell1@mindspring.com,,11/01/1989,07/10/2021,36742,,No,Active,22860e99d50c381e131765380,1,,dppowell1@mindspring.com,,,,Yes,,719-488-2269,,
,Membership,,"14075 Gleneagle Dr^^Colorado Springs^Color^80921^","Property in good standing","14075 Gleneagle Dr",6206205003,Joan,Powell,,MEMBER,07/10/2021,"14075 Gleneagle Dr^^Colorado Springs^CO^80921^",,jpr1r2@msn.com,,01/01/1983,07/22/2021,36742,,No,Active,28660e99d456b39b998983903,1,,JoanPowell,,,,Yes,,,,
08/31/2025,Membership,,"565 Rangely Dr^^Colorado Springs^Color^80921^","Property in good standing","565 Rangely Dr",6131402021,Kathleen,Potter,,MEMBER,08/05/2025,"565 Rangely Dr^^Colorado Springs^CO^80921^",,katherlance@gmail.com,12/31/2025,08/05/2025,08/06/2025,36742,,No,Expired,4026892c18d1f63e423362915,1,,katherlance@gmail.com,,,,Yes,,702-250-8873,No,
,Membership,,"565 Rangely Dr^^Colorado Springs^Color^80921^","Property in good standing","565 Rangely Dr",6131402021,Lance,Potter,,MEMBER,10/14/2021,"565 Rangely Dr^^Colorado Springs^CO^80921^",,,,09/17/2021,10/14/2021,36742,,No,Active,6606168a710df1a8272779721,1,,LancePotter,,,,No,,,,
,Membership,,"855 Wuthering Heights Dr^^Colorado Springs^Color^80921^","Property Dues Delinquent","855 Wuthering Heights Dr",6131110058,Dan,Porreco,,MEMBER,07/10/2021,"855 Wuthering Heights Dr^^Colorado Springs^CO^80921^","2003 dues forgiven - missed at closing 1/03",porreco@comcast.net,,01/09/2003,07/10/2021,36742,,No,Active,99860e99d5ca44e4039880540,1,,porreco@comcast.net,,,,Yes,,719-481-1306,,
,Membership,,"14130 Gleneagle Dr^^Colorado Springs^Color^80921^","Property in good standing","14130 Gleneagle Dr",6206201069,John,Poltenovage,,MEMBER,07/10/2021,"14130 Gleneagle Dr^^Colorado Springs^CO^80921^",,jfp6625@comcast.net,,10/23/1991,07/10/2021,36742,,No,Active,26760e99d45a91e2854586407,1,,JFP6625@comcast.net,,,,Yes,,719-481-2977,,
04/18/2023,Membership,,"905 Wuthering Heights Dr^^Colorado Springs^Color^80921^","Property in good standing","905 Wuthering Heights Dr",6131110054,Sidney,Pollok,,MEMBER,07/10/2021,"905 Wuthering Heights Dr^^Colorado Springs^CO^80921^",,jspollok@aol.com,,06/19/1997,07/10/2021,36742,,No,Active,63560e99d5d0c053141958339,1,,jspollok@aol.com,,,,Yes,,719-481-6265,,
04/08/2023,Membership,804,"14317 Spyglass Hill Pl^^Colorado Springs^Color^80921^","Property in good standing","14317 Spyglass Hill Pl",6206201115,Brett,Plentl,,MEMBER,08/03/2021,"14317 Spyglass Hill Pl^^Colorado Springs^CO^80921^",,plentl@msn.com,,08/03/2021,08/03/2021,36742,,No,Active,577610934f829cbd150206747,1,,plentl@msn.com,,,,Yes,,719-876-2673,,
,Membership,,"210 Mission Hill Way^^Colorado Springs^Color^80921^","Property in good standing","210 Mission Hill Way",6206201104,James,Planckaert,,MEMBER,04/06/2026,"210 Mission Hill Way^^Colorado Springs^CO^80921^",,james.planckaert@icloud.com,,04/06/2026,04/14/2026,36742,,No,Active,33669d3e6becb35c050976916,1,,James.planckaert@icloud.com,,,,Yes,,210-273-2109,No,
03/17/2022,Membership,767,"350 Doral Way^^Colorado Springs^Color^80921^","Property in good standing","350 Doral Way",6206104049,Barbara,Ping,,MEMBER,07/10/2021,"350 Doral Way^^Colorado Springs^CO^80921^","Sold: the Summit at Gleneagle Mailing address: 3104 Augusta Drive, Bozeman, MT 59715",baping3@gmail.com,,08/15/2018,01/23/2022,36742,,No,Active,24360e99d60179d0493409662,1,,baping3@gmail.com,,,No,Yes,No,406-581-4398,No,
,Membership,,"14247 Gleneagle Dr^^Colorado Springs^Color^80921^","Property in good standing","14247 Gleneagle Dr",6206104027,Jeff,Piggot,,MEMBER,01/26/2024,"14247 Gleneagle dr^^Colorado Springs^CO^80921^",,jpiggot@gmail.com,12/31/2024,01/26/2024,01/26/2024,36742,,No,Expired,70865b45651e0c6e292486123,1,,jpiggot@gmail.com,,,,No,,719-210-8433,No,
03/29/2022,Membership,,"14510 Latrobe Dr^^Colorado Springs^Color^80921^","Property in good standing","14510 Latrobe Dr",6131406010,Valentina,Piedrahita,,MEMBER,03/23/2022,"14510 Latrobe Drive^^Colorado Springs^CO^80921^",,vpiedrahitas@gmail.com,12/31/2022,03/23/2022,03/29/2022,36742,,No,Expired,997623b3c9687d21501141100,1,,Vpiedrahitas@gmail.com,,,No,Yes,No,561-618-9253,No,No
09/26/2026,Membership,,"14105 Candlewood Court^^Colorado Springs^Color^80921^","Property in good standing","14105 Candlewood Court",6206104008,Robert,Phelps,,MEMBER,07/10/2021,"14105 Candlewood Court^^Colorado Springs^CO^80921^",,rphelps1@att.net,,11/27/2013,07/10/2021,36742,,No,Active,27760e99d478c5f0861525522,1,,rphelps1@att.net,,,,Yes,,,,
,Membership,,,,,,Howard,Pflugh,,MEMBER,07/06/2022,"14825 Gleneagle Drive^^Colorado Springs^CO^80921^",,,12/31/2022,07/06/2022,07/08/2022,36742,,No,Expired,91862c63f5850ac9539396150,1,,c59275ffff0f11ec8c50246e967886f8,,,,Yes,,717-991-5415,No,
03/20/2023,Membership,,"14825 Gleneagle Dr^^Colorado Springs^Color^80921^","Property in good standing","14825 Gleneagle Dr",6131402031,"Howard L",Pflugh,lisapflugh@gmail.com,MEMBER,07/10/2021,"14825 Gleneagle Dr^^Colorado Springs^CO^80921^",,howard.pflugh@gmail.com,,06/29/2015,07/08/2022,36742,,No,Active,40060e99d58726e3084091105,1,,howard.pflugh@gmail.com,,,No,Yes,No,717-991-5415,No,No
,Membership,,"14475 Bermuda Dunes Way^^Colorado Springs^Color^80921^","Property in good standing","14475 Bermuda Dunes Way",6206202004,Charlotte,Peyton,,MEMBER,04/25/2024,"14475 Bermuda Dunes Way^^Colorado Springs^CO^80921^",,peyton105@yahoo.com,12/31/2024,04/25/2024,04/25/2024,36742,,No,Expired,575662ab09c94796115589066,1,,peyton105@yahoo.com,,,,Yes,,510-734-0400,No,
04/29/2023,Membership,,"14065 Gleneagle Dr^^Colorado Springs^Color^80921^","Property in good standing","14065 Gleneagle Dr",6206205004,Evan,Petersen,,MEMBER,11/29/2021,"14065 Gleneagle Drive^^Colorado Springs^CO^80921^","Provided Closing Documents (Mortgage Insurance)",evan@evanpetersen.com,,11/29/2021,05/10/2022,36742,,No,Active,67261a52c00596df269524713,1,,evan@evanpetersen.com,,,No,No,No,541-840-8249,No,Yes
01/21/2023,Membership,573,"458 Palm Springs Way^^Colorado Springs^Color^80921^","Property Dues Delinquent","458 Palm Springs Way",6131402002,Omar,Perreira,,MEMBER,07/10/2021,"1018 Lone Buck Pass^^Cedar Park^TX^78613^",,cperreira2013@gmail.com,,07/10/2021,08/19/2021,36742,,No,Active,68560e99d58a3cb2634895275,1,,cperreira2013@gmail.com,,,,Yes,,,,
,Membership,,"14945 Gleneagle Dr^^Colorado Springs^Color^80921^","Property in good standing","14945 Gleneagle Dr",6131402013,Greg,Penney,,MEMBER,10/16/2025,"14945 Gleneagle Dr^^Colorado Springs^CO^80921^",,coppercoin3@yahoo.com,12/31/2025,10/16/2025,10/17/2025,36742,,No,Expired,33768f1817cad441584336531,1,,Coppercoin3@yahoo.com,,,,Yes,,719-337-5019,No,
,Membership,,"14945 Gleneagle Dr^^Colorado Springs^Color^80921^","Property in good standing","14945 Gleneagle Dr",6131402013,"Gregory J.",Penney,,MEMBER,07/10/2021,"14945 Gleneagle Dr^^Colorado Springs^CO^80921^",,dolface4@gmail.com,,07/02/1987,07/10/2021,36742,,No,Active,83460e99d5951c43564989117,1,,dolface4@gmail.com,,,,Yes,,719-481-2343,,
05/29/2025,Membership,,"85 Doral Way^^Colorado Springs^Color^80921^","Property in good standing","85 Doral Way",6206205009,Jill,Pellegrino,,MEMBER,09/13/2021,"85 Doral Way^^Colorado Springs^CO^80921^",,pellyfarm@gmail.com,,09/13/2021,09/13/2021,36742,,No,Active,749613ff458e2517296053510,1,,pellyfarm@gmail.com,,,,Yes,,,,
08/11/2023,Membership,,"260 Cherry Hills Way^^Colorado Springs^Color^80921^","Property in good standing","260 Cherry Hills Way",6131302036,Joseph,Pelizza,,MEMBER,10/14/2021,"260 Cherry Hills Way^^Colorado Springs^CO^80921^",,pelizza40@gmail.com,,07/12/2021,04/06/2022,36742,,No,Active,26461689c74b08d1992482277,1,,pelizza40@gmail.com,,,No,Yes,No,630-772-9777,No,No
03/28/2023,Membership,,"365 Rangely Dr^^Colorado Springs^Color^80921^","Property in good standing","365 Rangely Dr",6131402016,"James E",Payne,,MEMBER,07/10/2021,"365 Rangely Dr^^Colorado Springs^CO^80921^",,faithpayne66@gmail.com,,11/30/2011,07/10/2021,36742,,No,Active,83060e99d598f8c4946202463,1,,faithpayne66@gmail.com,,,,Yes,,760-960-3439,,
08/08/2023,Membership,287,"14640 Latrobe Dr^^Colorado Springs^Color^80921^","Property in good standing","14640 Latrobe Dr",6131406020,"Sandra L.",Paul-Sheasley,,MEMBER,07/10/2021,"14640 Latrobe Dr^^Colorado Springs^CO^80921^",,123sandylee@gmail.com,,02/06/2018,07/10/2021,36742,,No,Active,62860e99d4d7c4ca592377423,1,,123SandyLee@gmail.com,,,,Yes,,609-410-6412,,
,Membership,,"345 Doral Way^^Colorado Springs^Color^80921^","Property in good standing","345 Doral Way",6206104014,"Robert Howard",Patterson,,MEMBER,07/10/2021,"345 Doral Way^^Colorado Springs^CO^80921^","2.23.15: Added email and phone number 5/7/16 -there was No e-mail and ph.# - met with Mr. Patterson-got info.",rojopatt@comcast.net,,03/24/2016,07/10/2021,36742,,No,Active,46360e99d469613d274700250,1,,rojopatt@comcast.net,,,,Yes,,719-487-1524,,
,Membership,,"14025 Gleneagle Dr^^Colorado Springs^Color^80921^","Property in good standing","14025 Gleneagle Dr",6206301221,Steve,Partlow,,MEMBER,07/10/2021,"14025 Gleneagle Dr^^Colorado Springs^CO^80921^","the Summit at Gleneagle",separtlow@gmail.com,,09/17/2018,11/26/2021,36742,,No,Active,68760e99d5fd3c9a153331186,1,,steve.partlow@me.com,,,No,Yes,No,719-358-1594,Yes,
04/09/2024,Membership,,"14060 Gleneagle Dr^^Colorado Springs^Color^80921^","Property in good standing","14060 Gleneagle Dr",6206201042,Barney,Parker,,MEMBER,07/10/2021,"14060 Gleneagle Dr^^Colorado Springs^CO^80921^",,barneyp53@comcast.net,,11/03/1995,07/10/2021,36742,,No,Active,35960e99d4549684259681723,1,,barneyP53@comcast.net,,,,Yes,,719-481-3948,,
08/10/2026,Membership,,"115 Mission Hill Way^^Colorado Springs^Color^80921^","Property in good standing","115 Mission Hill Way",6206201080,Steven,Parker,"Carol (spouse)",MEMBER,10/14/2021,"115 Mission Hills Way^^Colorado Springs^CO^80921^","land_surveyist@hotmail.com
Greeted on 10/1/23",land_surveyist@hotmail.com,,09/15/2022,10/08/2023,36742,,No,Active,3796168a66a9a6b8273341740,1,,land_surveyist@hotmail.com,,No,No,Yes,No,719-641-3355,No,No
,Membership,,"55 Pauma Valley Dr^^Colorado Springs^Color^80921^","Property in good standing","55 Pauma Valley Dr",6131303009,Gabby,Parish,,MEMBER,07/13/2026,"770 Hubbell Drive^^Colorado Springs^CO^80911^",,tcgabby@homescolorado.com,,07/13/2026,07/13/2026,36742,,No,Pending,2366a5563715016f349340084,1,,tcgabby@homescolorado.com,,,,No,,719-210-1768,No,
,Membership,640,"695 Wuthering Heights Dr^^Colorado Springs^Color^80921^","Property in good standing","695 Wuthering Heights Dr",6131101067,"John H.",Papuga,,MEMBER,07/10/2021,"695 Wuthering Heights Dr^^Colorado Springs^CO^80921^",,johnpapuga@comcast.net,,03/31/1988,07/10/2021,36742,,No,Active,92160e99d5b35906747287684,1,,johnpapuga@comcast.net,,,,Yes,,,,
09/16/2026,Membership,158,"14445 Westchester Dr^^Colorado Springs^Color^80921^","Property in good standing","14445 Westchester Dr",6206201020,Pam,Padgett,,MEMBER,07/10/2021,"14445 Westchester Dr^^Colorado Springs^CO^80921^",,pjpadgett@comcast.net,,05/16/2001,07/10/2021,36742,,No,Active,95160e99d4881bcb576067737,1,,pjpadgett@comcast.net,,,,Yes,,719-487-9712,,
04/25/2025,Membership,668,"675 Rembrandt Court^^Colorado Springs^Color^80921^","Property in good standing","675 Rembrandt Court",6131103096,Frank,Owens,,MEMBER,07/10/2021,"675 Rembrandt Court^^Colorado Springs^CO^80921^",,frankcowens@comcast.net,,03/07/1988,07/10/2021,36742,,No,Active,65060e99d5c5871e848593403,1,,frankcowens@comcast.net,,,,Yes,,719-488-3416,,
08/04/2023,Membership,,"14395 Westchester Dr^^Colorado Springs^Color^80921^","Property in good standing","14395 Westchester Dr",6206201023,Lisa,Owenby,,MEMBER,07/10/2021,"14395 Westchester Dr^^Colorado Springs^CO^80921^",,lpowenby@gmail.com,,04/22/2019,07/10/2021,36742,,No,Active,72660e99d440666e869108306,1,,lpowenby@gmail.com,,,,Yes,,,,
,Membership,,"14527 River Oaks Dr^^Colorado Springs^Color^80921^","Property in good standing","14527 River Oaks Dr",6206201003,River,Outlaw,,MEMBER,09/28/2026,"14527 River Oaks Drive^Desiree Dr.^Colorado Springs^CO^80921^",,m.rivergraceoutlaw@gmail.com,,09/28/2026,09/29/2026,36742,,No,Active,8416abb58741b5bb291452089,1,,m.rivergraceoutlaw@gmail.com,,,,Yes,,720-771-1776,No,
07/19/2023,Membership,,"230 Wuthering Heights Dr^^Colorado Springs^Color^80921^","Property in good standing","230 Wuthering Heights Dr",6131206078,Cheri,Orr,,MEMBER,07/10/2021,"230 Wuthering Heights Dr^^Colorado Springs^CO^80921^","Orr Living Trust",cheriorr24@gmail.com,,06/17/2020,07/10/2021,36742,,No,Active,18460e99d55e7a2a269672019,1,,cheriorr24@gmail.com,,,,Yes,,,,
06/29/2023,Membership,504,"235 Wuthering Heights Dr^^Colorado Springs^Color^80921^","Property in good standing","235 Wuthering Heights Dr",6131209005,Richard,Olson,,MEMBER,07/10/2021,"235 Wuthering Heights Dr^^Colorado Springs^CO^80921^","Stephanie Reeser
pippa54@comcast.net
Greeted/Welcome Flowers 9/4/23",pippa54@comcast.net,,03/09/2023,09/04/2023,36742,,No,Active,98360e99d56010dd537589027,1,,pippa54@comcast.net,,No,No,Yes,No,630-441-6316,No,No
05/17/2024,Membership,80,"14120 Gleneagle Dr^^Colorado Springs^Color^80921^","Property in good standing","14120 Gleneagle Dr",6206201068,Larry,Oliver,,MEMBER,07/10/2021,"14120 Gleneagle Dr^^Colorado Springs^CO^80921^","New e-mail as of July 15, 2008 L. Oliver not receiving emails- added email address 7/31/2015",lcoretail@icloud.com,,08/16/1991,05/17/2024,36742,,No,Active,66060e99d459b7fd283692339,1,,lcoretail@icloud.com,,,,Yes,,719-488-9625,No,
04/13/2024,Membership,,"14239 Gleneagle Dr^^Colorado Springs^Color^80921^","Property in good standing","14239 Gleneagle Dr",6206104025,Matthew,Oliver,,MEMBER,07/10/2021,"14239 Gleneagle Dr^^Colorado Springs^CO^80921^","cell # 937-219-9582",woliver@ameritech.net,,08/27/2010,01/18/2023,36742,,No,Active,97960e99d47493b2760571959,1,,woliver@ameritech.net,,,,Yes,,937-219-9582,No,
03/22/2023,Membership,,"405 Cherry Hills Way^^Colorado Springs^Color^80921^","Property in good standing","405 Cherry Hills Way",6131406005,Michael,OHare,,MEMBER,07/10/2021,"405 Cherry Hills Way^^Colorado Springs^CO^80921^","no longer lives in gleneagle.  JBE 3/8/2015 3.16.15: Change of owners per Warranty Deed",mcohare@gmail.com,,03/06/2015,04/16/2022,36742,,No,Active,20960e99d56ce261691971476,1,,mcohare@gmail.com,,,No,Yes,No,323-691-5851,No,No
,Membership,,"14740 Latrobe Dr^^Colorado Springs^Color^80921^","Property in good standing","14740 Latrobe Dr",6131405002,John,Ogden,,MEMBER,07/10/2021,"14740 Latrobe Dr^^Colorado Springs^CO^80921^",,jreenogden@msn.com,,01/04/2002,07/10/2021,36742,,No,Active,34060e99d579967f307564693,1,,jreenogden@msn.com,,,,Yes,,719-488-0830,,
,Membership,,"15255 Renoir Place^^Colorado Springs^Color^80921^","Property Dues Delinquent","15255 Renoir Place",6131101076,Michael,OConnor,,MEMBER,07/10/2021,"15255 Renoir Place^^Colorado Springs^CO^80921^","removed mdconnortom@hotmail.com bad mail - jevans 9/16/2012 added email jevans 5/6/2013",moconnortom@hotmail.com,,09/01/2011,07/10/2021,36742,,No,Active,95460e99d5aecfa0752494925,1,,moconnortom@hotmail.com,,,,Yes,,717-343-8083,,
01/05/2024,Membership,,"14520 Latrobe Dr^^Colorado Springs^Color^80921^|14540 Latrobe Dr^^Colorado Springs^Color^80921^","Property in good standing","14520 Latrobe Dr^14540 Latrobe Dr",6131406011^6131406016,Mary,Obenauf,,MEMBER,07/10/2021,"14520 Latrobe Drive^^Colorado Springs^CO^80921^","Mary's work email? mobenauf@sbcglobal.net
This was on Lawrence's address record.",maryobenauf1@gmail.com,,01/22/2020,09/29/2022,36742,,No,Active,84160e99d4cd0eaf892274530,1,,maryobenauf1@gmail.com,,No,No,Yes,No,402-291-6295,No,No
04/25/2026,Membership,,"110 Huntington Beach Dr^^Colorado Springs^Color^80921^","Property in good standing","110 Huntington Beach Dr",6206201055,"Michael & Rebecca",O'Rourke,,MEMBER,09/30/2025,"110 Huntingto Beach Dr.^^Colorado Springs^CO^80921^",,rebeccaor@comcast.net,12/31/2025,09/30/2025,10/14/2025,36742,,No,Expired,29368dc15d80d2ae822173748,1,,REBECCAOR@COMCAST.NET,,,,Yes,,,No,
,Membership,,"110 Huntington Beach Dr^^Colorado Springs^Color^80921^|125 Huntington Beach Dr^^Colorado Springs^Color^80921^","Property in good standing","110 Huntington Beach Dr^125 Huntington Beach Dr",6206201055^6206201065,Michael,O`Rourke,,MEMBER,07/10/2021,"110 Huntington Beach Dr^^Colorado Springs^CO^80921^",,,,11/03/1992,07/30/2021,36742,,No,Active,15060e99d44a297d403685745,1,,MichaelORourke,,,,Yes,,719-481-8536,,
08/09/2026,Membership,,"14625 River Oaks Dr^^Colorado Springs^Color^80921^","Property in good standing","14625 River Oaks Dr",6131306005,KEVIN,Nunn,,MEMBER,07/18/2026,"14625 River Oaks Dr^^Colorado Springs^CO^80921^",,nunnkev@gmail.com,,07/18/2026,08/07/2026,36742,,No,Active,7456a5bc4519d3ee396840523,1,,nunnkev@gmail.com,,,,No,,805-670-3382,No,
10/17/2023,Membership,,"220 Wuthering Heights Dr^^Colorado Springs^Color^80921^","Property in good standing","220 Wuthering Heights Dr",6131206077,Dennis,Novich,,MEMBER,07/10/2021,"220 Wuthering Heights Dr^^Colorado Springs^CO^80921^",,djnovich@comcast.net,,07/01/1985,07/10/2021,36742,,No,Active,88960e99d55d9af8605559822,1,,djnovich@comcast.net,,,,Yes,,719-556-9348,,
01/19/2025,Membership,121,"14225 Gleneagle Dr^^Colorado Springs^Color^80921^","Property in good standing","14225 Gleneagle Dr",6206104023,Carl,Nolt,,MEMBER,07/10/2021,"14225 Gleneagle Dr^^Colorado Springs^CO^80921^",,carlnolt@msn.com,,07/23/2014,07/10/2021,36742,,No,Active,23560e99d472612d305744014,1,,carlnolt@msn.com,,,,Yes,,305-514-8386,,
08/04/2023,Membership,,"14112 Stone Eagle Place^^Colorado Springs^Color^80921^","Property in good standing","14112 Stone Eagle Place",6206201123,Kenneth,Nieland,,MEMBER,01/01/2022,"14112 Stone Eagle Place^^Colorado Springs^CO^80921^",,kdnieland87@gmail.com,,11/05/2021,01/18/2022,36742,,No,Active,35961d0b74ca16a1932841502,1,,Kenneth.Nieland,,,No,Yes,Yes,,No,
04/27/2026,Membership,,"14386 Spyglass Hill Pl^^Colorado Springs^Color^80921^","Property Dues Delinquent","14386 Spyglass Hill Pl",6206201109,David,Newton,,MEMBER,07/10/2021,"14386 Spyglass Hill Place^^Colorado Springs^CO^80921^","Sold by the Summit at Gleneagle",davidnewton@centura.org,,03/30/2021,04/17/2023,36742,,No,Active,37460e99d61171ed379346351,1,,davidnewton@centura.org,,No,No,Yes,No,,No,No
,Membership,,"14386 Spyglass Hill Pl^^Colorado Springs^Color^80921^","Property Dues Delinquent","14386 Spyglass Hill Pl",6206201109,Kimberly,Newton,,MEMBER,01/26/2024,"14386 Spyglass Hill Pl^^Colorado Springs^CO^80921^",,kknewton5@gmail.com,12/31/2024,01/26/2024,01/26/2024,36742,,No,Expired,80565b46a6516a07051146179,1,,kknewton5@gmail.com,,,,Yes,,719-243-3537,No,
12/26/2022,Membership,,"14030 Gleneagle Drive^^Colorado Springs^Color^80921^","Property in good standing","14030 Gleneagle Drive",6206201122,Sharon,Newton,,MEMBER,07/10/2021,"14030 Gleneagle Drive^^Colorado Springs^CO^80921^",,,,02/27/2023,03/19/2023,36742,,No,Active,17360e99d615adff635520617,1,,SharonNewton,,No,No,No,No,,No,No
07/20/2023,Membership,,"14525 Bermuda Dunes Way^^Colorado Springs^Color^80921^","Property Dues Delinquent","14525 Bermuda Dunes Way",6131304008,John,Nelson,,MEMBER,07/10/2021,"14525 Bermuda Dunes Way^^Colorado Springs^CO^80921^",,jknelsonco@comcast.net,,07/21/2008,07/10/2021,36742,,No,Active,34160e99d48cced9029590264,1,,jknelsonco@comcast.net,,,,Yes,,719-358-8177,,
,Membership,276,"14536 Latrobe Dr^^Colorado Springs^Color^80921^","Property in good standing","14536 Latrobe Dr",6131406015,Lorraine,Neigh,,MEMBER,07/10/2021,"14536 Latrobe Dr^^Colorado Springs^CO^80921^",lorineigh@gmail.com,lorineigh@gmail.com,,09/16/2016,05/07/2023,36742,,No,Active,60860e99d4d06fed477466415,1,,lorineigh@gmail.com,,No,No,Yes,No,719-271-5625,No,No
03/23/2026,Membership,,"14520 River Oaks Dr^^Colorado Springs^Color^80921^","Property in good standing","14520 River Oaks Dr",6131303029,Magdelyn,Nehring,,MEMBER,10/03/2022,"14520 River Oaks Dr^^Colorado Springs^CO^80921^",,magdelynnehring@gmail.com,12/31/2022,10/03/2022,07/10/2023,36742,,No,Expired,987633b08047dc74272934612,1,,magdelynnehring@gmail.com,,No,No,Yes,No,720-688-6588,No,No
,Membership,316,"110 Pauma Valley Dr^^Colorado Springs^Color^80921^","Property in good standing","110 Pauma Valley Dr",6131302016,Joseph,Navalesi,,MEMBER,07/10/2021,"110 Pauma Valley Dr^^Colorado Springs^CO^80921^",,joenavalesi@cox.net,,07/22/2019,07/10/2021,36742,,No,Active,41960e99d4e8baca483867225,1,,joenavalesi@cox.net,,,,Yes,,719-922-4248,,
,Membership,226,"14521 River Oaks Dr^^Colorado Springs^Color^80921^","Property in good standing","14521 River Oaks Dr",6206201004,Mary,Nance,,MEMBER,07/10/2021,"14521 River Oaks Dr^^Colorado Springs^CO^80921^",,marbil1985@aol.com,,09/17/2002,07/10/2021,36742,,No,Active,65860e99d4b22d67345576844,1,,marbil1985@aol.com,,,,Yes,,719-488-2312,,
,Membership,,"14120 Westchester Dr^^Colorado Springs^Color^80921^","Property in good standing","14120 Westchester Dr",6206204012,Nicholas,Nail,,MEMBER,07/10/2021,"14120 Westchester Dr^^Colorado Springs^CO^80921^",,,,02/14/2018,07/10/2021,36742,,No,Active,63860e99d431bb7d242930849,1,,NicholasRyanNail,,,,Yes,,719-238-9731,,
07/12/2022,Membership,585,"446 Torrey Pines Way^^Colorado Springs^Color^80921^","Property in good standing","446 Torrey Pines Way",6131402004,Jim,Myers,,MEMBER,07/10/2021,"446 Torrey Pines Way^^Colorado Springs^CO^80921^",,jfsamyers@gmail.com,,01/30/1996,07/10/2021,36742,,No,Active,64960e99d592235f350642918,1,,jfsamyers@gmail.com,,,,Yes,,719-964-4084,,
06/19/2025,Membership,,"14350 Westchester Dr^^Colorado Springs^Color^80921^","Property in good standing","14350 Westchester Dr",6206204003,"Leonard L.",Myers,,MEMBER,07/10/2021,"14350 Westchester Dr^^Colorado Springs^CO^80921^","j.evans 1/3/2011: removed bad email",lynmyers@hotmail.com,,05/05/2003,11/16/2021,36742,,No,Active,34560e99d43df25c008399537,1,,lynmyers@hotmail.com,,,,Yes,No,719-488-3809,Yes,
09/09/2026,Membership,236,"14570 River Oaks Dr^^Colorado Springs^Color^80921^","Property in good standing","14570 River Oaks Dr",6131303034,Linda,Musarra,,MEMBER,07/10/2021,"14570 River Oaks Dr^^Colorado Springs^CO^80921^","Change of e-mail to comcast from msn in May 2009. Added spouse e-mail on 03-22-10...changed back to msn e-mail on 06-01-10",lindamusarra@msn.com,,10/10/2001,07/10/2021,36742,,No,Active,38760e99d4ba15fa872970114,1,,lindamusarra@msn.com,,,,Yes,,719-659-8948,,
04/07/2023,Membership,188,"14550 Westchester Dr^^Colorado Springs^Color^80921^","Property in good standing","14550 Westchester Dr",6131304001,Douglas,Murray,,MEMBER,07/10/2021,"14550 Westchester Dr^^Colorado Springs^CO^80921^","return to sender 3/5/10 resent dues to Occupant 6.28.15: added new email address provided",themurraycompany@aol.com,,10/10/2014,07/10/2021,36742,,No,Active,17260e99d49a902a358815097,1,,themurraycompany@aol.com,,,,Yes,,203-650-5720,,
08/03/2023,Membership,,"310 Pauma Valley Dr^^Colorado Springs^Color^80921^","Property in good standing","310 Pauma Valley Dr",6131302026,Beckie,Munson,,MEMBER,12/20/2021,"310 Pauma Valley^^Colorado Springs^CO^80921^",,beckie.munson@gmail.com,,12/20/2021,12/20/2021,36742,,No,Active,25161c0f887eec45719612413,1,,beckie.munson@gmail.com,,,No,Yes,No,443-360-0737,No,
05/12/2025,Membership,584,"440 Torrey Pines Way^^Colorado Springs^Color^80921^","Property in good standing","440 Torrey Pines Way",6131402005,Bob,Munoz,,MEMBER,07/10/2021,"440 Torrey Pines Way^^Colorado Springs^CO^80921^",,bob.dee72@comcast.net,,12/04/1998,07/10/2021,36742,,No,Active,85060e99d591b36d050061135,1,,bob.dee72@comcast.net,,,,Yes,,719-488-6792,,
,Membership,,"14331 Spyglass Hill Pl^^Colorado Springs^Color^80921^","Property in good standing","14331 Spyglass Hill Pl",6206201116,Jeffrey,Mulzer,,MEMBER,07/10/2021,"14331 Spyglass Hill Pl^^Colorado Springs^CO^80921^","the Summit at Gleneagle Saddletree Holdings, Inc, 1821 Austin Bluffs Pkwy, 80918",,,08/30/2019,07/10/2021,36742,,No,Active,93860e99d60c9759941836581,1,,JeffreyMulzer,,,,Yes,,,,
,Membership,,"655 Rembrandt Court^^Colorado Springs^Color^80921^","Property in good standing","655 Rembrandt Court",6131103098,"Robert D",Mullins,,MEMBER,07/10/2021,"655 Rembrandt Court^^Colorado Springs^CO^80921^","change of ownership",mullinsrobe@gmail.com,,08/14/2015,07/10/2021,36742,,No,Active,10460e99d5c25da8327486621,1,,mullinsrobe@gmail.com,,,,Yes,,360-314-6945,,
08/05/2023,Membership,,"14124 Stone Eagle Place^^Colorado Springs^Color^80921^","Property in good standing","14124 Stone Eagle Place",6206201124,James,Mullin,,MEMBER,07/10/2021,"14124 Stone Eagle Place^^Colorado Springs^CO^80921^","the Summit at Gleneagle",ryan.mullin@newmont.com,,10/23/2020,07/10/2021,36742,,No,Active,43660e99d616f3e3305805872,1,,ryan.mullin@newmont.com,,,,Yes,,,,
,Membership,13,"14115 Westchester Dr^^Colorado Springs^Color^80921^","Property in good standing","14115 Westchester Dr",6206201034,Mike,Morrissey,,MEMBER,07/10/2021,"14115 Westchester Dr^^Colorado Springs^CO^80921^",,comorrissey@aol.com,,09/29/1993,07/10/2021,36742,,No,Active,67260e99d4314ccf447233272,1,,comorrissey@aol.com,,,,Yes,,719-481-9599,,
,Membership,,"14115 Candlewood Court^^Colorado Springs^Color^80921^","Property in good standing","14115 Candlewood Court",6206104007,John,Morrison,,MEMBER,07/10/2021,"14115 Candlewood Court^^Colorado Springs^CO^80921^","e-mail change in May 2009",jrossmorrison@msn.com,,02/27/7998,07/10/2021,36742,,No,Active,16060e99d479fe4c664271061,1,,jrossmorrison@msn.com,,,,Yes,,719-481-0109,,
05/19/2023,Membership,,"15215 Diamondhead Court^^Colorado Springs^Color^80921^","Property in good standing","15215 Diamondhead Court",6131110051,Peter,Moran,,MEMBER,11/11/2021,"15215 Diamondhead ct^^colorado springs^CO^80921^",,pcmoran2016@gmail.com,12/31/2023,10/13/2021,05/06/2023,36742,,No,Expired,408618dbab29b913926052168,1,,pcmoran2016@gmail.com,,,No,Yes,No,937-986-9520,No,No
,Membership,681,"865 Wuthering Heights Dr^^Colorado Springs^Color^80921^","Property in good standing","865 Wuthering Heights Dr",6131110057,Steven,Moran,,MEMBER,07/10/2021,"865 Wuthering Heights Dr^^Colorado Springs^CO^80921^",,cynthia.moran2@yahoo.com,,01/01/1992,07/10/2021,36742,,No,Active,24960e99d5cc0d69558265603,1,,cynthia.moran2@yahoo.com,,,,Yes,,719-433-1396,,
,Membership,,"14247 Gleneagle Dr^^Colorado Springs^Color^80921^","Property in good standing","14247 Gleneagle Dr",6206104027,Weston,Moran,,MEMBER,04/25/2024,"14247 Gleneagle Drive^^Colorado Springs^CO^80921^",,weston.moran@gmail.com,12/31/2024,04/25/2024,04/25/2024,36742,,No,Expired,808662abc881f8a1112840382,1,,weston.moran@gmail.com,,,,No,,719-238-8484,No,
,Membership,,"14247 Gleneagle Dr^^Colorado Springs^Color^80921^","Property in good standing","14247 Gleneagle Dr",6206104027,Weston,Moran,,MEMBER,04/30/2024,"14247 Gleneagle Dr^^Colorado Springs^CO^80921^",,wes@morwes.com,12/31/2024,04/30/2024,04/30/2024,36742,,No,Expired,73766310e9e9f11e254032706,1,,wes@Morwes.com,,,,No,,719-238-8484,No,
04/10/2026,Membership,,"14680 Latrobe Dr^^Colorado Springs^Color^80921^","Property in good standing","14680 Latrobe Dr",6131406001,Eric,Moore,,MEMBER,12/10/2021,"14680 Latrobe Dr^^Colorado Springs^CO^80921^","ericmoore0914@gmail.com
Primary Phone
701-200-2398
Email Address
shannonmoore0914@gmail.com",shannonmoore0914@gmail.com,,08/27/2021,11/03/2023,36742,,No,Active,60661b3531a48cd6257759965,1,,shannonmoore0914@gmail.com,,No,No,Yes,No,701-200-2398,No,No
03/05/2026,Membership,704,"435 Picasso Court^^Colorado Springs^Color^80921^","Property in good standing","435 Picasso Court",6131103077,Ruth,Moore,,MEMBER,07/10/2021,"435 Picasso Court^^Colorado Springs^CO^80921^",,moorerm52@gmail.com,,07/22/1991,07/10/2021,36742,,No,Active,39660e99d5d96831312178194,1,,moorerm52@gmail.com,,,,Yes,,719-488-9530,,
,Membership,,"150 Palm Springs Dr^^Colorado Springs^Color^80921^","Property in good standing","150 Palm Springs Dr",6131301010,Ralph,Moffie,,MEMBER,07/10/2021,"150 Palm Springs Dr^^Colorado Springs^CO^80921^",,moffiemem@comcast.net,,04/01/1986,07/10/2021,36742,,No,Active,44560e99d4fa4c94190600157,1,,moffiemem@comcast.net,,,,Yes,,719-481-3938,,
03/21/2023,Membership,414,"225 Rangely Dr^^Colorado Springs^Color^80921^","Property in good standing","225 Rangely Dr",6131301030,Gary,Moe,,MEMBER,07/10/2021,"225 Rangely Dr^^Colorado Springs^CO^80921^",,gpmoe11@gmail.com,,09/27/2002,07/10/2021,36742,,No,Active,12260e99d525a435306960443,1,,gpmoe11@gmail.com,,,,Yes,,719-445-2412,,
01/01/2024,Membership,115,"14180 Gleneagle Dr^^Colorado Springs^Color^80921^","Property in good standing","14180 Gleneagle Dr",6206103012,Henry,Mitchell,,MEMBER,07/10/2021,"14180 Gleneagle Dr^^Colorado Springs^CO^80921^","cell# 439-7652
hmitchell01@comcast.net",hmitchell01@comcast.net,,10/27/1993,03/24/2023,36742,,No,Active,44760e99d46df484364276874,1,,hmitchell01@comcast.net,,No,No,Yes,No,719-488-0969,No,No
,Membership,,"14075 Westchester Dr^^Colorado Springs^Color^80921^","Property in good standing","14075 Westchester Dr",6206201036,Matthew,Misja,,MEMBER,03/29/2022,"16691 Timber Meadow Drive^^Colorado Springs^CO^80908^","6/12/22 Matt & Heather bought this property from their parents and will soon occupy it when parents move out.",heathermisja@gmail.com,,03/11/2022,06/12/2022,36742,,No,Active,910624392e9a3896802380496,1,,MatthewMisja,,,No,No,No,412-720-9368,No,No
01/14/2025,Membership,,"15018 LaJolla Place^^Colorado Springs^Color^80921^","Property in good standing","15018 LaJolla Place",,Shravan,Miriyala,,MEMBER,09/09/2021,"15018 La Jolla Pl^^Colorado Springs^CO^80921^",,pubshrav66@gmail.com,,09/09/2021,04/04/2022,36742,,No,Active,413613ac5c0f142e341773089,1,,pubshrav66@gmail.com,,,,Yes,,720-470-1785,,
,Membership,,"14585 River Oaks Dr^^Colorado Springs^Color^80921^","Property in good standing","14585 River Oaks Dr",6131306009,Gene,Miranda,,MEMBER,07/10/2021,"14585 River Oaks Dr^^Colorado Springs^CO^80921^",,genemiranda@comcast.net,,02/13/1992,07/10/2021,36742,,No,Active,43660e99d4bb5ca1297230142,1,,genemiranda@comcast.net,,,,Yes,,719-488-3831,,
05/21/2025,Membership,,"145 Huntington Beach Dr^^Colorado Springs^Color^80921^","Property in good standing","145 Huntington Beach Dr",6206201064,Bob,Minkus,,MEMBER,07/10/2021,"145 Huntington Beach Dr^^Colorado Springs^CO^80921^","Changed e-mail on 6/4/10 - Bill Carroll",bob-lois@minkusfamily.com,,09/03/1991,07/10/2021,36742,,No,Active,11860e99d44b73cd149051979,1,,bob-lois@minkusfamily.com,,,,Yes,,719-488-9644,,
08/05/2023,Membership,455,"115 Desert Inn Way^^Colorado Springs^Color^80921^","Property in good standing","115 Desert Inn Way",6131309024,Michael,Milner,,MEMBER,07/10/2021,"115 Desert Inn Way^^Colorado Springs^CO^80921^","removed mcpmilner@earthlink.net bad email - jevans 9/16/2012",milnerpetra@yahoo.com,,02/08/2002,07/10/2021,36742,,No,Active,50260e99d53db77d723101092,1,,milnerpetra@yahoo.com,,,,Yes,,719-484-0424,,
04/24/2023,Membership,,"15026 LaJolla Place^^Colorado Springs^Color^80921^","Property in good standing","15026 LaJolla Place",,Heidi,Miller,,MEMBER,07/10/2021,"15026 LaJolla Place^^Colorado Springs^CO^80921^","heidimiller85@gmail.com. Greeted on 10/28/23.",heidimiller85@gmail.com,,08/02/2022,10/28/2023,36742,,No,Active,65560e99d54bdfb2583911793,1,,heidimiller85@gmail.com,,No,No,Yes,No,931-217-6801,No,No
,Membership,,"14797 Latrobe Court^^Colorado Springs^Color^80921^","Property in good standing","14797 Latrobe Court",6131402038,Kent,Miller,,MEMBER,07/10/2021,"14797 Latrobe Court^^Colorado Springs^CO^80921^",,sophiem031@aol.com,,11/13/2001,07/10/2021,36742,,No,Active,96660e99d580c245772418072,1,,sophiem031@aol.com,,,,Yes,,719-488-1152,,
,Membership,510,"275 Wuthering Heights Dr^^Colorado Springs^Color^80921^","Property in good standing","275 Wuthering Heights Dr",6131209002,"Leonard D. Jr",Miller,,MEMBER,07/10/2021,"275 Wuthering Heights Dr^^Colorado Springs^CO^80921^","New e-mail as of April 2009",jmiller275@hotmail.com,,08/01/1987,07/10/2021,36742,,No,Active,26360e99d56421c5244883432,1,,jmiller275@hotmail.com,,,,Yes,,719-488-0332,,
,Membership,533,"470 Cherry Hills Way^^Colorado Springs^Color^80921^","Property in good standing","470 Cherry Hills Way",6131405010,Milton,Miller,,MEMBER,07/10/2021,"470 Cherry Hills Way^^Colorado Springs^CO^80921^",,miltm65@gmail.com,,08/13/2004,04/06/2022,36742,,No,Active,90460e99d571c4e7116624438,1,,miltm65@gmail.com,,,No,Yes,No,719-644-0550,No,No
,Membership,,"520 Mission Hill Way^^Colorado Springs^Color^80921^","Property Dues Delinquent","520 Mission Hill Way",6206101003,Yolinda,Miller,,MEMBER,10/28/2021,"520 Mission Hill Way^^Colorado Springs^CO^80921^",,joyin2011@yahoo.com,,10/28/2021,07/12/2022,36742,,No,Active,304617b19a3bfef2484237674,1,,joyin2011@yahoo.com,,,No,Yes,No,,No,No
08/03/2023,Membership,390,"325 Palm Springs Dr^^Colorado Springs^Color^80921^","Property in good standing","325 Palm Springs Dr",6131404006,"Cory J",Middel,,MEMBER,07/10/2021,"5781 Ft Wright Oval^^Fairchild AFB^WA^99011-2203^",,lauramiddel@gmail.com,,08/29/2017,08/10/2021,36742,,No,Active,82160e99d5160435469697369,1,,lauramiddel@gmail.com,,,,Yes,,210-701-7622,,
05/05/2026,Membership,,"230 Cherry Hills Way^^Colorado Springs^Color^80921^","Property in good standing","230 Cherry Hills Way",6131302034,Denny,Middel,,MEMBER,07/10/2021,"230 Cherry Hills Way^^Colorado Springs^CO^80921^",,denmiddel@gmail.com,,08/21/2014,11/26/2021,36742,,No,Active,47560e99d505baf5202922704,1,,denmiddel@gmail.com,,,,Yes,No,303-241-3983,Yes,
08/03/2023,Membership,,"14450 River Oaks Dr^^Colorado Springs^Color^80921^","Property in good standing","14450 River Oaks Dr",6206201015,Raymond,Micklewright,,MEMBER,07/10/2021,"14450 River Oaks Dr^^Colorado Springs^CO^80921^",,sarimicklewright@aol.com,,06/26/1992,07/10/2021,36742,,No,Active,77360e99d4aabf74159241864,1,,sarimicklewright@aol.com,,,,Yes,,719-488-2847,,
09/13/2026,Membership,,"14450 River Oaks Dr^^Colorado Springs^Color^80921^","Property in good standing","14450 River Oaks Dr",6206201015,Raymond,Micklewright,,MEMBER,05/12/2026,"14450 River Oaks Drive^^Colorado Springs^CO^80921^",,raymicklewright@gmail.com,,05/12/2026,09/21/2026,36742,,No,Active,8496a0399bf4c529264561435,1,,raymicklewright@gmail.com,,,,Yes,,719-488-2847,No,
,Membership,,"14450 River Oaks Dr^^Colorado Springs^Color^80921^","Property in good standing","14450 River Oaks Dr",6206201015,Raymond,Micklewright,,MEMBER,05/12/2026,"14450 River Oaks Drive^^Colorado Springs^CO^80921^",,raymicklewright@aol.com,,05/12/2026,05/14/2026,36742,,No,Active,1136a039b332a34b476594240,1,,raymicklewright@aol.com,,,,No,,719-440-8830,No,
07/17/2023,Membership,,"295 Desert Inn Way^^Colorado Springs^Color^80921^","Property in good standing","295 Desert Inn Way",6131403008,Andrew,Meyer,,MEMBER,08/26/2021,"295 Desert Inn Way^^Colorado SPrings^CO^80921^",,iandrewmeyer@gmail.com,,08/26/2021,04/04/2022,36742,,No,Active,4206127e9cda80a9195595492,1,,iandrewmeyer@gmail.com,,,,Yes,,386-334-0378,,
11/04/2025,Membership,,"240 Wuthering Heights Dr^^Colorado Springs^Color^80921^","Property in good standing","240 Wuthering Heights Dr",6131206079,Hal,Meyer,,MEMBER,07/10/2021,"240 Wuthering Heights Dr^^Colorado Springs^CO^80921^",,peakmeyer@msn.com,,06/16/1992,11/26/2021,36742,,No,Active,99460e99d5608d06276405376,1,,peakmeyer@msn.com,,,,Yes,No,719-481-9755,Yes,
,Membership,,"35 Huntington Beach Dr^^Colorado Springs^Color^80921^","Property Dues Delinquent","35 Huntington Beach Drive",6206201107,"Eddie (Charles)",Merrideth,,MEMBER,09/03/2021,"35 Huntington Beach Drive^^COLORADO SPRINGS^CO^80921^",,eddiemeredithconstruction@gmail.com,,09/03/2021,03/25/2023,36742,,No,Active,738613294cc90966775392291,1,,eddiemeredithconstruction@gmail.com,,No,No,Yes,No,,No,No
,Membership,,,,,,Charles,Meredith,,MEMBER,07/10/2021,"1355 Piros Dr.^^Colorado Springs^CO^80921^",,,,05/07/2018,07/10/2021,36742,,No,Active,27460e99d5fbde35640720023,1,,CharlesMeredith,,,,Yes,,,,
,Membership,120,"14220 Gleneagle Dr^^Colorado Springs^Color^80921^","Property in good standing","14220 Gleneagle Dr",6206103009,Louie,Mendoza,,MEMBER,07/10/2021,"14220 Gleneagle Dr^^Colorado Springs^CO^80921^",,louieandnicolemendoza@hotmail.com,,12/29/2015,08/28/2022,36742,,No,Active,93560e99d471e015537380655,1,,louieandnicolemendoza@hotmail.com,,No,No,Yes,No,951-816-5916,No,No
,Membership,,"450 Rangely Dr^^Colorado Springs^Color^80921^","Property in good standing","450 Rangely Dr",6131401004,Ken,Mellott,,MEMBER,07/10/2021,"450 Rangely Dr^^Colorado Springs^CO^80921^","3.16.15: Paid back owing double.  Ck 5449 for $132.30.  Applied $45 to 2015, and refunded $87.30, Ck #1871",kwm17@aol.com,,06/05/1992,07/10/2021,36742,,No,Active,34860e99d59d299b462967978,1,,kwm17@aol.com,,,,Yes,,719-488-3146,,
,Membership,621,"635 Wuthering Heights Dr^^Colorado Springs^Color^80921^","Property in good standing","635 Wuthering Heights Dr",6131101063,Gordon,Mellema,,MEMBER,07/10/2021,"635 Wuthering Heights Dr^^Colorado Springs^CO^80921^",,gmellema@aol.com,,09/24/1991,07/10/2021,36742,,No,Active,54360e99d5a87aa1921828870,1,,gmellema@aol.com,,,,Yes,,719-488-9846,,
,Membership,692,"15210 Diamondhead Court^^Colorado Springs^Color^80921^","Property in good standing","15210 Diamondhead Court",6131106017,"Jennifer K",Melahn,,MEMBER,07/10/2021,"15210 Diamondhead Court^^Colorado Springs^CO^80921^",,jmelahn918@gmail.com,,06/06/2017,07/10/2021,36742,,No,Active,54760e99d5d43b1a517478310,1,,jmelahn918@gmail.com,,,,Yes,,815-276-2373,,
,Membership,,"235 Desert Inn Way^^Colorado Springs^Color^80921^","Property in good standing","235 Desert Inn Way",6131309001,David,Meier,,MEMBER,10/08/2025,"235 Desert Inn Way^^Colorado Springs^CO^80921^",,meierdc@hotmail.com,12/31/2025,10/08/2025,10/14/2025,36742,,No,Expired,81668e704a2ad39e322847205,1,,meierdc@hotmail.com,,,,No,,937-938-8708,No,
08/03/2023,Membership,466,"235 Desert Inn Way^^Colorado Springs^Color^80921^","Property in good standing","235 Desert Inn Way",6131309001,David,Meier,,MEMBER,07/10/2021,"235 Desert Inn Way^^Colorado Springs^CO^80921^","County records property address: 230 Rangely",emilybmeier@hotmail.com,,07/26/2010,07/10/2021,36742,,No,Active,24460e99d5458a49291980426,1,,emilybmeier@Hotmail.com,,,,Yes,,719-999-8444,,
,Membership,185,"14530 Westchester Dr^^Colorado Springs^Color^80921^","Property in good standing","14530 Westchester Dr",6131304010,"James L",McVay,,MEMBER,07/10/2021,"14530 Westchester Dr^^Colorado Springs^CO^80921^","5.13.15: Title ltr received",,,05/27/2015,06/04/2022,36742,,No,Active,38260e99d49866a8408397450,1,,JamesLMcVay,,,No,Yes,No,,No,No
,Membership,,"460 Wuthering Heights Dr^^Colorado Springs^Color^80921^","Property in good standing","460 Wuthering Heights Dr",6131103083,Grady,McNeill,,MEMBER,07/10/2021,"16929 W Hinsdale Way^^Aurora^CO^80016^","Grady McNeill 16929 E Hinsdale Way Foxfield, CO 80016 16929 W HINSDALE WAY AURORA CO 80016",,,08/01/1984,09/16/2021,36742,,No,Active,90560e99d5e9b94b988652666,1,,GradyMcNeill,,,,Yes,,303-291-7280,,
08/07/2026,Membership,,"170 Doral Way^^Colorado Springs^Color^80921^","Property in good standing","170 Doral Way",6206206005,Jeffrey,McLemore,,MEMBER,07/10/2021,"170 Doral Way^^Colorado Springs^CO^80921^",,mclemop@att.net,,08/17/2018,11/26/2021,36742,,No,Active,37860e99d45eec5d846938861,1,,mclemop@att.net,,,,Yes,No,719-487-9150,Yes,
,Membership,,"14475 Bermuda Dunes Way^^Colorado Springs^Color^80921^","Property in good standing","14475 Bermuda Dunes Way",6206202004,Thomas,McKeon,,MEMBER,07/10/2021,"14475 Bermuda Dunes Way^^Colorado Springs^CO^80921^","719-331-0745
719-487-7549
peyton105@yahoo.com
tmckeon22@yahoo.com",tmckeon22@yahoo.com,,08/01/2004,08/12/2023,36742,,No,Active,58060e99d48aaacc677678521,1,,tmckeon22@yahoo.com,,No,No,Yes,No,719-331-0745,No,No
03/21/2023,Membership,,"510 Wuthering Heights Dr^^Colorado Springs^Color^80921^","Property in good standing","510 Wuthering Heights Dr",6131103085,Dan,McKee,,MEMBER,07/10/2021,"510 Wuthering Heights Dr^^Colorado Springs^CO^80921^","include in directory but not phone #",danjulie@webbydan.com,,07/01/2004,07/10/2021,36742,,No,Active,95160e99d5eca86d529316736,1,,danjulie@webbydan.com,,,,Yes,,719-321-0611,,
01/15/2024,Membership,,"580 Wuthering Heights Dr^^Colorado Springs^Color^80921^","Property in good standing","580 Wuthering Heights Dr",6131103101,Steven,McIntosh,,MEMBER,07/10/2021,"580 Wuthering Heights Dr^^Colorado Springs^CO^80921^",,steve.mcintosh@gmail.com,,04/10/2014,07/10/2021,36742,,No,Active,15260e99d5a5176e102941160,1,,steve.mcintosh@gmail.com,,,,Yes,,719-492-7157,,
,Membership,,"14365 Westchester Dr^^Colorado Springs^Color^80921^","Property Dues Delinquent","14365 Westchester Dr",6206201024,Jay,McGuffin,,MEMBER,07/29/2021,"14365 Westchester Dr^^Colorado Springs^CO^80921^",,vicw001@gmail.com,,07/29/2021,07/29/2021,36742,,No,Active,68961029a25e3220013449970,1,,vicw001@gmail.com,,,,Yes,,719-502-5075,,
,Membership,,"205 Pauma Valley Dr^^Colorado Springs^Color^80921^","Property in good standing","205 Pauma Valley Dr",6131303004,Mark,McGrath,,MEMBER,07/10/2021,"205 Pauma Valley Dr^^Colorado Springs^CO^80921^",,mmcgrath@terarecon.com,,12/14/2005,07/10/2021,36742,,No,Active,77160e99d4ebc1d3849644265,1,,mmcgrath@terarecon.com,,,,Yes,,719-473-2000,,
,Membership,,"205 Pauma Valley Dr^^Colorado Springs^Color^80921^","Property in good standing","205 Pauma Valley Dr",6131303004,Mark,McGrath,,MEMBER,09/29/2025,"205 Pauma Valley Dr^^Colorado Springs^CO^80921^",,mark8983@icloud.com,12/31/2025,09/29/2025,09/30/2025,36742,,No,Expired,81768dab62e37138117621567,1,,Mark8983@icloud.com,,,,Yes,,719-325-6497,No,
02/02/2026,Membership,,"595 Wuthering Heights Dr^^Colorado Springs^Color^80921^","Property in good standing","595 Wuthering Heights Dr",6131101061,Teri,McGrath,,MEMBER,11/09/2021,"14965 Crooked Spur Lane^^Colorado Springs^CO^80921^",,tjmcgrat@yahoo.com,,09/18/1996,11/26/2021,36742,,No,Active,985618a942eccbca868080388,1,,tjmcgrat@yahoo.com,,,,Yes,No,571-217-5449,Yes,
02/01/2024,Membership,,"14635 River Oaks Dr^^Colorado Springs^Color^80921^","Property in good standing","14635 River Oaks Dr",6131306004,Brandon,McDowell,,MEMBER,09/19/2021,"14635 River Oaks Dr^^Colorado Springs^CO^80921^",,bemcdowell@gmail.com,,09/19/2021,04/04/2022,36742,,No,Active,8186147c42ca2c65998716447,1,,bemcdowell@gmail.com,,,,No,No,678-586-9890,Yes,
03/21/2023,Membership,,"65 Doral Way^^Colorado Springs^Color^80921^","Property in good standing","65 Doral Way",6206104012,Thomas,McDorman,,MEMBER,07/10/2021,"65 Doral Way^^Colorado Springs^CO^80921^","tom.deena@me.com

tom.deena@gmail.com
719-304-6997",tom.deena@me.com,,10/25/2019,09/21/2026,36742,,No,Active,88860e99d602ce22632513613,1,,tom.deena@me.com,,No,No,Yes,No,719-304-9740,Yes,No
,Membership,,"280 Desert Inn Way^^Colorado Springs^Color^80921^","Property in good standing","280 Desert Inn Way",6131403009,Donna,McCoy,,MEMBER,05/19/2026,"280 Desert Inn Way^^Colorado Springs^CO^80921^",,dmdaisy7@gmail.com,,05/19/2026,05/21/2026,36742,,No,Active,7666a0c95d21494d078080745,1,,dmdaisy7@gmail.com,,,,No,,719-930-8603,No,
05/19/2026,Membership,,"280 Desert Inn Way^^Colorado Springs^Color^80921^","Property in good standing","280 Desert Inn Way",6131403009,Robert,McCoy,,MEMBER,07/10/2021,"280 Desert Inn Way^^Colorado Springs^CO^80921^","alternate email: staff@heritagewb.com",br7on7co7@msn.com,,09/08/2014,07/10/2021,36742,,No,Active,96960e99d51db4a3379950301,1,,BR7ON7CO7@msn.com,,,,Yes,,,,
,Membership,714,"975 Wuthering Heights Dr^^Colorado Springs^Color^80921^","Property in good standing","975 Wuthering Heights Dr",6131106020,Dave,McCone,,MEMBER,07/10/2021,"975 Wuthering Heights Dr^^Colorado Springs^CO^80921^",,lisa.mccone@asd20.org,,06/29/1998,07/10/2021,36742,,No,Active,97660e99d5e116c5200252110,1,,Lisa.McCone@asd20.org,,,,Yes,,719-481-1674,,
08/27/2025,Membership,,"975 Wuthering Heights Dr^^Colorado Springs^Color^80921^","Property in good standing","975 Wuthering Heights Dr",6131106020,Dave,McCone,,MEMBER,08/25/2025,"975 Wuthering Heights Dr^^Colorado Springs^CO^80921^",,drmccone51@gmail.com,12/31/2025,08/25/2025,08/26/2025,36742,,No,Expired,23468ace77ad3368887967705,1,,drmccone51@gmail.com,,,,No,,719-232-1036,No,
,Membership,,,,,,"Michael A",McCausland,,MEMBER,07/10/2021,"15215 Diamondhead Court^^Colorado Springs^CO^80921^","5.23.15: Rcvd title check, no WD",chrismc54@aol.com,,05/12/2015,07/10/2021,36742,,No,Active,24460e99d5d4af7e052761768,1,,chrismc54@aol.com,,,,Yes,,719-440-3546,,
,Membership,,"14050 Gleneagle Dr^^Colorado Springs^Color^80921^","Property in good standing","14050 Gleneagle Dr",6206201041,Jody,McCarthy,,MEMBER,07/10/2021,"2841 Winslow Springs Dr^^Henderson^NV^89052^","Owners are out of the area. Falcon Property Solutions is managing the property.  No renter name provided to date.",,,09/20/2012,09/21/2021,36742,,No,Active,41060e99d452eaf2855033110,1,,JodyMcCarthy,,,,Yes,,,,
04/13/2026,Membership,,,,,,Thomas,McCarthy,,MEMBER,07/10/2021,"2841 Winslow Springs Dr^^Henderson^NV^89052^","Owners are out of the area. Falcon Property Solutions is managing the property.  No renter name provided to date.",thomnjody@comcast.net,,09/20/2012,07/10/2021,36742,,No,Active,59460e99d45351dc681865754,1,,thomnjody@comcast.net,,,,Yes,,321-779-1365,,
03/20/2023,Membership,367,"245 Cherry Hills Way^^Colorado Springs^Color^80921^","Property in good standing","245 Cherry Hills Way",6131302031,Damian,McCabe,,MEMBER,07/10/2021,"245 Cherry Hills Way^^Colorado Springs^CO^80921^","719.360.5107 Damian & Fiona Bancroft in NR sheet?",eurobeagle@hotmail.com,,06/29/2012,07/10/2021,36742,,No,Active,96160e99d5085403900111614,1,,eurobeagle@hotmail.com,,,,Yes,,719-487-8704,,
03/24/2023,Membership,,"95 Palm Springs Dr^^Colorado Springs^Color^80921^","Property in good standing","95 Palm Springs Dr",6131404001,Joel,Maynard,,MEMBER,07/10/2021,"95 Palm Springs Dr^^Colorado Springs^CO^80921^","2003 dues paid by Stewart Title",jrmdownunder@aol.com,,09/16/2003,07/10/2021,36742,,No,Active,73960e99d4f4604c663484312,1,,jrmdownunder@aol.com,,,,Yes,,719-488-1366,,
08/09/2023,Membership,,"260 Wuthering Heights Dr^^Colorado Springs^Color^80921^","Property in good standing","260 Wuthering Heights Dr",6131206081,"George Dr",Mastroianni,,MEMBER,07/10/2021,"260 Wuthering Heights Dr^^Colorado Springs^CO^80921^","719-201-4815
annidawg@comcast.net",rorydoggie@gmail.com,,07/11/1997,09/19/2022,36742,,No,Active,41860e99d563420f443723092,1,,rorydoggie@gmail.com,,No,No,Yes,No,719-481-6591,No,No
,Membership,443,"10 Desert Inn Way^^Colorado Springs^Color^80921^","Property in good standing","10 Desert Inn Way",6131307022,Mehran,Massoumi,,MEMBER,07/10/2021,"106 Grand Blvd^^San Mateo^CA^94401^",,mehran29@yahoo.com,,06/20/2016,07/10/2021,36742,,No,Active,32860e99d536bcc1717156221,1,,mehran29@yahoo.com,,,,Yes,,,,
,Membership,,"220 Cherry Hills Way^^Colorado Springs^Color^80921^","Property in good standing","220 Cherry Hills Way",6131302033,Isaac,"Martinez Garcia",,MEMBER,07/10/2021,"220 Cherry Hills Way^^Colorado Springs^CO^80921^",,,,09/09/2016,05/07/2023,36742,,No,Active,45160e99d504df46670324346,1,,IsaacMartinez,,No,No,Yes,No,650-210-6860,No,No
08/03/2023,Membership,,"14625 River Oaks Dr^^Colorado Springs^Color^80921^","Property in good standing","14625 River Oaks Dr",6131306005,Mark,Martin,,MEMBER,07/10/2021,"14625 River Oaks Dr^^Colorado Springs^CO^80921^","Received complaint from potential buyer of numerous violations; unkempt appearance, non-running vehicle in driveway, junk piled on side of house, etc.  Notice to owners.  Do not have name for renters.",mmark7604@gmail.com,,03/18/2016,11/26/2021,36742,,No,Active,63160e99d4c00519317203062,1,,mmark7604@gmail.com,,,,Yes,No,918-906-7795,Yes,
09/11/2026,Membership,816,"330 Silver Rock Pl^^Colorado Springs^Color^80921^","Property in good standing","330 Silver Rock Pl",6206103057,Martha,Martin,,MEMBER,07/10/2021,"330 Silver Rock Place^^Colorado Springs^CO^80921^","sold by the Summit at Gleneagle",suzimar000@gmail.com,,02/01/2019,09/01/2022,36742,,No,Active,45760e99d61327fc806714101,1,,suzimar000@gmail.com,,,No,Yes,No,805-479-6630,No,No
04/13/2023,Membership,726,"415 Wuthering Heights Dr^^Colorado Springs^Color^80921^","Property in good standing","415 Wuthering Heights Dr",6131104006,Phillis,Martin,,MEMBER,07/10/2021,"415 Wuthering Heights Dr^^Colorado Springs^CO^80921^","Phillis Lin at EPCO, however she is married to David Martin",greenpeas15@gmail.com,,01/27/2021,07/28/2021,36742,,No,Active,80160e99d5e6ace7044510469,1,,PhillisLin,,,,Yes,,510-827-0476,,
05/27/2025,Membership,,"360 Doral Way^^Colorado Springs^Color^80921^","Property in good standing","360 Doral Way",6206104050,Travis,Mark,,MEMBER,07/10/2021,"360 Doral Way^^Colorado Springs^CO^80921^","Jami 719-351-1942",tmark@markmedical.net,,03/20/2020,07/10/2021,36742,,No,Active,43760e99d601ee17027793251,1,,tmark@markmedical.net,,,,Yes,,480-275-1342,,
04/28/2024,Membership,552,"14776 Latrobe Court^^Colorado Springs^Color^80921^","Property in good standing","14776 Latrobe Court",6131402036,Paulette,Marine,,MEMBER,07/10/2021,"14776 Latrobe Court^^Colorado Springs^CO^80921^",,p.marine@comcast.net,,06/02/2003,09/21/2026,36742,,No,Active,89760e99d57e560e165591014,1,,p.marine@comcast.net,,,,Yes,,719-231-0659,,
04/17/2023,Membership,,"14185 Gleneagle Dr^^Colorado Springs^Color^80921^","Property in good standing","14185 Gleneagle Dr",6206104046,Tricia,Mandeville,,MEMBER,09/19/2022,"14185 Gleneagle Drive^^Colorado Springs^CO^80921^",,triciamandeville@me.com,12/31/2023,09/19/2022,04/17/2023,36742,,No,Expired,2786328ba81aa1da664101667,1,,triciamandeville@me.com,,,,Yes,,316-214-9548,No,
,Membership,,"14585 Westchester Dr^^Colorado Springs^Color^80921^","Property in good standing","14585 Westchester Dr",6131303014,Curtis,Malfeld,,MEMBER,09/16/2026,"14585 Westchester Drive^^Colorado Springs^CO^80921^",,liftoff87@gmail.com,,09/16/2026,09/16/2026,36742,,No,Pending,2526aaa944c966d7240858379,1,,liftoff87@gmail.com,,,,No,,719-238-2379,No,
,Membership,,"14585 Westchester Dr^^Colorado Springs^Color^80921^","Property in good standing","14585 Westchester Dr",6131303014,Curtis,Malfeld,,MEMBER,07/10/2021,"14585 Westchester Dr^^Colorado Springs^CO^80921^",,rockymountaindana@gmail.com,,12/13/1993,07/10/2021,36742,,No,Active,31960e99d4a2e478872301810,1,,rockymountaindana@gmail.com,,,,Yes,,719-487-8589,,
09/29/2026,Membership,817,"331 Silver Rock Pl^^Colorado Springs^Color^80921^","Property in good standing","331 Silver Rock Pl",7311402042,Robert,Makros,,MEMBER,07/10/2021,"331 Silver Rock Place^^Colorado Springs^CO^80921^",,rmakros@yahoo.com,,11/04/2013,07/20/2026,36742,,No,Active,91460e99d61392e2709272956,1,,rmakros@yahoo.com,,,No,Yes,No,660-441-4600,No,
07/29/2026,Membership,730,"455 Wuthering Heights Dr^^Colorado Springs^Color^80921^","Property in good standing","455 Wuthering Heights Dr",6131104004,Joshua,Maine,,MEMBER,07/10/2021,"455 Wuthering Heights Dr^^Colorado Springs^CO^80921^",joshuaamaine@gmail.com,joshuaamaine@gmail.com,,04/13/2023,07/12/2023,36742,,No,Active,81260e99d5e9504d650873167,1,,joshuaamaine@gmail.com,,No,No,No,No,239-222-7267,No,No
05/15/2022,Membership,,"14243 Gleneagle Dr^^Colorado Springs^Color^80921^","Property Dues Delinquent","14243 Gleneagle Dr",6206104026,Dick,Maday,,MEMBER,07/10/2021,"14243 Gleneagle Dr^^Colorado Springs^CO^80921^",,thecolomadays02@yahoo.com,,07/14/1995,07/10/2021,36742,,No,Active,41760e99d475d6eb323015535,1,,thecolomadays02@yahoo.com,,,,Yes,,719-649-8223,,
11/24/2023,Membership,333,"70 Palm Springs Dr^^Colorado Springs^Color^80921^","Property in good standing","70 Palm Springs Dr",6131301015,Kambriel,Macaluso-Williams,,MEMBER,07/10/2021,"70 Palm Springs Dr^^Colorado Springs^CO^80921^","Updated owner name per note from daughter. Ms. Norman sadly passed away last year.
719-481-0003
cwilliams1923@gmail.com
978-210-1907",cwilliams1923@gmail.com,,06/07/2013,04/30/2023,36742,,No,Active,66660e99d4f23181329845932,1,,cwilliams1923@gmail.com,,No,No,Yes,No,978-210-1907,No,No
04/17/2023,Membership,465,"210 Desert Inn Way^^Colorado Springs^Color^80921^","Property in good standing","210 Desert Inn Way",6131307022,"Mark H.",MacAlester,,MEMBER,07/10/2021,"210 Desert Inn Way^^Colorado Springs^CO^80921^","hamilmac@comcast.net
ellenlbmac@comcast.net",hamilmac@comcast.net,,02/07/2019,04/16/2023,36742,,No,Active,13260e99d5451ce4535491703,1,,hamilmac@comcast.net,,No,No,Yes,No,719-419-7939,No,No
,Membership,518,"15175 Thornbird Ct^^Colorado Springs^Color^80921^","Property in good standing","15175 Thornbird Ct",6131206085,Josh,Lunn,,MEMBER,07/10/2021,"15175 Thornbird Ct^^Colorado Springs^CO^80921^",,renae@warriorservicesgroup.com,,02/28/2012,07/10/2021,36742,,No,Active,56160e99d56a4384836960667,1,,renae@warriorservicesgroup.com,,,,Yes,,719-290-5122,,
,Membership,,,,,,Colin,Lunas,,MEMBER,07/10/2021,"14175 Candlewood Court^^Colorado Springs^CO^80921^","cwlunas@hotmail.com
443-243-9631
PO Box 2902
Stika, AK 99835",,,10/01/2018,06/21/2023,36742,,No,Active,89860e99d4801769764371709,1,,caabbf0b9c1711ecb2c6246e967886f8,,No,No,Yes,No,503-260-3705,No,No
,Membership,,"75 Pauma Valley Dr^^Colorado Springs^Color^80921^","Property Dues Delinquent","75 Pauma Valley Dr",6131408001,Brian,Lumberg,,MEMBER,03/11/2024,"75 Pauma Valley Dr^^Colorado Springs^CO^80921^",,brianlumberg@yahoo.com,12/31/2024,03/11/2024,03/11/2024,36742,,No,Expired,68465ef222095684965652663,1,,brianlumberg@yahoo.com,,,,No,,719-660-3225,No,
,Membership,,"75 Pauma Valley Dr^^Colorado Springs^Color^80921^","Property Dues Delinquent","75 Pauma Valley Dr",6131408001,Brian,Lumberg,,MEMBER,07/10/2021,"75 Pauma Valley Dr^^Colorado Springs^CO^80921^","2.1.15: eml Stammler returned/removed",staci_wald@yahoo.com,,05/11/2018,07/10/2021,36742,,No,Active,51060e99d4e67fe1354324006,1,,BrianLumberg,,,,Yes,,,,
03/31/2023,Membership,,"14790 Latrobe Court^^Colorado Springs^Color^80921^","Property in good standing","14790 Latrobe Court",6131402037,Marion,Luke,,MEMBER,07/10/2021,"14790 Latrobe Court^^Colorado Springs^CO^80921^","new email 2/23/2012 - jevans",francesmarionluke@gmail.com,,04/05/1993,07/10/2021,36742,,No,Active,41560e99d57f301c440602999,1,,francesmarionluke@gmail.com,,,,Yes,,719-481-4607,,
,Membership,,"13975 Westchester Dr^^Colorado Springs^Color^80921^","Property in good standing","13975 Westchester Dr",6206302002,Bruce,Luckett,,MEMBER,07/10/2021,"13975 Westchester Dr^^Colorado Springs^CO^80921^",,luckett.home@comcast.net,,10/02/1990,07/10/2021,36742,,No,Active,66960e99d427c4cc853937481,1,,luckett.home@comcast.net,,,,Yes,,719-481-4995,,
01/16/2026,Membership,,"385 Palm Springs Dr^^Colorado Springs^Color^80921^","Property in good standing","385 Palm Springs Dr",6131404020,Armando,Lucero,,MEMBER,10/15/2021,"385 Palm Springs Dr^^Colorado Springs^CO^80921^",,armando.lucero1@gmail.com,,10/04/2021,04/03/2022,36742,,No,Active,4516169f9be7a188392549296,1,,armando.lucero1@gmail.com,,,No,Yes,No,505-688-9277,No,No
10/04/2022,Membership,,"14230 Gleneagle Dr^^Colorado Springs^Color^80921^","Property in good standing","14230 Gleneagle Dr",6206103008,Yan,Lu,,MEMBER,01/31/2022,"21800 RIFREDI CT^^CUPERTINO^CA^95014^","updated mailing address 9.24.2022 TD Resent invoice",luyansemail@gmail.com,12/31/2022,01/31/2022,09/24/2022,36742,,No,Expired,28761f8295dbf352177263257,1,,luyansemail@gmail.com,,No,No,No,No,719-330-0768,No,No
08/09/2023,Membership,,"14545 Westchester Dr^^Colorado Springs^Color^80921^","Property in good standing","14545 Westchester Dr",6131303022,William,Lowes,,MEMBER,07/10/2021,"14545 Westchester Dr^^Colorado Springs^CO^80921^",,mblowe@att.net,,02/15/2006,11/26/2021,36742,,No,Active,61660e99d499b848279584646,1,,mblowe@att.net,,,,Yes,No,719-339-0227,Yes,
08/03/2023,Membership,,"14480 Bermuda Dunes Way^^Colorado Springs^Color^80921^","Property in good standing","14480 Bermuda Dunes Way",6206203001,Donald,Long,,MEMBER,07/10/2021,"14480 Bermuda Dunes Way^^Colorado Springs^CO^80921^",,jeaninehlong@yahoo.com,,03/01/1984,07/10/2021,36742,,No,Active,67160e99d48b89f9269944725,1,,jeaninehlong@yahoo.com,,,,Yes,,719-488-2854,,
12/03/2021,Membership,,"125 Wuthering Heights Dr^^Colorado Springs^Color^80921^","Property in good standing","125 Wuthering Heights Dr",6131307010,Susan,Logan,,MEMBER,07/10/2021,"125 Wuthering Heights Dr^^Colorado Springs^CO^80921^",,rslogan814@gmail.com,,02/28/2013,07/10/2021,36742,,No,Active,18560e99d5539d37638425786,1,,Rslogan814@gmail.com,,,,Yes,,719-632-5799,,
09/11/2026,Membership,,"14550 Bermuda Dunes Way^^Colorado Springs^Color^80921^","Property in good standing","14550 Bermuda Dunes Way",6131308045,Daniel,Litwhiler,,MEMBER,07/10/2021,"14550 Bermuda Dunes Way^^Colorado Springs^CO^80921^",333-7019,dwlit@yahoo.com,,10/03/2002,07/10/2021,36742,,No,Active,48960e99d48ef735971839636,1,,dwlit@yahoo.com,,,,Yes,,719-488-1663,,
10/17/2023,Membership,719,"305 Wuthering Heights Dr^^Colorado Springs^Color^80921^","Property in good standing","305 Wuthering Heights Dr",6131104011,John,Little,,MEMBER,07/10/2021,"305 Wuthering Heights Dr^^Colorado Springs^CO^80921^",,ronjohnlittle@comcast.net,,06/07/1994,07/10/2021,36742,,No,Active,80260e99d5e202d6640092524,1,,ronjohnlittle@comcast.net,,,,Yes,,719-964-8793,,
06/25/2024,Membership,771,"14155 Gleneagle Dr^^Colorado Springs^Color^80921^","Property in good standing","14155 Gleneagle Dr",6206206007,Bruce,Litchfield,,MEMBER,07/10/2021,"14155 Gleneagle Dr^^Colorado Springs^CO^80921^","the Summit at Gleneagle transfer Current legal address: 401 East Liberty St., Milford, MI 48381",brucejane@bellsouth.net,,04/24/2018,11/26/2021,36742,,No,Active,39360e99d6048050844831153,1,,brucejane@bellsouth.net,,,,Yes,No,865-742-2378,Yes,
12/30/2025,Membership,348,"170 Palm Springs Dr^^Colorado Springs^Color^80921^","Property in good standing","170 Palm Springs Dr",6131301009,Scott,Lindner,,MEMBER,07/10/2021,"170 Palm Springs Dr^^Colorado Springs^CO^80921^",,scott.lindner@gmail.com,,01/13/2020,04/18/2022,36742,,No,Active,84760e99d4fc2849203989821,1,,scott.lindner@gmail.com,,,No,Yes,No,719-433-4722,No,No
,Membership,604,"505 Rangely Dr^^Colorado Springs^Color^80921^","Property in good standing","505 Rangely Dr",6131402019,John,"Lindemulder, Jr",,MEMBER,07/10/2021,"505 Rangely Dr^^Colorado Springs^CO^80921^","20 Feb -- Stacey Cruz sent note with 2017 dues stating that they did no own the home until july30, 2015 and refuses to pay the dues and late fee from 2014 forward. Did not include 2016 dues payment.",linde5@msn.com,,05/02/2017,07/10/2021,36742,,No,Active,64060e99d59e0fe9774394015,1,,linde5@msn.com,,,,Yes,,815-685-5075,,
01/26/2026,Membership,623,"655 Wuthering Heights Dr^^Colorado Springs^Color^80921^","Property in good standing","655 Wuthering Heights Dr",6131101064,Randy,Liefer,,MEMBER,07/10/2021,"655 Wuthering Heights Dr^^Colorado Springs^CO^80921^",,leedogger@aol.com,,07/01/1985,07/10/2021,36742,,No,Active,22260e99d5a95820377262477,1,,leedogger@aol.com,,,,Yes,,719-488-3010,,
,Membership,,"434 Torrey Pines Way^^Colorado Springs^Color^80921^","Property in good standing","434 Torrey Pines Way",6131402006,Robert,Lewis,,MEMBER,07/10/2021,"434 Torrey Pines Way^^Colorado Springs^CO^80921^",,re.lewis@cox.net,,06/25/2010,07/10/2021,36742,,No,Active,62160e99d590dca0475589783,1,,re.lewis@cox.net,,,,Yes,,,,
05/12/2026,Membership,6131302042,"140 Pauma Valley Dr^^Colorado Springs^Color^80921^","Property in good standing","140 Pauma Valley Dr",6131302042,William,Lewis,,MEMBER,09/02/2021,"140 Pauma Valley Dr.^^colorado springs^CO^80921^",,william.l.lewis@usa.net,,09/02/2021,04/04/2022,36742,,No,Active,391613139d2a229d824564031,1,,william.l.lewis@usa.net,,,,Yes,,615-305-2656,,
,Membership,209,"14425 River Oaks Dr^^Colorado Springs^Color^80921^","Property in good standing","14425 River Oaks Dr",6206201008,Ruth,Levy,,MEMBER,07/10/2021,"14425 River Oaks Dr^^Colorado Springs^CO^80921^",,rulev12@earthlink.net,,02/25/1999,11/15/2023,36742,,No,Active,69960e99d4a82e34407213571,1,,rulev12@earthlink.net,,No,No,Yes,No,719-488-2355,No,No
,Membership,,"14565 Bermuda Dunes Way^^Colorado Springs^Color^80921^","Property in good standing","14565 Bermuda Dunes Way",6131304006,David,Lester,,MEMBER,07/10/2021,"14565 Bermuda Dunes Way^^Colorado Springs^CO^80921^",,lesterd649@aol.com,,07/01/1991,07/10/2021,36742,,No,Active,88860e99d49096f8282368742,1,,lesterd649@aol.com,,,,Yes,,719-488-3685,,
,Membership,,"416 Torrey Pines Way^^Colorado Springs^Color^80921^","Property in good standing","416 Torrey Pines Way",6131402009,Greg,Leonard,,MEMBER,07/10/2021,"416 Torrey Pines Way^^Colorado Springs^CO^80921^",,tgregor4@comcast.net,,05/07/2012,07/10/2021,36742,,No,Active,43960e99d58e0ad0856163146,1,,tgregor4@comcast.net,,,,Yes,,719-963-8810,,
07/09/2026,Membership,,"25 Rangely Dr^^Colorado Springs^Color^80921^","Property in good standing","25 Rangely Dr",6131301030,"Dan and Sharon",Leisering,,MEMBER,08/12/2021,"25 Rangely Drive^^Colorado Springs^CO^80921^",,dsleis84@gmail.com,,08/12/2021,07/07/2026,36742,,No,Active,187611535992fc6b633156416,1,,dsleis84@gmail.com,,,,Yes,,630-601-0181,No,
,Membership,,,,,,Daniel,Leisering,,MEMBER,07/10/2021,"226 S. Harvard Ave^^Villa Park^IL^60181-2512^",,,,05/01/2019,08/12/2021,36742,,No,Active,62260e99d52c1cd0388519555,1,,67c87f12fba311eb9eb2246e967886f8,,,,,,630-601-0181,,
04/20/2023,Membership,,"14055 Westchester Dr^^Colorado Springs^Color^80921^","Property in good standing","14055 Westchester Dr",6206201037,John,Leipold,,MEMBER,07/10/2021,"14055 Westchester Dr^^Colorado Springs^CO^80921^",,mlokeefe@gmail.com,,08/16/2005,07/10/2021,36742,,No,Active,40960e99d42d10d2197770471,1,,mlokeefe@gmail.com,,,,Yes,,719-227-1397,,
08/03/2023,Membership,,"311 Silver Rock Pl^^Colorado Springs^Color^80921^","Property in good standing","311 Silver Rock Pl",6206103050,Sharleen,Leimbach,,MEMBER,03/23/2023,"14527 River Oaks Dr^^Colorado Springs^CO^80921^",,grleimbach@gmail.com,,03/23/2023,03/23/2023,36742,,No,Active,392641d1dfcea67e773310103,1,,grleimbach@gmail.com,,No,No,No,No,,No,No
09/15/2026,Membership,,"14527 River Oaks Dr^^Colorado Springs^Color^80921^","Property in good standing","14527 River Oaks Dr",6206201003,"Sharleen and Glenn",Leimbach,,MEMBER^ADMINRBOS,07/10/2021,"14527 River Oaks Dr^^Colorado Springs^CO^80921^",,grleimbach@aol.com,,07/12/1993,09/30/2026,36742,,No,Active,53460e99d4b29e92261027068,1,,grleimbach@aol.com,,No,No,Yes,No,719-488-3461,Yes,No
04/14/2026,Membership,,"925 Wuthering Heights Dr^^Colorado Springs^Color^80921^","Property in good standing","925 Wuthering Heights Dr",6131110052,Jacob,Leggett,,MEMBER,03/25/2026,"925 Wuthering Heights Dr^^Colorado Springs^CO^80921^",,jacob.leggett@westernalum.org,,03/25/2026,03/29/2026,36742,,No,Active,60569c3ec6174d58395057344,1,,jacob.leggett@westernalum.org,,,,No,,719-424-2579,No,
07/16/2026,Membership,776,"14255 Gleneagle Dr^^Colorado Springs^Color^80921^","Property in good standing","14255 Gleneagle Dr",6206104051,Clifford,Lee,,MEMBER,07/10/2021,"134 Vintage Park Blvd Ste A128^^Houstan^TX^77070-3998^","the Summit at Gleneagle",obxkarma@gmail.com,,04/02/2018,04/15/2022,36742,,No,Active,78460e99d607829a970347001,1,,obxkarma@gmail.com,,,No,Yes,No,484-340-6259,No,No
06/02/2026,Membership,96,"255 Doral Way^^Colorado Springs^Color^80921^","Property in good standing","255 Doral Way",6206205017,"Mary Carolyn",Lee,,MEMBER,07/10/2021,"255 Doral Way^^Colorado Springs^CO^80921^","Doug Karczewski",mcarolynlee@yahoo.com,,09/01/1985,07/10/2021,36742,,No,Active,93160e99d463ba29970615527,1,,mcarolynlee@yahoo.com,,,,Yes,,719-488-3535,,
12/16/2023,Membership,,"14569 Westchester Dr^^Colorado Springs^Color^80921^","Property in good standing","14569 Westchester Dr",6131303012,Steven,Lee,,MEMBER,07/10/2021,"14569 Westchester Dr^^Colorado Springs^CO^80921^",,stevetwylalee@gmail.com,,03/15/2010,07/10/2021,36742,,No,Active,83860e99d4a03971996894515,1,,stevetwylalee@gmail.com,,,,Yes,,719-822-7422,,
,Membership,674,"820 Wuthering Heights Dr^^Colorado Springs^Color^80921^","Property in good standing","820 Wuthering Heights Dr",6131103058,Jami,Leahy,,MEMBER,07/10/2021,"820 Wuthering Heights Dr^^Colorado Springs^CO^80921^",,jamileahy@gmail.com,,07/29/2008,07/10/2021,36742,,No,Active,29760e99d5c73f32439940976,1,,jamileahy@gmail.com,,,,Yes,,719-650-9180,,
08/03/2023,Membership,,"415 Rangely Dr^^Colorado Springs^Color^80921^","Property in good standing","415 Rangely Dr",6131402017,"Justin S",Laurie,,MEMBER,07/10/2021,"415 Rangely Dr^^Colorado Springs^CO^80921^","Changed email per HO request",melanie.d.laurie@gmail.com,,06/07/2017,07/10/2021,36742,,No,Active,11860e99d59aa8e9871711578,1,,melanie.d.laurie@gmail.com,,,,Yes,,707-880-0993,,
,Membership,,"14160 Gleneagle Dr^^Colorado Springs^Color^80921^","Property in good standing","14160 Gleneagle Dr",6206201072,Glenda,Launder,,MEMBER,07/10/2021,"14160 Gleneagle Dr^^Colorado Springs^CO^80921^",,,,08/11/2022,09/02/2022,36742,,No,Active,12060e99d46c4a88236757033,1,,GlendaLaunder,,No,No,Yes,No,,No,No
,Membership,,"14160 Gleneagle Dr^^Colorado Springs^Color^80921^","Property in good standing","14160 Gleneagle Dr",6206201072,Glenna,Launder,,MEMBER,02/10/2024,"14160 Gleneagle Dr.^^Colorado Springs^CO^80921^",,glenna.launder@gmail.com,12/31/2024,02/10/2024,02/10/2024,36742,,No,Expired,26865c7f7fc8bed4126620994,1,,glenna.launder@gmail.com,,,,No,,843-209-8288,No,
05/09/2023,Membership,,"14510 Westchester Dr^^Colorado Springs^Color^80921^","Property in good standing","14510 Westchester Dr",6206202001,Ryan,Lauber,,MEMBER,07/10/2021,"14510 Westchester Dr^^Colorado Springs^CO^80921^",,ryan_lauber@yahoo.com,,06/10/2016,07/10/2021,36742,,No,Active,30960e99d496501d653866082,1,,ryan_lauber@yahoo.com,,,,Yes,,719-433-8968,,
,Membership,,"425 Picasso Court^^Colorado Springs^Color^80921^","Property in good standing","425 Picasso Court",6131103078,Bradley,LaRousse,,MEMBER,07/10/2021,"425 Picasso Court^^Colorado Springs^CO^80921^","5637 W Monte Verde Ct Visalia, CA 93277 559-636-7967 1/24/2015 change of ownership",kimmlarousse@gmail.com,,05/01/2019,07/10/2021,36742,,No,Active,63660e99d5d7a2a3502109322,1,,kimmlarousse@gmail.com,,,,Yes,,817-360-6023,,
,Membership,,"14675 Latrobe Dr^^Colorado Springs^Color^80921^","Property in good standing","14675 Latrobe Dr",6131402045,Michael,Larock,,MEMBER,07/10/2021,"14675 Latrobe Dr^^Colorado Springs^CO^80921^",,,,06/29/2005,07/10/2021,36742,,No,Active,38260e99d57400d7811971280,1,,MichaelLarock,,,,Yes,,,,
,Membership,,"14580 River Oaks Dr^^Colorado Springs^Color^80921^","Property in good standing","14580 River Oaks Dr",6131303035,Kevin,LaPierre,,MEMBER,07/10/2021,"14580 River Oaks Dr^^Colorado Springs^CO^80921^",,thelapierres4@gmail.com,,09/27/2013,07/10/2021,36742,,No,Active,21660e99d4ba8189312629539,1,,thelapierres4@gmail.com,,,,Yes,,719-375-5081,,
04/23/2026,Membership,101,"305 Doral Way^^Colorado Springs^Color^80921^","Property in good standing","305 Doral Way",6206104016,David,Langlois,,MEMBER,07/10/2021,"305 Doral Way^^Colorado Springs^CO^80921^",,belanglois@comcast.net,,06/14/2012,07/10/2021,36742,,No,Active,39160e99d4673855537197388,1,,belanglois@comcast.net,,,,Yes,,719-510-0173,,
09/26/2023,Membership,373,"345 Cherry Hills Way^^Colorado Springs^Color^80921^","Property in good standing","345 Cherry Hills Way",6131407001,Michael,Lang,,MEMBER,07/10/2021,"345 Cherry Hills Way^^Colorado Springs^CO^80921^","3.16.15: Address on check: 1900 E Girard Place,#806, Englewood, CO 80113 5.23.15; $100, Vanessa Bivens, Coldwell Banker, for HOA update, Kevin sent 6.28.15: Change in ownership Contact info added 7/29/2015",gearhead@bikerider.com,,06/08/2015,07/10/2021,36742,,No,Active,12360e99d50b5e8c511153263,1,,gearhead@bikerider.com,,,,Yes,,719-488-4344,,
01/17/2026,Membership,710,"465 Picasso Court^^Colorado Springs^Color^80921^","Property in good standing","465 Picasso Court",6131103074,Barrett,Lamb,,MEMBER,07/10/2021,"465 Picasso Court^^Colorado Springs^CO^80921^",barrettlamb@gmail.com,barrettlamb@gmail.com,,06/20/2018,07/25/2023,36742,,No,Active,87460e99d5de33e9203014584,1,,barrettlamb@gmail.com,,No,No,Yes,No,,No,No
06/18/2026,Membership,20,"14155 Westchester Dr^^Colorado Springs^Color^80921^","Property in good standing","14155 Westchester Dr",6206201032,Aaron,Lade,,MEMBER,07/10/2021,"16151 OLD FORREST POINT APT 100^^Monument^CO^80132^","Deployed Service Member Address: Aaron Lade HHBN 1ID ATTN: 368EASOG APO AE 09366",musketf16@yahoo.com,,08/29/2014,07/10/2021,36742,,No,Active,26460e99d4338883431905886,1,,musketf16@yahoo.com,,,,Yes,,719-505-5434,,
01/31/2026,Membership,,"265 Cherry Hills Way^^Colorado Springs^Color^80921^","Property in good standing","265 Cherry Hills Way",6131302030,Carol,Kujawa,,MEMBER,01/01/2022,"265 Cherry Hills Way^^Colorado Springs^CO^80921^",chkujawa@gmail.com,chkujawa@gmail.com,,11/05/2021,03/03/2023,36742,,No,Active,29661d0b376d7c10537183261,1,,chkujawa@gmail.com,,No,No,Yes,Yes,719-246-2768,No,No
08/03/2023,Membership,385,"265 Palm Springs Dr^^Colorado Springs^Color^80921^","Property in good standing","265 Palm Springs Dr",6131302002,Kellie,Kuhn,,MEMBER,07/10/2021,"265 Palm Springs Dr^^Colorado Springs^CO^80921^","Updated address, email and phone per note with dues",kelliekuhn@gmail.com,,04/13/2017,07/10/2021,36742,,No,Active,38760e99d5129012388360607,1,,kelliekuhn@gmail.com,,,,Yes,,860-230-7985,,
08/04/2023,Membership,357,"250 Palm Springs Dr^^Colorado Springs^Color^80921^","Property in good standing","250 Palm Springs Dr",6131301004,Rod,Kuharich,,MEMBER,07/10/2021,"250 Palm Springs Dr^^Colorado Springs^CO^80921^",,rodkuharich@msn.com,,09/04/1997,07/10/2021,36742,,No,Active,22260e99d503226a511852493,1,,rodkuharich@msn.com,,,,Yes,,719-488-5616,,
04/21/2022,Membership,,"690 Wuthering Heights Dr^^Colorado Springs^Color^80921^","Property in good standing","690 Wuthering Heights Dr",,Robin,Krzykowski,,MEMBER,03/27/2022,"690 Wuthering Heights^^Colorado Springs^CO^80921^",,robink4424@gmail.com,12/31/2022,03/27/2022,03/29/2022,36742,,No,Expired,1686240a36a454b9097118438,1,,robink4424@gmail.com,,,No,No,No,713-408-3864,No,No
,Membership,,"15033 LaJolla Place^^Colorado Springs^Color^80921^","Property in good standing","15033 LaJolla Place",,Dan,Krynovich,,MEMBER,07/10/2021,"15033 LaJolla Place^^Colorado Springs^CO^80921^",,ekrynov@comcast.net,,01/05/1996,07/10/2021,36742,,No,Active,83260e99d54cbaf6920820974,1,,ekrynov@comcast.net,,,,Yes,,719-488-8116,,
09/15/2026,Membership,,"14173 Stone Eagle Place^^Colorado Springs^Color^80921^","Property in good standing","14173 Stone Eagle Place",6206201130,Dawn,Krupa,,MEMBER,03/08/2022,"14172 Stone Eagle Place^^Colorado Springs^CO^80921^",,dawn.m.krupa@gmail.com,,03/08/2022,09/04/2023,36742,,No,Active,94162280ac69b560356357424,1,,dawn.m.krupa@gmail.com,,No,No,Yes,No,,No,No
,Membership,,"620 Wuthering Heights Dr^^Colorado Springs^Color^80921^","Property in good standing","620 Wuthering Heights Dr",6131103102,Jerry,Krueger,,MEMBER,07/10/2021,"620 Wuthering Heights Dr^^Colorado Springs^CO^80921^",,jerry.krueger@comcast.net,,05/01/2005,07/10/2021,36742,,No,Active,16460e99d5a5e6bd601619162,1,,Jerry.Krueger@comcast.net,,,,Yes,,719-528-5672,,
07/24/2023,Membership,,"285 Rangely Dr^^Colorado Springs^Color^80921^","Property in good standing","285 Rangely Dr",6131403010,Jeffrey,Krska,,MEMBER,07/10/2021,"285 Rangely Dr^^Colorado Springs^CO^80921^",719-396-2878,ktluvs2run@hotmail.com,,09/15/2014,07/10/2021,36742,,No,Active,29660e99d529904d147784792,1,,ktluvs2run@hotmail.com,,,,Yes,,719-776-9986,,
04/25/2026,Membership,,"645 Rembrandt Court^^Colorado Springs^Color^80921^","Property Dues Delinquent","645 Rembrandt Court",6131103099,Dan,Krawzyk,,MEMBER,04/20/2026,"645 Rembrandt Court^^Colorado Springs^CO^80921^",,hunterdan83@gmail.com,,04/20/2026,04/21/2026,36742,,No,Active,63269e6972ac2f15060784630,1,,hunterdan83@gmail.com,,,,Yes,,719-684-6757,No,
,Membership,,"645 Rembrandt Court^^Colorado Springs^Color^80921^","Property Dues Delinquent","645 Rembrandt Court",6131103099,"Stephanie D",Krawzyk,,MEMBER,07/10/2021,"645 Rembrandt Court^^Colorado Springs^CO^80921^","12/20/2014 Changed ownership",,,11/24/2014,07/10/2021,36742,,No,Active,60260e99d5c0f882208434754,1,,StephanieDKrawzyk,,,,Yes,,,,
,Membership,482,"15049 LaJolla Place^^Colorado Springs^Color^80921^","Property in good standing","15049 LaJolla Place",,Syble,Krafft,,MEMBER,07/10/2021,"15049 LaJolla Place^^Colorado Springs^CO^80921^","2.23.15: Added email",krafft575@aol.com,,01/17/1985,07/10/2021,36742,,No,Active,36360e99d55010a7507353269,1,,krafft575@aol.com,,,,Yes,,719-488-2669,,
09/22/2026,Membership,272,"14524 Latrobe Dr^^Colorado Springs^Color^80921^","Property in good standing","14524 Latrobe Dr",6131406012,"Stephen Joseph",Kouri,,MEMBER,07/10/2021,"14524 Latrobe Dr^^Colorado Springs^CO^80921^","8/5/15,MLS: contact info update Cell: Steve - 719-661-8227, Connie- 719-331-5352",stevekouri@me.com,,07/02/2015,09/21/2026,36742,,No,Active,74460e99d4cd831c462416756,1,,stevekouri@me.com,,No,No,Yes,No,719-574-1126,No,No
07/12/2022,Membership,,"470 Palm Springs Way^^Colorado Springs^Color^80921^","Property in good standing","470 Palm Springs Way",6131402003,Rachelle,Kosik,,MEMBER,12/15/2021,"470 Palm Springs Way^^Colorado Springs^CO^80921^","and Jerald Graham",rachelle@dmscontrols.com,,12/15/2021,11/20/2023,36742,,No,Active,42761ba50d91f180221471639,1,,Rachelle@dmscontrols.com,,No,No,Yes,No,307-231-3696,No,No
01/22/2026,Membership,,"835 Wuthering Heights Dr^^Colorado Springs^Color^80921^","Property in good standing","835 Wuthering Heights Dr",6131101105,Richard,Koshak,,MEMBER,07/10/2021,"835 Wuthering Heights Dr^^Colorado Springs^CO^80921^",,rlkoshak@gmail.com,,05/29/2014,07/10/2021,36742,,No,Active,83960e99d5c88fee371308392,1,,rlkoshak@gmail.com,,,,Yes,,214-603-6631,,
09/25/2022,Membership,,"140 Mission Hill Way^^Colorado Springs^Color^80921^","Property in good standing","140 Mission Hill Way",6206201082,Mark,Kohman,,MEMBER,07/10/2021,"140 Mission Hill Way^^Colorado Springs^CO^80921^",,mark_kohman@hotmail.com,,02/25/2020,07/10/2021,36742,,No,Active,77060e99d4c49b8d678265033,1,,mark_kohman@hotmail.com,,,,Yes,,,,
08/30/2026,Membership,286,"14635 Latrobe Dr^^Colorado Springs^Color^80921^","Property in good standing","14635 Latrobe Dr",6131402047,Edwin,Kohl,,MEMBER,07/10/2021,"14635 Latrobe Dr^^Colorado Springs^CO^80921^",,kohlent@comcast.net,,07/10/2021,07/10/2021,36742,,No,Active,65960e99d4d7551c602859680,1,,kohlent@comcast.net,,,,Yes,,719-488-2870,,
,Membership,,"435 Wuthering Heights Dr^^Colorado Springs^Color^80921^","Property in good standing","435 Wuthering Heights Dr",6131104005,Jim,Kogler,,MEMBER,07/10/2021,"435 Wuthering Heights Dr^^Colorado Springs^CO^80921^","Changed e-mail address per member request on 11/10/13",kogsjb@gmail.com,,09/12/1990,09/27/2022,36742,,No,Active,63160e99d5e7e671202353854,1,,kogsjb@gmail.com,,No,No,Yes,No,719-330-9057,No,No
,Membership,,"205 Palm Springs Dr^^Colorado Springs^Color^80921^","Property in good standing","205 Palm Springs Dr",6131302005,Christopher,Koeninger,,MEMBER,07/10/2021,"205 Palm Springs Dr^^Colorado Springs^CO^80921^","918-688-4221 (mobile)",arrangingcreations@cox.net,,06/28/2013,07/10/2021,36742,,No,Active,75560e99d4fe8b73788652683,1,,arrangingcreations@cox.net,,,,Yes,,918-688-0997,,
04/04/2024,Membership,,"15002 LaJolla Place^^Colorado Springs^Color^80921^","Property in good standing","15002 LaJolla Place",,Gregory,Koenig,,MEMBER,07/10/2021,"15002 LaJolla Place^^Colorado Springs^CO^80921^",,gakoenig@hotmail.com,,02/18/2020,07/10/2021,36742,,No,Active,96960e99d545f711382699346,1,,gakoenig@hotmail.com,,,,Yes,,719-534-0368,,
,Membership,522,"14525 Gleneagle Dr^^Colorado Springs^Color^80921^","Property Dues Delinquent","14525 Gleneagle Dr",6131406009,"Bradley Dale",Koch,,MEMBER,07/10/2021,"14525 Gleneagle Dr^^Colorado Springs^CO^80921^","6.28.15: Change of ownership",,,05/05/2015,07/10/2021,36742,,No,Active,50860e99d56abb99286335336,1,,BradleyDaleKoch,,,,Yes,,,,
,Membership,,"195 Huntington Beach Dr^^Colorado Springs^Color^80921^","Property in good standing","195 Huntington Beach Dr",6206201061,Jonathan,Knight,,MEMBER,07/10/2021,"195 Huntington Beach Dr^^Colorado Springs^CO^80921^","drkipknight@aol.com
Primary Phone	719-210-2513",drkipknight@aol.com,,11/20/2012,11/14/2023,36742,,No,Active,75160e99d45074a9522788418,1,,drkipknight@aol.com,,No,No,Yes,No,719-210-2513,No,No
09/01/2026,Membership,,"40 Pauma Valley Dr^^Colorado Springs^Color^80921^","Property Dues Delinquent","40 Pauma Valley Dr",6131302042,Ashley,Klaus,,MEMBER,06/11/2025,"40 Pauma Valley Drive^^Colorado Springs^CO^80921^",,ashleyglenn46@gmail.com,12/31/2025,06/11/2025,07/24/2025,36742,,No,Expired,6296849af6b92d45419765812,1,,ashleyglenn46@gmail.com,,,,Yes,,719-271-7560,No,
,Membership,,"340 Wuthering Heights Dr^^Colorado Springs^Color^80921^","Property in good standing","340 Wuthering Heights Dr",6131106023,"Michael S",Klabon,,MEMBER,07/10/2021,"340 Wuthering Heights Dr^^Colorado Springs^CO^80921^","4.5.15: change of ownership",mklabon@hotmail.com,,03/27/2015,07/10/2021,36742,,No,Active,25060e99d5e35552172943465,1,,mklabon@hotmail.com,,,,Yes,,719-310-1988,,
01/02/2025,Membership,,"14460 River Oaks Dr^^Colorado Springs^Color^80921^","Property in good standing","14460 River Oaks Dr",6206201016,Robert,Kirkpatrick,,MEMBER,07/10/2021,"14460 River Oaks Dr^^Colorado Springs^CO^80921^",,bobkirkpat@comcast.net,,02/03/1994,07/10/2021,36742,,No,Active,99160e99d4ab908c996905895,1,,bobkirkpat@comcast.net,,,,Yes,,719-481-2040,,
09/29/2025,Membership,,"14710 Latrobe Dr^^Colorado Springs^Color^80921^","Property in good standing","14710 Latrobe Dr",6131405001,Kate,Kinnison,,MEMBER,07/10/2021,"14710 Latrobe Dr^^Colorado Springs^CO^80921^",719-648-7616,katebachmeier@gmail.com,,06/21/2010,06/29/2022,36742,,No,Active,70760e99d5770803112394961,1,,KateKinnison,,,No,Yes,No,970-405-3560,No,No
,Membership,,"14915 Gleneagle Dr^^Colorado Springs^Color^80921^","Property in good standing","14915 Gleneagle Dr",6131402011,ben,kingsley,,MEMBER,05/30/2025,"14915 Gleneagle Drive^^COLO SPGS^CO^80921^",,benkingsley@hotmail.co.uk,12/31/2025,05/30/2025,10/14/2025,36742,,No,Expired,7536839f67db5ab8346322877,1,,benkingsley@hotmail.co.uk,,,,No,,719-741-0153,No,
,Membership,,,,,,Brian,King,,MEMBER,07/10/2021,"690 Wuthering Heights Dr^^Colorado Springs^CO^80921^",,bking34684@yahoo.com,,09/30/2016,07/10/2021,36742,,No,Active,69760e99d5b2ef89566197179,1,,bking34684@yahoo.com,,,,Yes,,,,
11/11/2023,Membership,643,"725 Wuthering Heights Dr^^Colorado Springs^Color^80921^","Property in good standing","725 Wuthering Heights Dr",6131101069,Young,Kim,,MEMBER,07/10/2021,"725 Wuthering Heights Dr^^Colorado Springs^CO^80921^","2004 dues paid by Security Title 6.28.15: Removed renter status, as borrower is no longer deployed",drumtech808@gmail.com,,06/01/2022,09/16/2022,36742,6347489560bba.jpg,No,Active,98460e99d5b56403596202825,1,,drumtech808,,No,No,Yes,Yes,248-403-3452,No,No
,Membership,,"452 Torrey Pines Way^^Colorado Springs^Color^80921^","Property Dues Delinquent","452 Torrey Pines Way",6131402001,Wayne,Kiel,,MEMBER,07/10/2021,"452 Torrey Pines Way^^Colorado Springs^CO^80921^","Kathy informed us small payments on back dues will be starting soon. 4/26/14 Trivian Signed payment plan received - 17 March 18",,,03/08/2001,07/10/2021,36742,,No,Active,78060e99d59295b7102376826,1,,WayneKiel,,,,Yes,,719-481-6806,,
04/05/2024,Membership,,"330 Doral Way^^Colorado Springs^Color^80921^","Property in good standing","330 Doral Way",6206104020,Joe,Kesting,,MEMBER,07/10/2021,"330 Doral Way^^Colorado Springs^CO^80921^",,kestco@comcast.net,,07/10/2021,07/10/2021,36742,,No,Active,94860e99d46888cb252703239,1,,kestco@comcast.net,,,,Yes,,719-488-3460,,
,Membership,,"14035 Westchester Dr^^Colorado Springs^Color^80921^","Property Dues Delinquent","14035 Westchester Dr",6206201038,Floyd,Kerr,,MEMBER,07/10/2021,"PO BOX 5247^^LOMPOC^CA^93437-0247^","Owner address added 3/19/15 per K. Deardorff- MS; ""8.9.15, 2012 dues pd, owe 13, 14, 15 per ltr of intent""
PO BOX 5247 LOMPOC CA, 93437-0247",floydkalum@gmail.com,,12/16/2008,10/06/2023,36742,,No,Active,68460e99d42c230c094694211,1,,floydkalum@gmail.com,,No,No,Yes,No,719-351-0697,No,No
04/02/2024,Membership,,"14539 River Oaks Dr^^Colorado Springs^Color^80921^","Property in good standing","14539 River Oaks Dr",6131306013,Amanda,Kennell,,MEMBER,07/10/2021,"14539 River Oaks Dr^^Colorado Springs^CO^80921^",,mandyk.tx@gmail.com,,09/19/2022,11/14/2022,36742,,No,Active,54260e99d4b4f593196827666,1,,AmandaKennell,,No,No,Yes,No,832-814-7290,No,No
,Membership,737,"535 Wuthering Heights Dr^^Colorado Springs^Color^80921^","Property in good standing","535 Wuthering Heights Dr",6131104001,William,Kelly,,MEMBER,07/10/2021,"4967 Craftsman Dr^^Parker^CO^80134^","2.1.15: wmperlakelly5859@Q.com returned/removed.  Mailed dues notice.",wmperlakelly5859@msn.com,,09/05/1994,07/10/2021,36742,,No,Active,14060e99d5ee5013340112891,1,,wmperlakelly5859@msn.com,,,,Yes,,720-842-5175,,
05/22/2024,Membership,,"14755 Latrobe Court^^Colorado Springs^Color^80921^","Property in good standing","14755 Latrobe Court",6131402041,Daniel,Katzer,,MEMBER,07/10/2021,"14755 Latrobe Court^^Colorado Springs^CO^80921^",,ksk@k-c-c-i.com,,05/17/2006,07/10/2021,36742,,No,Active,66260e99d57c9116322500371,1,,ksk@k-c-c-i.com,,,,Yes,,719-598-3606,,
12/29/2025,Membership,380,"14755 Cherry Hills Place^^Colorado Springs^Color^80921^","Property in good standing","14755 Cherry Hills Place",6131404010,Mike,Karin,,MEMBER,07/10/2021,"14755 Cherry Hills Place^^Colorado Springs^CO^80921^",,mike@mjkarin.net,,03/25/2003,07/10/2021,36742,,No,Active,70660e99d511acf3052263215,1,,mike@mjkarin.net,,,,Yes,,719-229-6450,,
,Membership,138,"14125 Candlewood Court^^Colorado Springs^Color^80921^","Property in good standing","14125 Candlewood Court",6206104006,Chris,Kane,,MEMBER,07/10/2021,"14125 Candlewood Court^^Colorado Springs^CO^80921^",,h.l.kane@hotmail.com,,07/05/2002,07/10/2021,36742,,No,Active,53260e99d47b3e78121001645,1,,H.L.Kane@hotmail.com,,,,Yes,,719-591-2698,,
04/02/2024,Membership,734,"505 Wuthering Heights Dr^^Colorado Springs^Color^80921^","Property in good standing","505 Wuthering Heights Dr",6131104002,"John & Patricia",Kane,,MEMBER,07/10/2021,"2408 Huntington Park Dr^^ALEXANDRIA^VA^22303^","removed bad email, jhoops@homewatchcaregivers.com, jevans 9/16/2012 Rental property - current tenant is Cynthia Jackson, 719-309-8314; managed by Fossceco Realty 719-331-1967
maratt82@hotmail.com
571-509-9888",maratt82@hotmail.com,,11/30/2007,03/24/2023,36742,,No,Active,90360e99d5ec3d2c196768197,1,,maratt82@hotmail.com,,No,No,Yes,No,571-509-9888,No,No
,Membership,,"735 Wuthering Heights Dr^^Colorado Springs^Color^80921^","Property in good standing","735 Wuthering Heights Dr",6131101070,Gregory,Kamer,,MEMBER,07/10/2021,"735 Wuthering Heights Dr^^Colorado Springs^CO^80921^",,greg.kamer@outlook.com,,06/27/2019,07/10/2021,36742,,No,Active,72360e99d5b64529150088237,1,,greg.kamer@outlook.com,,,,Yes,,502-299-2797,,
,Membership,,"125 Pauma Valley Dr^^Colorado Springs^Color^80921^","Property in good standing","125 Pauma Valley Dr",6131303060,Kevin,Kalbfleisch,,MEMBER,07/10/2021,"125 Pauma Valley Dr^^Colorado Springs^CO^80921^",,k_public@comcast.net,,06/16/2006,07/10/2021,36742,,No,Active,24560e99d4e99c07722169687,1,,k_public@comcast.net,,,,Yes,,719-548-8385,,
08/03/2023,Membership,,"14594 Westchester Dr^^Colorado Springs^Color^80921^","Property in good standing","14594 Westchester Dr",6131304005,Kenneth,Judd,,MEMBER,07/10/2021,"14594 Westchester Dr^^Colorado Springs^CO^80921^","jevans-9/6/2011 - updated email",kenneth.judd@yahoo.com,,06/03/2002,03/24/2023,36742,,No,Active,34860e99d4a3c6fe168687134,1,,kenneth.judd@yahoo.com,,,,Yes,,719-651-3984,No,
,Membership,,"670 Wuthering Heights Dr^^Colorado Springs^Color^80921^","Property in good standing","670 Wuthering Heights Dr",6131103105,"Alan Robert",Joughin,,MEMBER,07/10/2021,"670 Wuthering Heights Dr^^Colorado Springs^CO^80921^",,alanjoughin@yahoo.com,,11/20/2018,07/10/2021,36742,,No,Active,83860e99d5a9c625494266303,1,,alanjoughin@yahoo.com,,,,Yes,,510-378-3487,,
10/26/2023,Membership,,"14475 River Oaks Dr^^Colorado Springs^Color^80921^","Property in good standing","14475 River Oaks Dr",6206201005,Bill,Jordeth,,MEMBER,07/10/2021,"14475 River Oaks Dr^^Colorado Springs^CO^80921^",,wjordeth@aol.com,,06/01/1986,07/10/2021,36742,,No,Active,25760e99d4ad3eac630260683,1,,wjordeth@aol.com,,,,Yes,,719-481-2849,,
08/09/2023,Membership,,"290 Rangely Dr^^Colorado Springs^Color^80921^","Property in good standing","290 Rangely Dr",6131307001,Barton,Jones,,MEMBER,07/10/2021,"290 Rangely Dr^^Colorado Springs^CO^80921^",,jmarykathr@aol.com,,02/19/1987,07/10/2021,36742,,No,Active,87860e99d52a6c4a405216051,1,,jmarykathr@aol.com,,,,Yes,,719-488-0653,,
07/13/2025,Membership,12,"14095 Westchester Dr^^Colorado Springs^Color^80921^","Property in good standing","14095 Westchester Dr",6206201035,Randy,Johnson,,MEMBER,07/10/2021,"14095 Westchester Dr^^Colorado Springs^CO^80921^","3785 Lower Honoapilani Rd Apt 316, Lahaina, HI 96761-9333 on check in 2021",memzjohnson@yahoo.com,,04/01/2011,07/10/2021,36742,,No,Active,97360e99d430dd64139736212,1,,memzjohnson@yahoo.com,,,,Yes,,720-398-7161,,
,Membership,,"15150 Thornbird Ct^^Colorado Springs^Color^80921^","Property in good standing","15150 Thornbird Ct",6131206083,Steve,Johnson,,MEMBER,07/10/2021,"15150 Thornbird Ct^^Colorado Springs^CO^80921^","Added e-mail on 05-02-10...Bill Carroll",cindystvjohnson@comcast.net,,07/18/2000,07/10/2021,36742,,No,Active,83460e99d567a3ce456651115,1,,cindystvjohnson@comcast.net,,,,Yes,,719-481-8923,,
01/21/2026,Membership,243,"14620 River Oaks Dr^^Colorado Springs^Color^80921^","Property Dues Delinquent","14620 River Oaks Dr",6131303037,Justin,Jenkins,,MEMBER,07/10/2021,"14620 River Oaks Dr^^Colorado Springs^CO^80921^",,jessicajenkins1014@gmail.com,,03/23/2020,07/10/2021,36742,,No,Active,23860e99d4bedd9a515727915,1,,jessicajenkins1014@gmail.com,,,,Yes,,,,
05/04/2026,Membership,317,"120 Pauma Valley Dr^^Colorado Springs^Color^80921^","Property Dues Delinquent","120 Pauma Valley Dr",6131302017,Vincent,Jenkins,,MEMBER,07/10/2021,"185 Polaris Point Loop^Apt 1-138^Colorado Springs^CO^80921^","info taken over phone by Bill on 12-02-09",wjenkins@qualcorr.com,,05/26/2009,05/04/2026,36742,,No,Active,56260e99d4e92c82136901291,1,,winkjenkins,,,,Yes,,270-963-1190,Yes,
,Membership,,"120 Pauma Valley Dr^^Colorado Springs^Color^80921^","Property Dues Delinquent","120 Pauma Valley Dr",6131302017,Vincent,Jenkins,,MEMBER,03/09/2024,"120 PAUMA VALLEY DR^^COLORADO SPRINGS^CO^80921^",,winkyj98@yahoo.com,12/31/2024,03/09/2024,03/09/2024,36742,,No,Expired,44765ec7d5387b2e486612048,1,,winkyj98@yahoo.com,,,,Yes,,270-963-1190,No,
,Membership,,"14435 Gleneagle Dr^^Colorado Springs^Color^80921^","Property in good standing","14435 Gleneagle Dr",6206101004,Bernard,Jene,,MEMBER,07/10/2021,"14435 Gleneagle Dr^^Colorado Springs^CO^80921^","jevans 8/14/2011-added spouse email JE: removed bounced email 12/6/2014. 2.2.15: HO asked for change to email address, changed.",accounts@xplsv.net,,05/24/2006,07/10/2021,36742,,No,Active,99960e99d4d834a8134865649,1,,accounts@xplsv.net,,,,Yes,,719-439-5406,,
,Membership,452,"75 Desert Inn Way^^Colorado Springs^Color^80921^","Property in good standing","75 Desert Inn Way",6131403006,Matthew,Jeffcoat,,MEMBER,07/10/2021,"75 Desert Inn Way^^Colorado Springs^CO^80921^",Maria,,,11/02/2023,11/15/2023,36742,,No,Active,57360e99d53bfa3b596892126,1,,MJeffcoat,,No,No,No,No,,No,No
,Membership,,"75 Desert Inn Way^^Colorado Springs^Color^80921^","Property in good standing","75 Desert Inn Way",6131403006,Tasha,Jeffcoat,,MEMBER,05/16/2024,"75 Desert Inn Way^^Colorado Springs^CO^80921^",,tashadjeffcoat@gmail.com,12/31/2024,05/16/2024,05/16/2024,36742,,No,Expired,4476646e3098ea5a276075678,1,,Tashadjeffcoat@gmail.com,,,,Yes,,803-730-1574,No,
,Membership,,"110 Palm Springs Dr^^Colorado Springs^Color^80921^","Property in good standing","110 Palm Springs Dr",6131301013,"Alvin Edward",Jarrell,,MEMBER,07/10/2021,"110 Palm Springs Dr^^Colorado Springs^CO^80921^",,,,12/28/2016,07/10/2021,36742,,No,Active,79560e99d4f53d57227280785,1,,AlvinEdwardJarrellIII,,,,Yes,,,,
08/27/2026,Membership,371,"325 Cherry Hills Way^^Colorado Springs^Color^80921^","Property in good standing","325 Cherry Hills Way",6131407002,"Juan G.",Jaramillo,,MEMBER,07/10/2021,"325 Cherry Hills Way^^Colorado Springs^CO^80921^","Juan Guillermo Jaramillo Angel 2.1.15: Claims bank is responsible for HOA fees, advised in email it is not as typically not included in escrow agreements.  Changed phone number per email. 2.2.15: Sent paper version via email per request.",jaraunder@msn.com,,07/16/2014,07/10/2021,36742,,No,Active,38160e99d50a1768748554912,1,,jaraunder@msn.com,,,,Yes,,703-819-8567,,
08/14/2023,Membership,810,"14359 Spyglass Hill Pl^^Colorado Springs^Color^80921^","Property in good standing","14359 Spyglass Hill Pl",6206103048,Janna,Jacobs,,MEMBER,07/10/2021,"14359 Spyglass Hill Place^^Colorado Springs^CO^80921^",,jannajacobs@gmail.com,,09/11/2020,09/09/2022,36742,,No,Active,71160e99d60f0774808103298,1,,jannajacobs@gmail.com,,No,No,Yes,Yes,206-595-0668,No,No
01/18/2024,Membership,,"14425 Westchester Dr^^Colorado Springs^Color^80921^","Property in good standing","14425 Westchester Dr",6206201021,Edward,Jackson,,MEMBER,07/10/2021,"14425 Westchester Dr^^Colorado Springs^CO^80921^","Primary Phone
408-508-2562
Email Address
msjackson408@hotmail.com",msjackson408@hotmail.com,,08/19/2022,01/02/2024,36742,,No,Active,35460e99d4874791983234377,1,,msjackson408@hotmail.com,,No,No,Yes,No,408-508-2562,No,No
01/25/2026,Membership,,"14165 Gleneagle Dr^^Colorado Springs^Color^80921^","Property in good standing","14165 Gleneagle Dr",6206206008,Bart,Ingallina,,MEMBER,12/30/2025,"14165 Gleneagle Drive^^Colorado Springs^CO^80921^",,mtnbizpro@gmail.com,12/31/2026,12/30/2025,01/01/2026,36742,,No,Active,80169542946405ba052537728,1,,Mtnbizpro@gmail.com,,,,Yes,,850-357-6412,No,
,Membership,,"14520 Westchester Dr^^Colorado Springs^Color^80921^","Property in good standing","14520 Westchester Dr",6131304017,Christopher,Imhof,"Connie (spouse)",MEMBER,07/10/2021,"14520 Westchester Dr^^Colorado Springs^CO^80921^","10/12/23  Greeted / e-mail retrieved.",cgibus@yahoo.com,,09/20/2023,10/12/2023,36742,,No,Active,20860e99d4972500209166078,1,,ChristopherImhof,,No,No,Yes,No,,No,No
05/02/2023,Membership,,"15230 Renoir Place^^Colorado Springs^Color^80921^","Property in good standing","15230 Renoir Place",6131101103,"Christopher C",Huxtable,,MEMBER,07/10/2021,"15230 Renoir Place^^Colorado Springs^CO^80921^","5.23.15: Dues chk w/note moved in Feb to new address. EPCA shows property as mailing address. 6.28.15: Change of ownership",kchuxtable@msn.com,,06/12/2015,07/10/2021,36742,,No,Active,55360e99d5ab6f4e865113976,1,,kchuxtable@msn.com,,,,Yes,,720-217-2587,,
01/15/2026,Membership,,"670 Rembrandt Court^^Colorado Springs^Color^80921^","Property in good standing","670 Rembrandt Court",6131103093,Mick,Hunter,,MEMBER,07/10/2021,"670 Rembrandt Court^^Colorado Springs^CO^80921^",,hunterm@pcisys.net,,12/10/1996,07/10/2021,36742,,No,Active,10560e99d5c4a958248538867,1,,hunterm@pcisys.net,,,,Yes,,719-481-1054,,
,Membership,582,"428 Torrey Pines Way^^Colorado Springs^Color^80921^","Property in good standing","428 Torrey Pines Way",6131402007,Thomas,Hunter,,MEMBER,07/10/2021,"428 Torrey Pines Way^^Colorado Springs^CO^80921^","JE: removed bounced email 12/6/2014 6.1.15: added email",,,01/18/2019,07/10/2021,36742,,No,Active,51760e99d5907044120698373,1,,ThomasHunter,,,,Yes,,,,
09/16/2026,Membership,168,"14530 Bermuda Dunes Way^^Colorado Springs^Color^80921^","Property in good standing","14530 Bermuda Dunes Way",6131308046,Brandon,Hunt,,MEMBER,07/10/2021,"14530 Bermuda Dunes Way^^Colorado Springs^CO^80921^",,tucsonites@hotmail.com,,05/25/2005,07/10/2021,36742,,No,Active,28960e99d48dab9e706149190,1,,tucsonites@hotmail.com,,,,Yes,,719-244-1612,,
08/28/2022,Membership,779,"95 Pauma Valley Dr^^Colorado Springs^Color^80921^","Property in good standing","95 Pauma Valley Dr",6131303062,Richard,Hunt,,MEMBER,07/10/2021,"14559 Westchester Drive^^Colorado Springs^CO^80921^","rhunt@sardismedia.com
847-989-8159",,,03/28/2023,01/04/2024,36742,,No,Active,43160e99d608c4f6754673954,1,,RichardHunt,,No,No,No,No,,No,No
10/16/2025,Membership,,"14559 Westchester Dr^^Colorado Springs^Color^80921^","Property in good standing","14559 Westchester Dr",6131303025,Richard,Hunt,,MEMBER,12/20/2021,"14559 Westchester^^Colorado Springs^CO^80921^",,rhunt@sardismedia.com,,07/12/2021,01/04/2024,36742,,No,Active,63961c1219b813cb541384031,1,,RHUNT@SardisMedia.com,,No,No,Yes,No,847-989-8159,Yes,No
07/21/2023,Membership,,"14080 Gleneagle Dr^^Colorado Springs^Color^80921^","Property in good standing","14080 Gleneagle Dr",6206201044,Bill,Hume,,MEMBER,07/10/2021,"14080 Gleneagle Dr^^Colorado Springs^CO^80921^",,elkhunter6@juno.com,,07/05/1991,07/10/2021,36742,,No,Active,55260e99d4571ce1277720240,1,,elkhunter6@juno.com,,,,Yes,,719-488-9218,,
06/25/2026,Membership,6131303033,"14560 River Oaks Dr^^Colorado Springs^Color^80921^","Property in good standing","14560 River Oaks Dr",6131303033,Jennifer,Hulan,,MEMBER,10/11/2021,"14560 River Oaks Dr^^Colorado Springs^CO^80921^","Closing 2021-11-11",jgoran7@hotmail.com,,10/11/2021,01/01/2022,36742,,No,Active,35261644b9843996754349273,1,,Jgoran7@hotmail.com,,,,No,,720-839-5053,,
02/18/2024,Membership,28,"14245 Westchester Dr^^Colorado Springs^Color^80921^","Property Dues Delinquent","14245 Westchester Dr",6206201101,"Anastasia Maria",Hueffner,,MEMBER,07/10/2021,"14245 Westchester Dr^^Colorado Springs^CO^80921^",,hueffnert@msn.com,,02/26/2019,07/10/2021,36742,,No,Active,63660e99d4392786012528298,1,,hueffnert@msn.com,,,,Yes,,503-989-2547,,
02/19/2024,Membership,,"480 Palm Springs Way^^Colorado Springs^Color^80921^","Property in good standing","480 Palm Springs Way",6131402023,Allen,Huckins,,MEMBER,07/10/2021,"480 Palm Springs Way^^Colorado Springs^CO^80921^","Email Address	alanshuckins@gmail.com
Primary Phone	518-424-0020",alanshuckins@gmail.com,,05/14/2021,12/04/2023,36742,,No,Active,61760e99d58becdd801748555,1,,alanshuckins@gmail.com,,No,No,Yes,No,518-424-0020,No,No
04/03/2026,Membership,,"355 Palm Springs Dr^^Colorado Springs^Color^80921^","Property in good standing","355 Palm Springs Dr",6131404003,Michael,Hubbard,,MEMBER,07/10/2021,"355 Palm Springs Dr^^Colorado Springs^CO^80921^",,mdhubbard@msn.com,,12/23/1993,07/10/2021,36742,,No,Active,39760e99d51884c6088421368,1,,mdhubbard@msn.com,,,,Yes,,719-488-1806,,
04/12/2023,Membership,,"830 Wuthering Heights Dr^^Colorado Springs^Color^80921^","Property in good standing","830 Wuthering Heights Dr",6131103059,Brian,Horvath,,MEMBER,07/10/2021,"830 Wuthering Heights Dr^^Colorado Springs^CO^80921^",,melissah520@yahoo.com,,06/16/2006,07/10/2021,36742,,No,Active,85060e99d5c7b519443109595,1,,melissah520@yahoo.com,,,,Yes,,719-321-1837,,
05/18/2022,Membership,,"14570 Westchester Dr^^Colorado Springs^Color^80921^","Property in good standing","14570 Westchester Dr",6131304003,Chrystie,Hopkins,,MEMBER,05/18/2022,"14570 Westchester Dr.^^Colorado Springs^CO^80921^",,chrystie.hopkins@gmail.com,12/31/2022,05/18/2022,05/18/2022,36742,,No,Expired,969628556328f84e563197886,1,,chrystie.hopkins@gmail.com,,,No,No,No,303-502-7892,No,No
11/27/2023,Membership,,"290 Palm Springs Dr^^Colorado Springs^Color^80921^","Property in good standing","290 Palm Springs Dr",6131301001,William,Hopkins,,MEMBER,07/10/2021,"290 Palm Springs Dr^^Colorado Springs^CO^80921^",,hopkins.seven@gmail.com,,11/24/2020,07/10/2021,36742,,No,Active,16260e99d513e2f5184339505,1,,Hopkins.seven@gmail.com,,,,Yes,,719-434-7730,,
,Membership,571,"415 Palm Springs Way^^Colorado Springs^Color^80921^","Property in good standing","415 Palm Springs Way",6131402029,Paul,Homan,,MEMBER,07/10/2021,"415 Palm Springs Way^^Colorado Springs^CO^80921^",646-0633,paulhoman@hotmail.com,,12/07/2006,07/10/2021,36742,,No,Active,66860e99d588e58a430596279,1,,paulhoman@hotmail.com,,,,Yes,,,,
,Membership,,"14280 Gleneagle Dr^^Colorado Springs^Color^80921^","Property in good standing","14280 Gleneagle Dr",6206103002,Jennifer,Holmes,,MEMBER,07/10/2021,"14280 Gleneagle Dr^^Colorado Springs^CO^80921^","Property records still Jorge and Eudora Lubary, asked to change to Eudora Cox (285 Rangely). 4.5.15: returned, chk assessor, shows Jeffrey Krska 9/2014 sale. Chgd. 5.23.15: EPCA Eudora Lubary/Cox, 285 Rangely",jenniferholmes2113@gmail.com,,10/12/2020,08/06/2021,36742,,No,Active,80360e99d4830c13176843296,1,,jenniferholmes2113@gmail.com,,,,Yes,,,,
03/20/2023,Membership,,"14915 Gleneagle Dr^^Colorado Springs^Color^80921^","Property in good standing","14915 Gleneagle Dr",6131402011,"Mickel S",Hodgson,,MEMBER,07/10/2021,"14915 Gleneagle Dr^^Colorado Springs^CO^80921^",,timetogolf@yahoo.com,,06/26/2019,07/10/2021,36742,,No,Active,28360e99d5936cf8883670243,1,,timetogolf@yahoo.com,,,,Yes,,,,
08/03/2023,Membership,,"14545 Latrobe Dr^^Colorado Springs^Color^80921^","Property in good standing","14545 Latrobe Dr",6131402052,Jim,Hodges,,MEMBER,07/10/2021,"14545 Latrobe Dr^^Colorado Springs^CO^80921^","JE: removed bounced email 12/6/2014 12.28.15: Rcvd HTC chk, but no transfer docs. Chkd EPC records, still Cooper as owner 7.29.15: Owner change per P. Marine. EPC records indicate change. MLS",tessmess1@comcast.net,,06/30/2015,08/09/2021,36742,,No,Active,31660e99d4d0ded9574458114,1,,tessmess1@comcast.net,,,,Yes,,719-203-6562,,
09/17/2026,Membership,,"750 Wuthering Heights Dr^^Colorado Springs^Color^80921^","Property in good standing","750 Wuthering Heights Dr",6131103055,John,Hoden,,MEMBER,07/10/2021,"750 Wuthering Heights Dr^^Colorado Springs^CO^80921^","Sent 2002 notice",jhoden01@comcast.net,,05/29/1987,07/10/2021,36742,,No,Active,18160e99d5b7fdc8646377448,1,,JHoden01@comcast.net,,,,Yes,,719-488-0034,,
03/08/2022,Membership,,"14330 Spyglass Hill Pl^^Colorado Springs^Color^80921^","Property in good standing","14330 Spyglass Hill Pl",6206201113,Steven,Hochstetter,,MEMBER,07/10/2021,"14330 Spyglass Hill Pl^^Colorado Springs^CO^80921^","the Summit at Gleneagle",hochfamily5@comcast.net,,12/10/2020,07/10/2021,36742,,No,Active,82160e99d60bc2cb111735953,1,,hochfamily5@comcast.net,,,,Yes,,719-237-2866,,
07/11/2022,Membership,,"205 Scottsdale Dr^^Colorado Springs^Color^80921^","Property in good standing","205 Scottsdale Dr",6206204001,"Ashley E",Hobel,ashley.molchany@gmail.com,MEMBER,07/28/2021,"205 Scottsdale Dr^^Colorado Springs^CO^80921^",,carlhobel@hotmail.com,,07/28/2021,06/20/2022,36742,,No,Active,4826101d848acdaa971919260,1,,carlhobel@hotmail.com,,,No,Yes,No,719-640-9906,No,No
,Membership,,"365 Wuthering Heights Dr^^Colorado Springs^Color^80921^","Property in good standing","365 Wuthering Heights Dr",6131104008,Steven,Hinze,,MEMBER,07/10/2021,"365 Wuthering Heights Dr^^Colorado Springs^CO^80921^","5.23.15: dues check received as a half, cut by post office. Returned. 6.28.15: Added aol email address per spouse email",hinze444@msn.com,,08/04/2011,07/10/2021,36742,,No,Active,85860e99d5e5631c988840447,1,,hinze444@msn.com,,,,Yes,,719-472-7907,,
06/07/2026,Membership,,"320 Palm Springs Dr^^Colorado Springs^Color^80921^","Property in good standing","320 Palm Springs Dr",6131403004,Sarah,Hinds,,MEMBER,10/29/2025,"320^Palm Springs^Colorado Springs^CO^80921^",,shinds98@yahoo.com,12/31/2025,10/29/2025,10/30/2025,36742,,No,Expired,3176902dbcc22c6f355905108,1,,shinds98@yahoo.com,,,,Yes,,719-447-5898,No,
,Membership,303,"315 Pauma Valley Dr^^Colorado Springs^Color^80921^","Property Dues Delinquent","315 Pauma Valley Dr",6131306003,John,Hill,,MEMBER,07/10/2021,"315 Pauma Valley Dr^^Colorado Springs^CO^80921^",,,,01/05/1984,07/10/2021,36742,,No,Active,16560e99d4e189bc951054041,1,,JohnHill,,,,Yes,,719-488-2114,,
12/26/2025,Membership,,"430 Rangely Dr^^Colorado Springs^Color^80921^","Property in good standing","430 Rangely Dr",6131401005,Eric,Hildebrand,,MEMBER,07/10/2021,"430 Rangely Dr^^Colorado Springs^CO^80921^","2003 dues forgiven - missed at 7/03 closing
ehildeb88@gmail.com
10/1/23 - Greeted Eric & Diane, got permission to send GCA e-mails, checked the box",ehildeb88@gmail.com,,10/14/2022,10/01/2023,36742,,No,Active,42060e99d59b7de3476618799,1,,ehildeb88@gmail.com,,No,No,Yes,No,661-433-2522,No,No
,Membership,,"180 Rangely Dr^^Colorado Springs^Color^80921^","Property in good standing","180 Rangely Dr",6131309020,Alex,Hilborn,,MEMBER,07/10/2021,"180 Rangely Dr^^Colorado Springs^CO^80921^",,,,06/20/2016,07/10/2021,36742,,No,Active,70460e99d52381cf925014926,1,,AlexHilborn,,,,Yes,,,,
,Membership,,"15057 LaJolla Place^^Colorado Springs^Color^80921^","Property in good standing","15057 LaJolla Place",,Ryan,Hickey,,MEMBER,07/10/2021,"15057 LaJolla Place^^Colorado Springs^CO^80921^","Mercedes Hickey assigned as block #23 neighborhood rep",,,03/31/2016,07/10/2021,36742,,No,Active,66560e99d551edc8570276085,1,,RyanHickey,,,,Yes,,719-433-3343,,
,Membership,381,"14760 Cherry Hills Place^^Colorado Springs^Color^80921^","Property in good standing","14760 Cherry Hills Place",6131404009,Susan,Hess,,MEMBER,07/10/2021,"14760 Cherry Hills Place^^Colorado Springs^CO^80921^",,,,08/15/2019,07/10/2021,36742,,No,Active,76160e99d5121b20150683175,1,,SusanHess,,,,Yes,,309-370-7086,,
05/15/2025,Membership,,"14715 Latrobe Dr^^Colorado Springs^Color^80921^","Property in good standing","14715 Latrobe Dr",6131402043,"Ryan C",Herter,,MEMBER,07/10/2021,"14715 Latrobe Dr^^Colorado Springs^CO^80921^","JE: removed bounced email 12/6/2014 6.28.15: Change of ownership 3/12/2018 - sent e-mail requesting payment of $2.25
jessika.reynolds01@gmail.com",rcherter@gmail.com,,06/04/2015,06/05/2023,36742,,No,Active,94860e99d577d622151273317,1,,rcherter@gmail.com,,No,No,Yes,No,719-440-3026,No,No
,Membership,372,"330 Cherry Hills Way^^Colorado Springs^Color^80921^","Property in good standing","330 Cherry Hills Way",6131404013,Andrew,Herndon,,MEMBER,07/10/2021,"330 Cherry Hills Way^^Colorado Springs^CO^80921^",,jeepster12@live.com,,06/01/2017,07/10/2021,36742,,No,Active,49560e99d50af217667291150,1,,jeepster12@live.com,,,,Yes,,719-369-7022,,
,Membership,,"205 Pauma Valley Dr^^Colorado Springs^Color^80921^","Property in good standing","205 Pauma Valley Dr",6131303004,george,hensen,,MEMBER,10/27/2025,"205 Pauma Valley DR^^Colorado Springs^CO^80921^",,gthensen@yahoo.com,12/31/2025,10/27/2025,10/27/2025,36742,,No,Expired,57668ffc9d591e52906280047,1,,gthensen@yahoo.com,,,,Yes,,303-475-6384,No,
,Membership,413,"210 Rangely Dr^^Colorado Springs^Color^80921^","Property in good standing","210 Rangely Dr",6131309021,Kirk,Hennen,,MEMBER,07/10/2021,"210 Rangely Dr^^Colorado Springs^CO^80921^",,,,07/07/2022,07/25/2022,36742,,No,Active,53960e99d5253b37541107168,1,,KirkHennen,,,No,Yes,No,,No,No
04/08/2023,Membership,,"280 Pauma Valley Dr^^Colorado Springs^Color^80921^","Property in good standing","280 Pauma Valley Dr",6131302025,Doug,Henderson,,MEMBER,07/10/2021,"280 Pauma Valley Dr^^Colorado Springs^CO^80921^","dhenderson@erashields.com
719-488-0019",dhenderson@erashields.com,,08/12/1987,03/24/2023,36742,,No,Active,28360e99d4df13d6148019543,1,,dhenderson@erashields.com,,No,No,Yes,No,719-488-0019,No,No
03/27/2023,Membership,,"14725 Gleneagle Dr^^Colorado Springs^Color^80921^","Property in good standing","14725 Gleneagle Dr",6131405005,Amber,Heavner,,MEMBER,09/15/2021,"14725 Gleneagle Drive^^Colorado Springs^CO^80921^",,amberheavner@yahoo.com,,09/15/2021,09/15/2021,36742,,No,Active,48261426a6b1e26b741688094,1,,amberheavner@yahoo.com,,,,No,,,,
08/06/2023,Membership,,"14455 River Oaks Dr^^Colorado Springs^Color^80921^","Property in good standing","14455 River Oaks Dr",6206201105,Jason,Hayman,,MEMBER,07/10/2021,"14455 River Oaks Dr^^Colorado Springs^CO^80921^","New lot sale",jbhayman@gmail.com,,01/18/2018,11/26/2021,36742,,No,Active,94360e99d6093665377232112,1,,jbhayman@gmail.com,,,No,Yes,No,719-761-1675,Yes,
02/14/2025,Membership,,"685 Wuthering Heights Dr^^Colorado Springs^Color^80921^","Property in good standing","685 Wuthering Heights Dr",6131101066,Charles,Hayes,,MEMBER,07/10/2021,"685 Wuthering Heights Dr^^Colorado Springs^CO^80921^",,cfhayes16@gmail.com,,04/14/2017,04/03/2022,36742,,No,Active,36460e99d5b21de7015796089,1,,cfhayes16@gmail.com,,,No,Yes,No,303-929-8642,No,No
,Membership,378,"14745 Cherry Hills Place^^Colorado Springs^Color^80921^","Property in good standing","14745 Cherry Hills Place",6131404011,Shayn,Hawthorne,,MEMBER,07/10/2021,"14745 Cherry Hills Place^^Colorado Springs^CO^80921^",,hawfam5@comcast.net,,01/20/1999,07/10/2021,36742,,No,Active,18260e99d51066cb373548469,1,,hawfam5@comcast.net,,,,Yes,,719-487-0582,,
,Membership,563,"14790 Gleneagle Dr^^Colorado Springs^Color^80921^","Property in good standing","14790 Gleneagle Dr",6131404019,Mark,Harry,,MEMBER,07/10/2021,"14790 Gleneagle Dr^^Colorado Springs^CO^80921^","08/03/2015, MLS: new owner info updated per P.Marine",mharry@mac.com,,04/30/2015,07/10/2021,36742,,No,Active,32960e99d585e743941411586,1,,mharry@mac.com,,,,Yes,,719-337-4962,,
09/10/2026,Membership,532,"465 Cherry Hills Way^^Colorado Springs^Color^80921^","Property in good standing","465 Cherry Hills Way",6131406002,"Scott & Gay",Harrison,,MEMBER,07/10/2021,"465 Cherry Hills Way^^Colorado Springs^CO^80921^","srh9193@gmail.com (Scott's)
Greeted/Welcome Flowers 9/4/23",gharrison84.gh@gmail.com,,11/21/2022,09/04/2023,36742,,No,Active,86560e99d5715d02427445885,1,,srh9193@gmail.com,,No,No,Yes,No,719-650-9295,No,No
10/25/2025,Membership,189,"14553 Westchester Dr^^Colorado Springs^Color^80921^","Property in good standing","14553 Westchester Dr",6131303023,Christopher,Harper,,MEMBER,07/10/2021,"14553 Westchester Dr^^Colorado Springs^CO^80921^",,mlharper_6237@hotmail.com,,06/02/2014,07/10/2021,36742,,No,Active,70760e99d49b040d727192258,1,,mlharper_6237@hotmail.com,,,,Yes,,719-964-3233,,
,Membership,,"14080 Westchester Dr^^Colorado Springs^Color^80921^","Property in good standing","14080 Westchester Dr",6206204014,Darin,Harden,,MEMBER,05/16/2025,"14080 Westchester^^ColoradoSprings^CO^80921^",,djharden21@gmail.com,12/31/2025,05/16/2025,07/24/2025,36742,,No,Expired,6466827f96345646528143583,1,,Djharden21@gmail.com,,,,Yes,,719-651-6802,Yes,
08/04/2023,Membership,263,"240 Mission Hill Way^^Colorado Springs^Color^80921^","Property in good standing","240 Mission Hill Way",6206201088,Joseph,Hammond,,MEMBER,07/10/2021,"240 Mission Hill Way^^Colorado Springs^CO^80921^",,jhammond80921@comcast.net,,09/08/2017,07/10/2021,36742,,No,Active,25860e99d4cac3c7263389511,1,,jhammond80921@comcast.net,,,,Yes,,719-330-1771,,
04/15/2023,Membership,,"40 Pauma Valley Dr^^Colorado Springs^Color^80921^","Property Dues Delinquent","40 Pauma Valley Dr",6131302042,Kurtis,Hammack,,MEMBER,07/10/2021,"40 Pauma Valley Dr^^Colorado Springs^CO^80921^",,kurt_85@yahoo.com,,06/30/2016,06/17/2022,36742,,No,Active,61460e99d4f6159c612907686,1,,kurt_85@yahoo.com,,,No,Yes,No,719-271-0960,No,No
,Membership,651,"775 Wuthering Heights Dr^^Colorado Springs^Color^80921^","Property in good standing","775 Wuthering Heights Dr",6131101074,Kevin,Hamblin,,MEMBER,07/10/2021,"590 Highway 105 #225^^Monument^CO^80132^",,,,07/10/2021,07/12/2022,36742,,No,Active,15260e99d5baf0af761622763,1,,KevinHamblin,,,No,Yes,No,,No,No
,Membership,,"775 Wuthering Heights Dr^^Colorado Springs^Color^80921^","Property in good standing","775 Wuthering Heights Dr",6131101074,Kevin,Hamblin,,MEMBER,10/28/2025,"590 HWY 105 STE 225^C/O Beacon^Monument^CO^80132^",,kevin@4av1.com,12/31/2025,10/28/2025,10/28/2025,36742,,No,Expired,3356901407203fc8227577818,1,,kevin@4av1.com,,,,No,,720-333-3663,No,
03/21/2023,Membership,,"14560 Latrobe Dr^^Colorado Springs^Color^80921^","Property in good standing","14560 Latrobe Dr",6131406018,Kelly,Halligan,,MEMBER,09/22/2021,"2045 Juniper Way^^Erie^CO^80516^",,kellyhalligan1971@gmail.com,,09/22/2021,04/04/2022,36742,,No,Active,773614b80c07a110918601096,1,,kellyhalligan1971@gmail.com,,,,No,,210-844-1005,,
08/12/2024,Membership,,"180 Wuthering Heights Dr^^Colorado Springs^Color^80921^","Property in good standing","180 Wuthering Heights Dr",6131206074,Kevin,Hall,,MEMBER,10/09/2021,"180 Wuthering Heights Dr^^Colorado Springs^CO^80921^","Closing 2021-10-28",kevinsarahh@yahoo.com,,10/09/2021,04/04/2022,36742,,No,Active,2416161ec23a980f958477472,1,,kevinsarahh@yahoo.com,,,,No,,719-310-6306,,
,Membership,,"270 Palm Springs Dr^^Colorado Springs^Color^80921^","Property in good standing","270 Palm Springs Dr",6131301037,Larry,Hairhoger,,MEMBER,07/10/2021,"270 Palm Springs Dr^^Colorado Springs^CO^80921^","260 Palm Springs legally combined with 270 Palm Springs Checked county records 2/05 and NOT legally combined",lhairhoger@msn.com,,08/31/2012,07/10/2021,36742,,No,Active,20660e99d503ff3d544760787,1,,lhairhoger@msn.com,,,,Yes,,719-244-7383,,
,Membership,,"14430 River Oaks Dr^^Colorado Springs^Color^80921^","Property in good standing","14430 River Oaks Dr",6206201013,"Rev. Gary",Haines,,MEMBER,07/10/2021,"14430 River Oaks Dr^^Colorado Springs^CO^80921^","Added spouce e-mail 12/23/09 - Bill",revghaines@aol.com,,12/01/1983,07/10/2021,36742,,No,Active,37360e99d4a89e04024581268,1,,revghaines@aol.com,,,,Yes,,719-598-3872,,
,Membership,576,"475 Palm Springs Way^^Colorado Springs^Color^80921^","Property Dues Delinquent","475 Palm Springs Way",6131402026,"Douglas L.",Hahn,,MEMBER,07/10/2021,"475 Palm Springs Way^^Colorado Springs^CO^80921^",,pontiacdoug@msn.com,,08/31/2005,07/10/2021,36742,,No,Active,12760e99d58b7cfe341989842,1,,pontiacdoug@msn.com,,,,Yes,,719-216-4213,,
03/17/2026,Membership,,"14344 Spyglass Hill Pl^^Colorado Springs^Color^80921^","Property in good standing","14344 Spyglass Hill Pl",6206201112,Glenn,Gutnayer,,MEMBER,09/17/2021,"14344 Spyglass Hill Place^^Colorado Springs^CO^80921^",,glenn@glenngutnayercustomhomes.com,,09/17/2021,09/30/2026,36742,,No,Active,504614486caae7ff399053828,1,,glenn@glenngutnayercustomhomes.com,,No,No,Yes,No,847-962-3529,No,No
10/18/2025,Membership,,"14344 Spyglass Hill Pl^^Colorado Springs^Color^80921^","Property in good standing","14344 Spyglass Hill Pl",6206201112,Kathleen,Gutnayer,,MEMBER,09/22/2025,"14344 Spyglass Hill Pl^^Colorado Springs^CO^80921^",,ktgut@hotmail.com,12/31/2025,09/22/2025,10/14/2025,36742,,No,Expired,50468d19e74b5cc7461828112,1,,ktgut@hotmail.com,,,,Yes,,847-962-4529,No,
09/30/2025,Membership,,"345 Wuthering Heights Dr^^Colorado Springs^Color^80921^","Property in good standing","345 Wuthering Heights Dr",6131104009,Edward,Guthrie,,MEMBER,07/10/2021,"345 Wuthering Heights Dr^^Colorado Springs^CO^80921^",,sheilawhalen6@gmail.com,,09/03/2015,10/30/2022,36742,,No,Active,80460e99d5e42abd574931639,1,,sheilawhalen6@gmail.com,,No,No,Yes,No,405-313-8098,No,No
,Membership,,,,,,Nicole,Gunderson,,MEMBER,07/10/2021,"295 Desert Inn Way^^Colorado Springs^CO^80921^",,,,05/26/2021,07/10/2021,36742,,No,Active,82960e99d5203dd6543133906,1,,NicoleGunderson,,,,Yes,,,,
,Membership,,"422 Torrey Pines Way^^Colorado Springs^Color^80921^","Property in good standing","422 Torrey Pines Way",6131402008,Douglas,Guilzon,,MEMBER,07/10/2021,"422 Torrey Pines Way^^Colorado Springs^CO^80921^","JE: removed bounced email 12/6/2014",,,08/16/1994,07/10/2021,36742,,No,Active,96160e99d58edf86585789356,1,,DouglasGuilzon,,,,Yes,,719-488-8911,,
10/01/2025,Membership,430,"80 Rangely Dr^^Colorado Springs^Color^80921^","Property in good standing","80 Rangely Dr",6131309020,John,Gue,,MEMBER,07/10/2021,"80 Rangely Dr^^Colorado Springs^CO^80921^",,jkgue47@gmail.com,,06/16/2004,07/10/2021,36742,,No,Active,12860e99d53047b4350673174,1,,jkgue47@gmail.com,,,,Yes,,719-440-9683,,
04/20/2022,Membership,79,"14095 Gleneagle Dr^^Colorado Springs^Color^80921^","Property in good standing","14095 Gleneagle Dr",6206205001,Patrick,Gruber,,MEMBER,07/10/2021,"14095 Gleneagle Dr^^Colorado Springs^CO^80921^",,,,05/13/2022,08/07/2022,36742,,No,Active,37560e99d45946c1898680580,1,,PatrickGruber,,,No,Yes,Yes,,No,No
,Membership,,"14095 Gleneagle Dr^^Colorado Springs^Color^80921^","Property in good standing","14095 Gleneagle Dr",6206205001,Patrick,Gruber,,MEMBER,09/15/2025,"14095 Gleneagle Drive^^Colorado Springs^CO^80921^",,gruber578@gmail.com,12/31/2025,09/15/2025,10/14/2025,36742,,No,Expired,15268c8a02bb0bc6233732033,1,,gruber578@gmail.com,,,,No,,757-879-3174,No,
03/21/2023,Membership,118,"14210 Gleneagle Dr^^Colorado Springs^Color^80921^","Property in good standing","14210 Gleneagle Dr",6206103010,Rebecca,Gruber,,MEMBER,07/10/2021,"14210 Gleneagle Dr^^Colorado Springs^CO^80921^","$40 mowing fee from 8/09 add to closing. trivian Sent me an e-mail on 7/4/2009 stating she no longer lives in Gleneagle.....home sold? New owners or occupants yet? New Owner, Rebecca Gruber, as of 10/01/2009.....Bill",becci_gruber@yahoo.com,,10/01/2009,07/10/2021,36742,,No,Active,13460e99d4708374285506874,1,,becci_gruber@yahoo.com,,,,Yes,,719-487-0048,,
,Membership,,"14525 Latrobe Dr^^Colorado Springs^Color^80921^","Property in good standing","14525 Latrobe Dr",6131402053,Duane,Gritzmaker,,MEMBER,07/10/2021,"14525 Latrobe Dr^^Colorado Springs^CO^80921^","jbe: updated email 4/13/15",dwgritz@gmail.com,,11/03/1986,07/10/2021,36742,,No,Active,76760e99d4cdf8d9592596561,1,,dwgritz@gmail.com,,,,Yes,,719-481-2424,,
08/03/2023,Membership,449,"50 Desert Inn Way^^Colorado Springs^Color^80921^","Property in good standing","50 Desert Inn Way",6131307008,Yvonne,Gricius,"Major Gricius Family Trust",MEMBER,07/10/2021,"4991 Night Shade Cir^^Colorado Springs^CO^80919^",,yvonne.gricius@broadcom.com,,11/21/1995,04/26/2022,36742,,No,Active,23560e99d53a3f86928288774,1,,yvonne.gricius@broadcom.com,,,No,Yes,No,719-310-9384,No,No
03/20/2023,Membership,,"245 Pauma Valley Dr^^Colorado Springs^Color^80921^","Property in good standing","245 Pauma Valley Dr",146131303002,"Mark A",Greer,,MEMBER,07/10/2021,"245 Pauma Valley Dr^^Colorado Springs^CO^80921^","March 15, 2008 $25/10 days fine for covenant infraction starts $150 fine in place as of 5-19-08 5.13.15: Title ltr Unified Title, prepared",thegreers@hotmail.com,,05/26/2015,07/10/2021,36742,,No,Active,26660e99d4dc7960389870516,1,,thegreers@hotmail.com,,,,Yes,,719-649-5398,,
08/03/2023,Membership,,"15003 LaJolla Place^^Colorado Springs^Color^80921^","Property in good standing","15003 LaJolla Place",,"Jacob Werner",Green,,MEMBER,07/10/2021,"15003 LaJolla Place^^Colorado Springs^CO^80921^",,jakeshelly03@msn.com,,10/14/2016,07/10/2021,36742,,No,Active,44660e99d546cd44506277592,1,,jakeshelly03@msn.com,,,,Yes,,720-436-7638,,
07/19/2023,Membership,,"180 Mission Hill Way^^Colorado Springs^Color^80921^","Property in good standing","180 Mission Hill Way",6206201084,Randall,Green,,MEMBER,07/10/2021,"180 Mission Hill Way^^Colorado Springs^CO^80921^",,ra_cjgreen@msn.com,,03/29/2004,07/10/2021,36742,,No,Active,75060e99d4c74857320644520,1,,ra_cjgreen@msn.com,,,,Yes,,719-487-9656,,
09/23/2023,Membership,,"105 Pauma Valley Dr^^Colorado Springs^Color^80921^","Property in good standing","105 Pauma Valley Dr",6131303059,Michael,Gray,,MEMBER,07/10/2021,"105 Pauma Valley Drive^^Colorado Springs^CO^80908^","michael@michaelallengray.com
720-660-9634
Email Address	ngravygirl@msn.com
Primary Phone	720-440-4533",michael@michaelallengray.com,,08/01/2023,09/12/2023,36742,,No,Active,88360e99d4e84aea170254344,1,,michael@michaelallengray.com,,No,No,Yes,No,720-660-9634,No,No
,Membership,,"265 Rangely Dr^^Colorado Springs^Color^80921^","Property in good standing","265 Rangely Dr",6131403011,Bob,Gravelle,,MEMBER,07/10/2021,"265 Rangely Dr^^Colorado Springs^CO^80921^",,bobgravelle@comcast.net,,07/01/1984,07/10/2021,36742,,No,Active,72760e99d527d72c675812277,1,,bobgravelle@comcast.net,,,,Yes,,719-488-3926,,
,Membership,,"320 Palm Springs Dr^^Colorado Springs^Color^80921^","Property in good standing","320 Palm Springs Dr",6131403004,Julius,Grant,,MEMBER,07/10/2021,"320 Palm Springs Dr^^Colorado Springs^CO^80921^",,cogrant@q.com,,12/15/1986,07/10/2021,36742,,No,Active,77260e99d5152f03200815204,1,,cogrant@q.com,,,,Yes,,719-488-0734,,
,Membership,134,"14108 Candlewood Court^^Colorado Springs^Color^80921^","Property in good standing","14108 Candlewood Court",6206104043,Tom,Graham,,MEMBER,07/10/2021,"14108 Candlewood Court^^Colorado Springs^CO^80921^","This is a legally combined lot with 14102 Candlewood Ct. but not with 14114 Candlewood.  Legally combined with 14114 starting in 2010.",beverlyg444@aol.com,,07/31/2017,07/10/2021,36742,,No,Active,58960e99d4799499648335924,1,,beverlyg444@aol.com,,,,Yes,,719-322-5799,,
03/31/2023,Membership,,"15056 LaJolla Place^^Colorado Springs^Color^80921^","Property in good standing","15056 LaJolla Place",,Harold,Gordon,,MEMBER,07/10/2021,"15056 LaJolla Place^^Colorado Springs^CO^80921^","c 210.4227",haroldgordon7@gmail.com,,12/31/1992,07/10/2021,36742,,No,Active,68060e99d5510374080143780,1,,haroldgordon7@gmail.com,,,,Yes,,719-210-4227,,
03/21/2023,Membership,445,"20 Desert Inn Way^^Colorado Springs^Color^80921^","Property in good standing","20 Desert Inn Way",6131307026,Scott,Goodale,,MEMBER,07/10/2021,"20 Desert Inn Way^^Colorado Springs^CO^80921^",,sagoodale@comcast.net,,02/07/2006,07/10/2021,36742,,No,Active,75660e99d5380d3b609197391,1,,sagoodale@comcast.net,,,,Yes,,719-266-1478,,
11/25/2025,Membership,146,"14190 Candlewood Court^^Colorado Springs^Color^80921^","Property in good standing","14190 Candlewood Court",6206104028,John,Gonge,,MEMBER,07/10/2021,"5200 Daventry Court^^Burke^VA^22015^","Son: Jon Lynn Kerchner 
jl. kerchner@gmail.com
703-867-1555
5200 Daventry Court
Burke, VA 22015",jl.kerchner@gmail.com,,01/01/1973,05/07/2023,36742,,No,Active,70260e99d481555c741576068,1,,jl.kerchner@gmail.com,,No,No,Yes,No,703-867-1555,No,No
09/03/2026,Membership,,"14557 Westchester Dr^^Colorado Springs^Color^80921^","Property in good standing","14557 Westchester Dr",6131303024,Stacy,Goff,,MEMBER,07/10/2021,"14557 Westchester Dr^^Colorado Springs^CO^80921^",488-3372,stacy.goff@gmail.com,,11/11/1998,04/19/2022,36742,,No,Active,18060e99d49b7353728455550,1,,stacy.goff@gmail.com,,,No,Yes,No,719-488-3850,No,No
,Membership,,"375 Palm Springs Dr^^Colorado Springs^Color^80921^","Property in good standing","375 Palm Springs Dr",6131404002,Sumio,Go,,MEMBER,07/10/2021,"375 Palm Springs Dr^^Colorado Springs^CO^80921^",,sumiogo1@gmail.com,,08/04/1989,07/10/2021,36742,,No,Active,16160e99d519d6a8681605528,1,,sumiogo1@gmail.com,,,,Yes,,719-481-9431,,
06/22/2026,Membership,,"250 Wuthering Heights Dr^^Colorado Springs^Color^80921^","Property in good standing","250 Wuthering Heights Dr",6131206080,LaVern,Glosson,,MEMBER,06/07/2026,"250 Wuthering Heights Dr^^Colorado Springs^CO^80921^",,l.glosson2@gmail.com,,06/07/2026,06/21/2026,36742,,No,Active,5636a26056b6845e530072667,1,,l.glosson2@gmail.com,,,,Yes,,717-658-3351,No,
,Membership,,,,,,Helen,Gilster,,MEMBER,07/10/2021,"210 Mission Hill Way^^Colorado Springs^CO^80921^",,helengilster52@mac.com,,02/11/2002,07/10/2021,36742,,No,Active,63360e99d4c88fa7371397060,1,,helengilster52@mac.com,,,,Yes,,719-481-4197,,
10/18/2021,Membership,,"14485 Westchester Dr^^Colorado Springs^Color^80921^","Property in good standing","14485 Westchester Dr",6206201018,Kim,Gidley,,MEMBER,08/12/2021,"14485 Westchester Drive^^colorado springs^CO^80921^",,kim.gidley@afacademy.af.edu,,08/12/2021,04/04/2022,36742,,No,Active,523611520dec6e04854259878,1,,kim.gidley@afacademy.af.edu,,,,Yes,,719-640-0259,,
09/18/2026,Membership,,"125 Mission Hill Way^^Colorado Springs^Color^80921^","Property in good standing","125 Mission Hill Way",6206201079,Brett,Gibson,,MEMBER,03/13/2026,"125 Mission Hill Dr.^^Colorado Springs^CO^80921^",,brett@madgrit.com,12/31/2026,03/13/2026,03/15/2026,36742,,No,Active,73569b41ee7d3a0a199373308,1,,brett@madgrit.com,,,,No,,719-650-8035,No,
09/17/2026,Membership,,"395 Palm Springs Dr^^Colorado Springs^Color^80921^","Property in good standing","395 Palm Springs Dr",6131404001,David,Gibson,,MEMBER,07/10/2021,"395 Palm Springs Dr^^Colorado Springs^CO^80921^",,davpayrin@outlook.com,,06/23/2014,07/10/2021,36742,,No,Active,67460e99d51b840e334526570,1,,davpayrin@outlook.com,,,,Yes,,719-596-7760,,
,Membership,,,,,,Andre,Gerner,,MEMBER,05/19/2022,"15370 Copperfield Dr^^Colorado Springs^CO^80921^",,ajgerner@yahoo.com,12/31/2022,05/19/2022,05/19/2022,36742,,No,Disabled,85362867ad7bda9b945619167,1,,ajgerner@yahoo.com,,,,No,,719-487-3235,No,
07/08/2022,Membership,,"970 Wuthering Heights Dr^^Colorado Springs^Color^80921^","Property in good standing","970 Wuthering Heights Dr",6131103080,Charles,Gerber,,MEMBER,10/03/2021,"970 Wuthering Heights Drive^^Colorado Springs^CO^80921^",,charliegerber91@gmail.com,,10/03/2021,04/04/2022,36742,,No,Active,6876159e1e83e2cf347023636,1,,charliegerber91@gmail.com,,,,Yes,,314-489-2148,,
,Membership,559,"14730 Gleneagle Dr^^Colorado Springs^Color^80921^","Property in good standing","14730 Gleneagle Dr",6131404016,"Brian Q.",Gauck,,MEMBER,07/10/2021,"14730 Gleneagle Dr^^Colorado Springs^CO^80921^","Unger, Mike & Lisa 481-3411 Doral legal money to the Ungers Gauck new owner in 11/03",driftwood_62@yahoo.com,,11/06/2003,07/10/2021,36742,,No,Active,33360e99d583cdda835091984,1,,driftwood_62@yahoo.com,,,,Yes,,719-238-8001,,
04/12/2024,Membership,,"15025 LaJolla Place^^Colorado Springs^Color^80921^","Property in good standing","15025 LaJolla Place",,Fred,Gatz,,MEMBER,07/10/2021,"15025 LaJolla Place^^Colorado Springs^CO^80921^",,g7421@aol.com,,07/10/2021,07/10/2021,36742,,No,Active,45160e99d54b036e093529355,1,,g7421@aol.com,,,,Yes,,719-488-0643,,
10/01/2026,Membership,,"115 Palm Springs Dr^^Colorado Springs^Color^80921^","Property in good standing","115 Palm Springs Dr",6131302009,Sara,Garvey,"BAR-None Software Solutions",MEMBER^ADMINACC,10/01/2026,"115 Palm Springs^^Colorado Springs^CO^80921^",,ssfoxley@gmail.com,,10/01/2026,10/01/2026,36742,,No,Active,1236abedd105290a045401440,1,,ssfoxley@gmail.com,,Yes,No,Yes,No,719-339-4644,No,No
,Membership,,"14005 Westchester Dr^^Colorado Springs^Color^80921^","Property in good standing","14005 Westchester Dr",6206201040,Baxter,Garside,,MEMBER,07/10/2021,"14005 Westchester Dr^^Colorado Springs^CO^80921^",,,,07/21/1988,07/10/2021,36742,,No,Active,20960e99d42a6667959237972,1,,BaxterGarside,,,,Yes,,719-488-2443,,
03/20/2023,Membership,,"15130 Thornbird Ct^^Colorado Springs^Color^80921^","Property in good standing","15130 Thornbird Ct",6131206082,Rex,Garrison,,MEMBER,07/10/2021,"15130 Thornbird Ct^^Colorado Springs^CO^80921^",,rnhgarrison@gmail.com,,05/19/2006,07/10/2021,36742,,No,Active,25160e99d566c773084856701,1,,rnhgarrison@gmail.com,,,,Yes,,719-272-7188,,
09/20/2023,Membership,95,"250 Doral Way^^Colorado Springs^Color^80921^","Property in good standing","250 Doral Way",6206206002,"Duane E",Garrett,,MEMBER,07/10/2021,"250 Doral Way^^Colorado Springs^CO^80921^","tarball73@yahoo.com  Duane 5/7/16  Ms. Babb (renter) moving, new renters TBD Owner Mobiles: 719.465.4011, 719.465.4546 - MLS 6/6/2016",garrett_shan@hotmail.com,,07/15/2010,07/10/2021,36742,64ff2761455b9.jpg,No,Active,90960e99d46349e8785071382,1,,garrett_shan@hotmail.com,,,,Yes,,719-465-4011,,
,Membership,,"480 Wuthering Heights Dr^^Colorado Springs^Color^80921^","Property in good standing","480 Wuthering Heights Dr",6131103084,Kevin,Garrett,,MEMBER,07/10/2021,"480 Wuthering Heights Dr^^Colorado Springs^CO^80921^",,garrettclan5@msn.com,,12/30/2009,07/10/2021,36742,,No,Active,14760e99d5eb6450833047165,1,,garrettclan5@msn.com,,,,Yes,,719-377-7265,,
04/11/2023,Membership,566,"14835 Gleneagle Dr^^Colorado Springs^Color^80921^","Property in good standing","14835 Gleneagle Dr",6131402030,Aletha,Gargiulo,,MEMBER,07/10/2021,"14835 Gleneagle Dr^^Colorado Springs^CO^80921^","Home in forclosure 10/25/10, sold by Fannie Mae 9/13/11
alethag@hotmail.com
t.gihring@yahoo.com",t.gihring@yahoo.com,,09/13/2011,04/16/2023,36742,,No,Active,93460e99d588087b920987434,1,,t.gihring@yahoo.com,,No,No,Yes,No,719-339-6876,No,No
,Membership,,"14470 Westchester Dr^^Colorado Springs^Color^80921^","Property Dues Delinquent","14470 Westchester Dr",6206202006,Gary,Gardner,,MEMBER,07/10/2021,"14470 Westchester Dr^^Colorado Springs^CO^80921^",,,,11/06/1992,07/10/2021,36742,,No,Active,62960e99d4931d34381230987,1,,GaryGardner,,,,Yes,,719-481-8584,,
03/22/2023,Membership,34,"14335 Westchester Dr^^Colorado Springs^Color^80921^","Property in good standing","14335 Westchester Dr",6206201025,Anita,Galloway,,MEMBER,07/10/2021,"14335 Westchester Drive^^Colorado Springs^CO^80921^","JE: removed bounced email 12/6/2014",12agalloway@gmail.com,,09/26/2007,03/22/2023,36742,,No,Active,93460e99d43d853c406440291,1,,12agalloway@gmail.com,,,,Yes,,719-232-0397,No,
04/02/2023,Membership,,"250 Wuthering Heights Dr^^Colorado Springs^Color^80921^","Property in good standing","250 Wuthering Heights Dr",6131206080,Michelle,Gaide,,MEMBER,03/04/2022,"250 Wuthering Heights Drive^^Colorado Springs^CO^80921^",,michelle@gaide.net,12/31/2022,03/04/2022,03/18/2022,36742,,No,Expired,93662223f568b3f1043644813,1,,michelle@gaide.net,,,,Yes,,303-594-4090,No,
07/22/2026,Membership,701,"420 Picasso Court^^Colorado Springs^Color^80921^","Property in good standing","420 Picasso Court",6131103069,David,Futey,,MEMBER,07/10/2021,"420 Picasso Court^^Colorado Springs^CO^80921^",,dfutey@gmail.com,,11/29/2006,05/07/2023,36742,,No,Active,42860e99d5d7372f699324124,1,,dfutey@gmail.com,,,,Yes,,719-404-4081,No,
,Membership,,"14605 River Oaks Dr^^Colorado Springs^Color^80921^","Property in good standing","14605 River Oaks Dr",6131306007,Luke,Fulghum,,MEMBER,07/28/2021,"525 S Hook Drive^^Pueblo^CO^81007^",,luke.fulghum@gmail.com,,07/28/2021,07/28/2021,36742,,No,Active,8446101d3eb4deef262322819,1,,luke.fulghum@gmail.com,,,,Yes,,,,
09/09/2026,Membership,447,"40 Desert Inn Way^^Colorado Springs^Color^80921^","Property in good standing","40 Desert Inn Way",6131307018,Michael,Fucci,,MEMBER,07/10/2021,"40 Desert Inn Way^^Colorado Springs^CO^80921^","New e-mail in May 2009.  jevans new email 8/17/2011",fuccibill@hotmail.com,,12/31/2020,05/04/2022,36742,,No,Active,86960e99d5395dc8598654345,1,,MichaelFucci,,,No,Yes,No,818-528-3400,No,No
,Membership,,"145 Huntington Beach Dr^^Colorado Springs^Color^80921^","Property in good standing","145 Huntington Beach Dr",6206201064,Tim,Freier,,MEMBER,06/12/2026,"145 Huntington Beach Dr^^Colorado Springs^CO^80921^",,tfreier31@hotmail.com,,06/12/2026,09/25/2026,36742,,No,Active,1296a2c2cb56d971368311327,1,,tfreier31@hotmail.com,,,,Yes,,719-203-8976,No,
,Membership,,"20 Huntington Beach Dr^^Colorado Springs^Color^80921^","Property in good standing","20 Huntington Beach Dr",6206201106,Cynthia,Freeman,,MEMBER,07/10/2021,"20 Huntington Beach Dr^^Colorado Springs^CO^80921^","the Summit at Gleneagle Christina Childers Timothy Boersma and Christina Childers-Boersma are shown as co-owners on the County Assessors website. 972-214-8800/817-713-1928 cdcred@gmail.com tbdopa@gmail.com simplytaxes06@gmail.com",,,04/07/2023,06/05/2023,36742,,No,Active,53860e99d5fa927d507886635,1,,CynthiaFreeman,,No,No,No,No,,No,No
11/20/2023,Membership,,,,,,William,Free,,MEMBER,07/10/2021,"165 Huntington Beach Dr^^Colorado Springs^CO^80921^",,sharp.shawn.free@outlook.com,,04/30/2012,07/10/2021,36742,,No,Active,42160e99d44cbcb2498988140,1,,sharp.shawn.free@outlook.com,,,,Yes,,719-216-7860,,
07/10/2026,Membership,,"165 Huntington Beach Dr^^Colorado Springs^Color^80921^","Property in good standing","165 Huntington Beach Dr",6206201063,William,Free,,MEMBER,09/21/2021,"165 Huntington Beach Dr^^Colorado Springs^CO^80921^",,wfreelamb@live.com,,09/21/2021,04/04/2022,36742,614bb4454e65b.jpeg,No,Active,268614a7f6148d44886724700,1,,wfreelamb@live.com,,,,No,,719-209-8794,,
,Membership,644,"730 Wuthering Heights Dr^^Colorado Springs^Color^80921^","Property Dues Delinquent","730 Wuthering Heights Dr",6131103054,Daniel,Frasier,,MEMBER,07/10/2021,"730 Wuthering Heights Dr^^Colorado Springs^CO^80921^",,drfrasier0219@hotmail.com,,11/20/2013,07/10/2021,36742,,No,Active,99660e99d5b5d02a770380639,1,,drfrasier0219@hotmail.com,,,,Yes,,720-290-9860,,
,Membership,,"15130 Thornbird Ct^^Colorado Springs^Color^80921^","Property in good standing","15130 Thornbird Ct",6131206082,Heidi,Franz-Garrison,,MEMBER,05/21/2025,"15130 THORNBIRD CT^^COLORADO SPRINGS^CO^80921^",,heidijon1966@gmail.com,12/31/2025,05/21/2025,10/14/2025,36742,,No,Expired,729682e3fabcdcce987908588,1,,Heidijon1966@gmail.com,,,,No,,,No,
,Membership,,"260 Pauma Valley Dr^^Colorado Springs^Color^80921^","Property in good standing","260 Pauma Valley Dr",6131302024,Adam,Frank,,MEMBER,05/31/2026,"260 Pauma Valley Dr^^Colorado Springs^CO^80921^",,adam.frank@live.com,,05/31/2026,06/04/2026,36742,,No,Active,1906a1cb6f61a26b442092448,1,,adam.frank@live.com,,,,Yes,,719-659-4420,No,
03/27/2023,Membership,,"15155 Thornbird Ct^^Colorado Springs^Color^80921^","Property in good standing","15155 Thornbird Ct",6131206087,Steven,Fowler,,MEMBER,07/10/2021,"15155 Thornbird Ct^^Colorado Springs^CO^80921^",,sdfandslf@msn.com,,05/17/1999,07/10/2021,36742,,No,Active,19460e99d5687ec0198549625,1,,sdfandslf@msn.com,,,,Yes,,719-487-8489,,
07/11/2022,Membership,,"270 Rangely Dr^^Colorado Springs^Color^80921^","Property in good standing","270 Rangely Dr",6131307024,Josh,Forstedt,,MEMBER,11/06/2021,"270 Rangely Dr^^Colorado Springs^CO^80921^",,jforstedt@gmail.com,,11/06/2021,04/04/2022,36742,,No,Active,2856186ce1d6911b348625277,1,,jforstedt@gmail.com,,,,Yes,,970-768-0726,No,
,Membership,663,"650 Rembrandt Court^^Colorado Springs^Color^80921^","Property in good standing","650 Rembrandt Court",6131103091,Doug,Fish,,MEMBER,07/10/2021,"650 Rembrandt Court^^Colorado Springs^CO^80921^",,douglas.n.fish@comcast.net,,12/23/1992,07/10/2021,36742,,No,Active,83060e99d5c1e0ff613509403,1,,douglas.n.fish@comcast.net,,,,Yes,,719-481-9856,,
08/12/2021,Membership,,"245 Doral Way^^Colorado Springs^Color^80921^","Property in good standing","245 Doral Way",6206205016,Stephen,Fischer,,MEMBER,07/10/2021,"245 Doral Way^^Colorado Springs^CO^80921^",,fischer.stephen@gmail.com,,09/10/2009,07/10/2021,36742,,No,Active,83660e99d4622772359950018,1,,fischer.stephen@gmail.com,,,,Yes,,719-332-7718,,
,Membership,,"14270 Gleneagle Dr^^Colorado Springs^Color^80921^","Property in good standing","14270 Gleneagle Dr",6206103003,Dennis,Finnessey,,MEMBER,07/10/2021,"14270 Gleneagle Dr^^Colorado Springs^CO^80921^",,nancy.finnessey@academyrdi.org,,09/02/2003,07/10/2021,36742,,No,Active,20660e99d482340a538361432,1,,nancy.finnessey@academyrdi.org,,,,Yes,,719-487-9469,,
,Membership,,,,,,Roger,Finley,,MEMBER,07/10/2021,"205 Desert Inn Way^^Colorado Springs^CO^80921^",,rbfinley@gmail.com,,05/24/2017,07/10/2021,36742,,No,Active,20560e99d544a981314108853,1,,rbfinley@gmail.com,,,,Yes,,701-340-4157,,
03/21/2023,Membership,,"575 Wuthering Heights Dr^^Colorado Springs^Color^80921^","Property Dues Delinquent","575 Wuthering Heights Dr",6131101060,Dennis,Ferris,,MEMBER,07/10/2021,"575 Wuthering Heights Dr^^Colorado Springs^CO^80921^",,dmferris@msn.com,,08/03/1995,07/10/2021,36742,,No,Active,41260e99d5a442d6649914516,1,,dmferris@msn.com,,,,Yes,,719-648-6045,,
04/15/2023,Membership,,"14155 Candlewood Court^^Colorado Springs^Color^80921^","Property in good standing","14155 Candlewood Court",6206104004,"Chaney Lee",Ferguson,,MEMBER,07/10/2021,"14155 Candlewood Court^^Colorado Springs^CO^80921^",,fergusonchaney9@gmail.com,,04/04/2019,08/05/2022,36742,,No,Active,11060e99d47e2076358560478,1,,fergusonchaney9@gmail.com,,,No,Yes,No,210-202-9791,No,No
09/17/2023,Membership,275,"14532 Latrobe Dr^^Colorado Springs^Color^80921^","Property in good standing","14532 Latrobe Dr",6131406014,Shane,Ferguson,,MEMBER,07/10/2021,"14532 Latrobe Dr^^Colorado Springs^CO^80921^",,dashferg93@gmail.com,,05/30/2013,09/17/2023,36742,,No,Active,50760e99d4d00002790533795,1,,dashferg93@gmail.com,,,,Yes,,719-238-5125,No,
08/30/2025,Membership,,"14565 Latrobe Dr^^Colorado Springs^Color^80921^","Property in good standing","14565 Latrobe Dr",6131402051,Doug,Feller,,MEMBER,07/10/2021,"14565 Latrobe Dr^^Colorado Springs^CO^80921^",,fellerfam@yahoo.com,,07/29/2005,07/10/2021,36742,,No,Active,29760e99d4d3062f688190936,1,,fellerfam@yahoo.com,,,,Yes,,719-488-5852,,
08/03/2023,Membership,,"14595 River Oaks Dr^^Colorado Springs^Color^80921^","Property in good standing","14595 River Oaks Dr",6131306008,Ken,Feldman,,MEMBER,07/10/2021,"14595 River Oaks Dr^^Colorado Springs^CO^80921^",,kenf1@comcast.net,,04/28/1995,07/10/2021,36742,,No,Active,12960e99d4bcb274384430326,1,,kenf1@comcast.net,,,,Yes,,719-488-0163,,
,Membership,,"15 Palm Springs Dr^^Colorado Springs^Color^80921^","Property in good standing","15 Palm Springs Dr",6131404007,William,Fargo,,MEMBER,07/10/2021,"15 Palm Springs Dr^^Colorado Springs^CO^80921^",,ksfargo4@gmail.com,,06/05/2000,07/10/2021,36742,,No,Active,40160e99d4ee4d32818464844,1,,ksfargo4@gmail.com,,,,Yes,,719-481-8683,,
03/21/2023,Membership,,"225 Pauma Valley Dr^^Colorado Springs^Color^80921^","Property in good standing","225 Pauma Valley Dr",6131303003,Frank,Falvo,,MEMBER,07/10/2021,"15162 West 32nd Drive^^Golden^CO^80401^",,fanda711@gmail.com,,07/10/2021,07/10/2021,36742,,No,Active,20560e99d4eddbd2367124932,1,,fanda711@gmail.com,,,,Yes,,719-639-0668,,
08/04/2023,Membership,448,"45 Desert Inn Way^^Colorado Springs^Color^80921^","Property in good standing","45 Desert Inn Way",6131309008,Timothy,Falk,,MEMBER,07/10/2021,"45 Desert Inn Way^^Colorado Springs^CO^80921^",,mountainwatch@aol.com,,07/06/1993,07/10/2021,36742,,No,Active,63560e99d539ced0018859321,1,,mountainwatch@aol.com,,,,Yes,,719-481-8298,,
05/20/2023,Membership,458,"140 Desert Inn Way^^Colorado Springs^Color^80921^","Property in good standing","140 Desert Inn Way",6131307018,Jim,Evans,,MEMBER,06/16/2021,"140 Desert Inn Way^^Colorado Springs^CO^80921^",,jim.evans@yahoo.com,,06/16/2021,09/21/2026,36742,,No,Active,27460c9d956e92e1437325641,1,,jim.evans@yahoo.com,,,,Yes,,719-641-2466,,
,Membership,335,"90 Palm Springs Dr^^Colorado Springs^Color^80921^","Property in good standing","90 Palm Springs Dr",6131301001,T.K.,Evans,,MEMBER,07/10/2021,"90 Palm Springs Dr^^Colorado Springs^CO^80921^","Added spouse e-mail on May 2, 2010....Bill Carroll..primary e-mail bad - 6/4/10 and phone disconnected - Bill Carroll",toddinfinity1@msn.com,,04/02/2003,07/10/2021,36742,,No,Active,38260e99d4f38253389204385,1,,Toddinfinity1@msn.com,,,,Yes,,719-687-7445,,
07/11/2025,Membership,,"120 Mission Hill Way^^Colorado Springs^Color^80921^","Property in good standing","120 Mission Hill Way",6206201081,Thomas,Evans,,MEMBER,03/08/2022,"120 MISSION HILL WAY^^COLORADO SPRINGS^CO^80921^",,tomdaevans@msn.com,,03/08/2022,04/06/2022,36742,,No,Active,25362281e0404fa5370554528,1,,Tomdaevans@msn.com,,,No,Yes,No,719-332-3335,No,No
12/27/2024,Membership,6206103060,"385 Mission Hill Way^^Colorado Springs^Color^80921^","Property in good standing","385 Mission Hill Way",6206103060,Jessica,Espinoza,,MEMBER,07/26/2023,"385 Mission Hill Way^^Colorado Springs^CO^80921^",,timariposa@hotmail.com,12/31/2023,07/26/2023,08/01/2023,36742,,No,Expired,33064c1a10602d48866682391,1,,timariposa@hotmail.com,,,,Yes,,719-930-4998,No,
,Membership,,,,,,William,Esakoff,,MEMBER,07/10/2021,"155 Desert Inn Way^^Colorado Springs^CO^80921^","2021-08-13: Remove email address per request. Esakoff no longer own this property",,,06/07/2019,08/13/2021,36742,,No,Active,71460e99d541a894092976697,1,,PROVEITTODAY53@gmail.com,,,,Yes,,805-748-6336,,
,Membership,,"350 Silver Rock Pl^^Colorado Springs^Color^80921^","Property in good standing","350 Silver Rock Pl",6206103056,Tandem,Enterprises,,MEMBER,10/05/2022,"9800 Pyramid Court^^Englewood^CO^80112^",,agratrix@tandementerprises.com,12/31/2022,10/05/2022,10/27/2022,36742,,No,Expired,118633dab63c5333582245523,1,,agratrix@tandementerprises.com,,,,No,,303-925-1317,No,
,Membership,,"14555 River Oaks Dr^^Colorado Springs^Color^80921^","Property in good standing","14555 River Oaks Dr",6131306011,Joe,Ennis,,MEMBER,07/10/2021,"14555 River Oaks Dr^^Colorado Springs^CO^80921^",,joe2joni@msn.com,,05/25/2001,07/10/2021,36742,,No,Active,72260e99d4b7996d623654280,1,,joe2joni@msn.com,,,,Yes,,719-484-0032,,
03/21/2023,Membership,,"285 Doral Way^^Colorado Springs^Color^80921^","Property in good standing","285 Doral Way",6206104017,Mohammad,Emami,,MEMBER,07/10/2021,"285 Doral Way^^Colorado Springs^CO^80921^",,mkemami@yahoo.com,,06/11/2009,07/10/2021,36742,,No,Active,57260e99d4657d9c738224362,1,,mkemami@yahoo.com,,,,Yes,,,,
07/30/2023,Membership,,"14135 Candlewood Court^^Colorado Springs^Color^80921^","Property in good standing","14135 Candlewood Court",6206104005,Westfall,Elisabeth,,MEMBER,07/10/2021,"14135 Candlewood Court^^Colorado Springs^CO^80921^",,libwest22@hotmail.com,,07/20/2023,07/25/2023,36742,,No,Active,24660e99d47c7bc1263163691,1,,libwest22@hotmail.com,,No,No,Yes,No,719-271-4011,No,No
06/20/2025,Membership,,"13995 Westchester Dr^^Colorado Springs^Color^80921^","Property in good standing","13995 Westchester Dr",6206302004,Adam,Eggehorn,,MEMBER,07/10/2021,"13995 Westchester Dr^^Colorado Springs^CO^80921^",,aeggehorn@hotmail.com,,07/17/2017,06/08/2022,36742,,No,Active,25060e99d42985d0543678914,1,,AdamEggehorn,,,No,Yes,No,626-372-0220,No,No
,Membership,,"14135 Candlewood Court^^Colorado Springs^Color^80921^","Property in good standing","14135 Candlewood Court",6206104005,Holly,Edward,,MEMBER,09/13/2026,"14135 Candlewood Court^^Colorado Springs^CO^80921^",,hroberts123@gmail.com,,09/13/2026,09/13/2026,36742,,No,Pending,1526aa768d7315b8535946789,1,,hroberts123@gmail.com,,,,Yes,,541-944-9414,No,
05/03/2026,Membership,,"675 Wuthering Heights Dr^^Colorado Springs^Color^80921^","Property in good standing","675 Wuthering Heights Dr",6131101065,Dennis,Eagan,,MEMBER,07/10/2021,"675 Wuthering Heights Dr^^Colorado Springs^CO^80921^","New e-mail address effective 02/02/2010....Bill",eagand@msn.com,,05/01/2013,04/30/2026,36742,,No,Active,44660e99d5aa9d7f121932335,1,,eagand@msn.com,,,,Yes,,719-488-2861,,
04/01/2023,Membership,,"14485 River Oaks Dr^^Colorado Springs^Color^80921^","Property in good standing","14485 River Oaks Dr",6131305002,"Kale D.",Dyer,,MEMBER,07/10/2021,"14485 River Oaks Dr^^Colorado Springs^CO^80921^",,kaleddyer@gmail.com,,07/18/2018,07/10/2021,36742,,No,Active,59660e99d4ae84ff473334334,1,,Kaleddyer@gmail.com,,,,Yes,,,,
,Membership,472,"15010 LaJolla Place^^Colorado Springs^Color^80921^","Property in good standing","15010 LaJolla Place",,Dennis,Dvorak,,MEMBER,07/10/2021,"2440 Ptarmigan Lane^^Colorado Springs^CO^80918^","VACANT LOT",denshardvorak@gmail.com,,10/06/1994,07/10/2021,36742,,No,Active,23060e99d547a0ba598964668,1,,denshardvorak@gmail.com,,,,Yes,,,,
08/09/2023,Membership,,"70 Desert Inn Way^^Colorado Springs^Color^80921^","Property Dues Delinquent","70 Desert Inn Way",6131307020,Dean,Dunn,,MEMBER,07/10/2021,"545 3rd Street^101^Monument^CO^80132^",,prayercat58@gmail.com,,08/27/1998,01/08/2024,36742,,No,Active,27460e99d53b19b6064975542,1,,prayercat58@gmail.com,,No,No,Yes,No,719-488-1865,No,No
08/23/2023,Membership,426,"40 Rangely Dr^^Colorado Springs^Color^80921^","Property in good standing","40 Rangely Dr",6131309018,Tyler,Duncan,,MEMBER,07/10/2021,"40 Rangely Dr^^Colorado Springs^CO^80921^","5.13.15: Title check, Empire title changing ownership; processed Received word that Steve passed away in February.",tduncan907@gmail.com,,08/17/2020,03/25/2022,36742,,No,Active,36260e99d52cfa38980816268,1,,tduncan907@gmail.com,,,No,Yes,No,,No,No
08/26/2025,Membership,,"14635 River Oaks Dr^^Colorado Springs^Color^80921^","Property in good standing","14635 River Oaks Dr",6131306004,Jared,Dumke,,MEMBER,08/16/2025,"14635 River Oaks Drive^^Colorado Springs^CO^80921^",,thedumkeco@gmail.com,12/31/2025,08/16/2025,08/19/2025,36742,,No,Expired,43668a11ca1a6b05012833600,1,,thedumkeco@gmail.com,,,,No,,267-261-1825,No,
04/24/2026,Membership,,"14460 Bermuda Dunes Way^^Colorado Springs^Color^80921^","Property in good standing","14460 Bermuda Dunes Way",6206203002,Dan,Dueber,,MEMBER,07/10/2021,"14460 Bermuda Dunes Way^^Colorado Springs^CO^80921^",,codueber@yahoo.com,,09/09/1996,07/10/2021,36742,,No,Active,61360e99d489d2e9997015177,1,,codueber@yahoo.com,,,,Yes,,719-481-1030,,
04/01/2023,Membership,725,"385 Wuthering Heights Dr^^Colorado Springs^Color^80921^","Property in good standing","385 Wuthering Heights Dr",6131104007,Michael,Dudas,,MEMBER,07/10/2021,"Unit 8200, Box 456^^DPO^AP^96520^","Previous renters moved.  Current residents unknown.  Owner failed to notify GCA of new renters. Owners address updated from County property assessor records.(kad) 2.25.2022 TD updated mailing address from dues notice received from M Dudas",synetspec@yahoo.com,,06/28/2005,04/01/2023,36742,,No,Active,48160e99d5e63bf5545930441,1,,synetspec@yahoo.com,,,No,Yes,No,727-379-2881,No,Yes
,Membership,,"14020 Gleneagle Drive^^Colorado Springs^Color^80921^","Property in good standing","14020 Gleneagle Drive",6206201121,Robert,Droke,,MEMBER,07/10/2021,"14020 Gleneagle Drive^^Colorado Springs^CO^80921^","the Summit at Gleneagle Murphys Custom Homes, 13977 Milan Road #192, 80908",robert.droke@yahoo.com,,10/22/2019,07/10/2021,36742,,No,Active,83060e99d614d2df336531936,1,,robert.droke@yahoo.com,,,,Yes,,469-285-6600,,
03/21/2023,Membership,,"14160 Westchester Dr^^Colorado Springs^Color^80921^","Property in good standing","14160 Westchester Dr",6206204010,Neil,Dozier,,MEMBER,07/10/2021,"14160 Westchester Dr^^Colorado Springs^CO^80921^",,high5dozier@comcast.net,,12/30/2005,07/10/2021,36742,,No,Active,10460e99d433f84b361940676,1,,high5dozier@comcast.net,,,,Yes,,719-590-7682,,
,Membership,,"450 Picasso Court^^Colorado Springs^Color^80921^","Property in good standing","450 Picasso Court",6131103072,Theresa,"Doyle Sloan",,MEMBER,07/15/2026,"450 Picasso Ct.^^Colorado Springs^CO^29229^",,sloan.theresa@gmail.com,,07/15/2026,07/17/2026,36742,,No,Active,1756a583144cfaa5271674170,1,,sloan.theresa@gmail.com,,,,No,,719-359-1142,No,
,Membership,,"450 Picasso Court^^Colorado Springs^Color^80921^","Property in good standing","450 Picasso Court",6131103072,John,Doyle,,MEMBER,07/10/2021,"450 Picasso Court^^Colorado Springs^CO^80921^","doylejsjj@comcast.net
Primary Phone	719-641-3708",doylejsjj@comcast.net,,10/28/1991,11/14/2023,36742,,No,Active,68260e99d5db96c7951721697,1,,doylejsjj@comcast.net,,No,No,Yes,No,719-641-3708,No,No
,Membership,,"450 Picasso Court^^Colorado Springs^Color^80921^","Property in good standing","450 Picasso Court",6131103072,Joy,Doyle,,MEMBER,07/12/2026,"450 Picasso Ct.^^Colorado Springs^CO^80921^",,doylejs2020@gmail.com,,07/12/2026,07/17/2026,36742,,No,Active,9076a540ae8ba085974609544,1,,doylejs2020@gmail.com,,,,No,,719-359-1142,No,
08/06/2023,Membership,659,"625 Rembrandt Court^^Colorado Springs^Color^80921^","Property in good standing","625 Rembrandt Court",6131103100,"Edgar L.",Dove,,MEMBER,07/10/2021,"625 Rembrandt Court^^Colorado Springs^CO^80921^",,eddove@icloud.com,,10/09/1984,07/10/2021,36742,,No,Active,42960e99d5bdf09a076464785,1,,eddove@icloud.com,,,,Yes,,719-466-0102,,
,Membership,,"14420 River Oaks Dr^^Colorado Springs^Color^80921^","Property Dues Delinquent","14420 River Oaks Dr",6206201012,Darren,Doucet,,MEMBER,07/10/2021,"14420 River Oaks Dr^^Colorado Springs^CO^80921^",210-8449,darren@bondguarantee.com,,07/30/2002,07/10/2021,36742,,No,Active,11060e99d4a7528e768192894,1,,darren@bondguarantee.com,,,,Yes,,719-210-8449,,
02/25/2026,Membership,,"14085 Gleneagle Dr^^Colorado Springs^Color^80921^","Property in good standing","14085 Gleneagle Dr",6206205002,Christopher,Doniec,,MEMBER,07/10/2021,"14085 Gleneagle Dr^^Colorado Springs^CO^80921^","Kim is not shown as a co-owner on County records",christophergleneaglehoa@gmail.com,,06/06/2001,07/10/2021,36742,,No,Active,30860e99d457fc94403287049,1,,ChristopherGleneagleHOA@gmail.com,,,,Yes,,719-358-8017,,
09/11/2025,Membership,,"105 Doral Way^^Colorado Springs^CO^80921^","Property in good standing","105 Doral Way",6206205010,Trivian,Dickard,,MEMBER,06/16/2021,"105 Doral Way^^Colorado Springs^CO^80921^",,triviandickard@gmail.com,,06/16/2021,01/26/2025,36742,,No,Active,11560ca28b77c59a129468717,1,,trivian.dickard,,,No,Yes,No,,No,
,Membership,,,,,,Trivian,Dickard,,MEMBER,06/22/2022,"105 Doral Way^^Colorado Springs^CO^80921^",,tdickard@yahoo.com,12/31/2022,06/22/2022,06/22/2022,36742,,No,Expired,43462b36b67682fe886530141,1,,tdickard@yahoo.com,,,,No,,719-337-3195,No,
,Membership,,"210 Mission Hill Way^^Colorado Springs^Color^80921^","Property in good standing","210 Mission Hill Way",6206201104,Dane,Dewberrry,,MEMBER,12/31/2021,"210 Mission Hill Way^^Colorado Springs^CO^80921^",,,,12/31/2021,03/19/2022,36742,,No,Active,61661cf881598637082990268,1,,DaneDewberrySr,,,No,No,Yes,,No,No
07/30/2023,Membership,,"165 Wuthering Heights Dr^^Colorado Springs^Color^80921^","Property in good standing","165 Wuthering Heights Dr",6131209019,Geraldo,DeSouza,,MEMBER,07/10/2021,"165 Wuthering Heights Dr^^Colorado Springs^CO^80921^","334-559-0780
334-524-0780
desou001@yahoo.com
desougs@auburn.edu",desougs@auburn.edu,,02/28/2011,08/12/2023,36742,,No,Active,65160e99d55551cb138503042,1,,desougs@auburn.edu,,No,No,Yes,No,334-559-0780,No,No
12/14/2023,Membership,304,"330 Pauma Valley Dr^^Colorado Springs^Color^80921^","Property in good standing","330 Pauma Valley Dr",6131302027,ChoCho,DeSantis,,MEMBER,07/10/2021,"330 Pauma Valley Dr^^Colorado Springs^CO^80921^",,chocho.m.desantis@gmail.com,,05/08/2019,02/06/2022,36742,,No,Active,57860e99d4e1fb8a700257128,1,,chocho.m.desantis@gmail.com,,,,Yes,,,No,
,Membership,,"285 Palm Springs Dr^^Colorado Springs^Color^80921^","Property in good standing","285 Palm Springs Dr",6131302001,Daniel,Denning,,MEMBER,07/10/2021,"285 Palm Springs Dr^^Colorado Springs^CO^80921^",,starbook2001@yahoo.com,,03/01/2005,07/10/2021,36742,,No,Active,25260e99d512fde5298667201,1,,starbook2001@yahoo.com,,,,Yes,,719-488-2524,,
08/04/2023,Membership,,"555 Wuthering Heights Dr^^Colorado Springs^Color^80921^","Property in good standing","555 Wuthering Heights Dr",6131101059,Brooks,Demio,,MEMBER,07/10/2021,"555 Wuthering Heights Dr^^Colorado Springs^CO^80921^",,brooks@pcisys.net,,08/17/2006,07/10/2021,36742,,No,Active,55060e99d5a372cd005481633,1,,brooks@pcisys.net,,,,Yes,,719-481-9795,,
02/27/2026,Membership,239,"14590 River Oaks Dr^^Colorado Springs^Color^80921^","Property in good standing","14590 River Oaks Dr",6131303036,Christian,DeMeyer,,MEMBER,07/10/2021,"14590 River Oaks Dr^^Colorado Springs^CO^80921^",,christian_demeyer@yahoo.com,,12/02/2005,07/10/2021,36742,,No,Active,11460e99d4bc406b682747373,1,,christian_demeyer@yahoo.com,,,,Yes,,719-481-1919,,
,Membership,,"135 Palm Springs Dr^^Colorado Springs^Color^80921^","Property in good standing","135 Palm Springs Dr",6131302008,Charles,Delich,,MEMBER,07/10/2021,"135 Palm Springs Dr^^Colorado Springs^CO^80921^",,crdelich@mac.com,,06/06/1991,07/10/2021,36742,,No,Active,88160e99d4f8f00f944534789,1,,crdelich@mac.com,,,,Yes,,719-481-2119,,
,Membership,,"15010 Hilton Head Court^^Colorado Springs^Color^80921^","Property in good standing","15010 Hilton Head Court",6131104012,MAX,DELGADO,,MEMBER,08/14/2025,"15010 HILTON HEAD CT^^COLORADO SPRINGS^CO^80921^",,maxdelgado700@gmail.com,12/31/2025,08/14/2025,08/15/2025,36742,,No,Expired,727689e6cb193184275695398,1,,maxdelgado700@gmail.com,,,,Yes,,719-661-3278,No,
,Membership,,"15010 Hilton Head Court^^Colorado Springs^Color^80921^","Property in good standing","15010 Hilton Head Court",6131104012,Max,Delgado,,MEMBER,07/10/2021,"15010 Hilton Head Court^^Colorado Springs^CO^80921^",,,,06/05/2014,07/10/2021,36742,,No,Active,37260e99d5f059fb397143634,1,,MaxDelgado,,,,Yes,,,,
07/06/2022,Membership,,"14445 Gleneagle Dr^^Colorado Springs^Color^80921^","Property in good standing","14445 Gleneagle Dr",6206101005,Bob,DeLange,,MEMBER,05/31/2022,"14445 GLENEAGLE DR^^COLORADO SPRINGS^CO^80921^",,rdelange1377@gmail.com,12/31/2022,05/31/2022,05/31/2022,36742,,No,Expired,67562969ab941cb6546396299,1,,rdelange1377@gmail.com,,,No,Yes,No,641-990-8059,No,No
03/21/2023,Membership,313,"55 Pauma Valley Dr^^Colorado Springs^Color^80921^","Property in good standing","55 Pauma Valley Dr",6131303009,Carmen,Decker,"Robert and Guia",MEMBER,07/10/2021,"55 Pauma Valley Drive^^Colorado Springs^CO^80921^",,,,06/19/2023,07/16/2023,36742,,No,Active,60860e99d4e60f3b739939206,1,,CarmenDecker,,No,No,No,No,,No,No
,Membership,25,"14210 Westchester Dr^^Colorado Springs^Color^80921^","Property in good standing","14210 Westchester Dr",6206204008,Kevin,Deardorff,,MEMBER,07/10/2021,"14210 Westchester Dr^^Colorado Springs^CO^80921^",,coquantum@msn.com,,10/22/2010,07/10/2021,36742,,No,Active,76060e99d4376ffc736000698,1,,coquantum@msn.com,,,,Yes,,719-472-0593,,
,Membership,,"170 Wuthering Heights Dr^^Colorado Springs^Color^80921^","Property in good standing","170 Wuthering Heights Dr",6131206073,Carolyn,Deaderick,,MEMBER,09/17/2025,"170 Wuthering Heights Drive^^Colorado Springs^CO^80921^",,cadeaderick@gmail.com,12/31/2025,09/17/2025,09/30/2026,36742,,No,Expired,73168caff39c3daf928068043,1,,cadeaderick@gmail.com,,Yes,No,Yes,No,540-656-8310,No,No
08/28/2023,Membership,,"710 Wuthering Heights Dr^^Colorado Springs^Color^80921^","Property in good standing","710 Wuthering Heights Dr",6131103107,Sara,Dazey,,MEMBER,01/02/2022,"710 Wuthering Heights Drive^^Colorado Springs^CO^80921^",,bobnsar@aol.com,12/31/2022,03/31/2006,01/04/2022,36742,,No,Expired,17061d209e0a3a3d335418999,1,,bobnsar@aol.com,,,No,No,No,719-640-5002,No,
08/01/2023,Membership,,"15011 LaJolla Place^^Colorado Springs^Color^80921^","Property in good standing","15011 LaJolla Place",,Bronwyn,Davis,,MEMBER,07/10/2021,"15011 LaJolla Place^^Colorado Springs^CO^80921^","Greeted 10/22.",bronwyndavis4@gmail.com,,09/11/2023,10/24/2023,36742,,No,Active,67460e99d5487444649892334,1,,BronwynDavis,,No,No,Yes,No,,No,No
05/29/2025,Membership,215,"14465 River Oaks Dr^^Colorado Springs^Color^80921^","Property in good standing","14465 River Oaks Dr",6206201006,John,Davis,,MEMBER,07/10/2021,"14465 River Oaks Dr^^Colorado Springs^CO^80921^",,whdltc1@msn.com,,10/31/2011,05/29/2025,36742,,No,Active,57160e99d4ac673b287463788,1,,whdLtc1@msn.com,,,,Yes,,719-362-3301,No,
,Membership,511,"290 Wuthering Heights Dr^^Colorado Springs^Color^80921^","Property Dues Delinquent","290 Wuthering Heights Dr",6131206086,Karen,DaPra,,MEMBER,07/10/2021,"290 Wuthering Heights Dr^^Colorado Springs^CO^80921^",,karendap440@gmail.com,,09/02/2017,07/10/2021,36742,,No,Active,83060e99d56497e0825710583,1,,karendap440@gmail.com,,,,Yes,,586-453-6614,,
08/29/2024,Membership,666,"665 Rembrandt Court^^Colorado Springs^Color^80921^","Property in good standing","665 Rembrandt Court",6131103097,"Jay A",Dankoff,,MEMBER,07/10/2021,"665 Rembrandt Court^^Colorado Springs^CO^80921^",,amandadankoff@gmail.com,,09/11/2015,07/10/2021,36742,,No,Active,79660e99d5c43480934249009,1,,amandadankoff@gmail.com,,,,Yes,,248-321-5920,,
09/17/2026,Membership,,"30 Desert Inn Way^^Colorado Springs^Color^80921^","Property in good standing","30 Desert Inn Way",6131307025,Jim,Daley,,MEMBER,07/10/2021,"30 Desert Inn Way^^Colorado Springs^CO^80921^",,jim_daley@msn.com,,12/26/2017,03/21/2022,36742,,No,Active,47560e99d5387b72067418204,1,,jim_daley@msn.com,,,No,Yes,No,719-481-4243,No,No
12/10/2025,Membership,,"340 Palm Springs Dr^^Colorado Springs^Color^80921^","Property in good standing","340 Palm Springs Dr",6131403003,Alan,Daines,,MEMBER,07/28/2025,"340 Palm Springs Drive^^Colorado Springs^CO^80921^",,alandaines67@gmail.com,12/31/2025,07/28/2025,08/01/2025,36742,,No,Expired,1826888210556cc0194171988,1,,Alandaines67@gmail.com,,,,No,,719-209-1084,No,
,Membership,,"340 Palm Springs Dr^^Colorado Springs^Color^80921^","Property in good standing","340 Palm Springs Dr",6131403003,Alan,Daines,,MEMBER,07/10/2021,"340 Palm Springs Dr^^Colorado Springs^CO^80921^",,ardaines@msn.com,,09/27/1989,07/10/2021,36742,,No,Active,83260e99d5174737150780111,1,,ardaines@msn.com,,,,Yes,,719-481-4240,,
08/12/2024,Membership,,"75 Palm Springs Dr^^Colorado Springs^Color^80921^","Property in good standing","75 Palm Springs Dr",6131404002,Andrew,Czyl,,MEMBER,07/10/2021,"75 Palm Springs Dr^^Colorado Springs^CO^80921^",,andrewczyl@gmail.com,,06/21/2019,07/10/2021,36742,,No,Active,85360e99d4f2ad37597942638,1,,andrewczyl@gmail.com,,,,Yes,,,,
04/16/2023,Membership,,"810 Wuthering Heights Dr^^Colorado Springs^Color^80921^","Property in good standing","810 Wuthering Heights Dr",6131103057,Benjamin,Custalow,,MEMBER,07/10/2021,"810 Wuthering Heights Dr^^Colorado Springs^CO^80921^",tara.custalow@gmail.com,tara.custalow@gmail.com,,05/14/2021,04/16/2023,36742,,No,Active,75960e99d5bb587f849717298,1,,tara.custalow@gmail.com,,No,No,Yes,No,540-424-3393,No,No
11/10/2025,Membership,,"420 Wuthering Heights Dr^^Colorado Springs^Color^80921^","Property in good standing","420 Wuthering Heights Dr",6131103081,Tom,Cunningham,,MEMBER,07/10/2021,"420 Wuthering Heights Dr^^Colorado Springs^CO^80921^",,tom.diana@comcast.net,,07/27/2009,07/10/2021,36742,,No,Active,20060e99d5e71647900675209,1,,Tom.diana@comcast.net,,,,Yes,,916-524-2541,,
11/07/2023,Membership,,"13985 Westchester Dr^^Colorado Springs^Color^80921^","Property in good standing","13985 Westchester Dr",6206302003,Erik,Cummings,,MEMBER,07/10/2021,"13985 Westchester Dr^^Colorado Springs^CO^80921^",,erik.cummings@gmail.com,,05/30/2013,07/10/2021,36742,,No,Active,12560e99d428a749825746808,1,,erik.cummings@gmail.com,,,,Yes,,719-352-6660,,
,Membership,,"915 Wuthering Heights Dr^^Colorado Springs^Color^80921^","Property in good standing","915 Wuthering Heights Dr",6131110053,Benjamin,Crossley,,MEMBER,07/10/2021,"915 Wuthering Heights Dr^^Colorado Springs^CO^80921^",,,,07/01/2014,07/10/2021,36742,,No,Active,62160e99d5d20a2e001256134,1,,BenjaminCrossley,,,,Yes,,,,
04/27/2023,Membership,,"540 Rangely Dr^^Colorado Springs^Color^80921^","Property in good standing","540 Rangely Dr",6131401002,Dave,Cross,,MEMBER,07/10/2021,"540 Rangely Dr^^Colorado Springs^CO^80921^","davecross222222@gmail.com
719-460-3439",davecross222222@gmail.com,,04/17/1997,03/24/2023,36742,,No,Active,63660e99d5a08bee238130884,1,,davecross222222@gmail.com,,No,No,Yes,No,719-460-3439,No,No
03/11/2026,Membership,,"14260 Gleneagle Dr^^Colorado Springs^Color^80921^","Property in good standing","14260 Gleneagle Dr",6206103005,David,Creech,,MEMBER,07/10/2021,"14260 Gleneagle Dr^^Colorado Springs^CO^80921^",,dmcmillwork@gmail.com,,08/03/2007,03/12/2023,36742,,No,Active,70460e99d477f25f435282009,1,,dmcmillwork@gmail.com,,No,No,Yes,No,719-510-5492,No,No
03/22/2023,Membership,,"325 Rangely Dr^^Colorado Springs^Color^80921^","Property in good standing","325 Rangely Dr",6131402014,Karen,Crawford,,MANAGER,07/10/2021,"4317 W. J.J. Ranch Road^^Glendale^AZ^85310^","Karen Crawford handles the bills for her mother Marilyn Killian.",poochsmoocher@gmail.com,,07/10/2021,07/10/2021,36742,,No,Active,64160e99d596d4cb899042059,1,,poochsmoocher@gmail.com,,,,Yes,,602-377-5025,,
,Membership,483,"15050 LaJolla Place^^Colorado Springs^Color^80921^","Property in good standing","15050 LaJolla Place",,Stephen,Cranage,,MEMBER,07/10/2021,"15050 LaJolla Place^^Colorado Springs^CO^80921^",,,,03/26/2002,07/10/2021,36742,,No,Active,53260e99d5507f2b607489986,1,,StephenCranage,,,,Yes,,719-488-9824,,
04/29/2023,Membership,,"145 Mission Hill Way^^Colorado Springs^Color^80921^","Property in good standing","145 Mission Hill Way",6206201078,"Timothy B",Coy,,MEMBER,07/10/2021,"145 Mission Hill Way^^Colorado Springs^CO^80921^",,tim_coy@hotmail.com,,12/17/2015,07/10/2021,36742,,No,Active,82160e99d4c579a1327998214,1,,tim_coy@hotmail.com,,,,Yes,,719-237-8787,,
,Membership,,,,,,GCA,Covenants,,ADMINSUB,08/11/2021,,,covenants@gleneaglehoa.org,,08/11/2021,08/11/2021,36742,,No,Active,64761145ce6f03be823557891,1,,covenants@gleneaglehoa.org,,,,Yes,,,,
09/02/2026,Membership,454,"95 Desert Inn Way^^Colorado Springs^Color^80921^","Property in good standing","95 Desert Inn Way",6131403008,John,Coulahan,,MEMBER,07/10/2021,"95 Desert Inn Way^^Colorado Springs^CO^80921^","719.488.8825
jrcoulahan@comcast.net",jrcoulahan@comcast.net,,05/10/2004,08/27/2026,36742,,No,Active,78960e99d53d41f0471915350,1,,jrcoulahan@comcast.net,,No,No,Yes,No,719-488-8825,No,No
07/11/2023,Membership,88,"135 Doral Way^^Colorado Springs^Color^80921^","Property in good standing","135 Doral Way",6206205012,Dora,Couch,,MEMBER,07/10/2021,"135 Doral Way^^Colorado Springs^CO^80921^","5.23.15: EPCA 4501 Fair Creek Ter, Aledo, TX 76008 same owner 12.30.15: Notice that returning to property on 2.1.16",dorapcouch@gmail.com,,04/16/2001,07/10/2021,36742,,No,Active,46360e99d45df9e0017543671,1,,dorapcouch@gmail.com,,,,Yes,,719-648-8038,,
08/04/2023,Membership,,"35 Wuthering Heights Dr^^Colorado Springs^Color^80921^|5 Rangely Dr^^Colorado Springs^Color^80921^","Property in good standing","35 Wuthering Heights Dr^5 Rangely Dr",6131104005^6131301030,Charles,Cothern,,MEMBER,09/09/2021,"15170 Steinbeck Ln, Colorado Springs, CO^^Colorado Springs^CO^80921^",,charlescothern@springseng.com,,09/09/2021,04/04/2022,36742,,No,Active,495613a2b8bb3981953110467,1,,charlescothern@springseng.com,,,,Yes,,719-432-6889,,
04/30/2023,Membership,74,"14070 Gleneagle Dr^^Colorado Springs^Color^80921^","Property in good standing","14070 Gleneagle Dr",6206201043,Ricky,Corona,,MEMBER,07/10/2021,"14070 Gleneagle Dr^^Colorado Springs^CO^80921^",,mistercorona@gmail.com,,03/23/2018,07/10/2021,36742,,No,Active,41160e99d455d939498198770,1,,mistercorona@gmail.com,,,,Yes,,512-804-6352,,
01/28/2026,Membership,,"14615 River Oaks Dr^^Colorado Springs^Color^80921^","Property in good standing","14615 River Oaks Dr",6131306006,John,Corbett,,MEMBER,04/16/2022,"14615 River Oaks Dr^^Colorado Springs^CO^80921^",,jakcor86@comcast.net,,04/16/2022,04/26/2022,36742,,No,Active,632625a892105965871568812,1,,jakcor86@comcast.net,,,No,Yes,No,714-917-7039,No,No
03/12/2026,Membership,564,"14815 Gleneagle Dr^^Colorado Springs^Color^80921^","Property in good standing","14815 Gleneagle Dr",6131402032,Alexander,Cook,,MEMBER,07/10/2021,"14815 Gleneagle Dr^^Colorado Springs^CO^80921^",213-344-6174,acook123@gmail.com,,10/01/2017,07/10/2021,36742,,No,Active,27160e99d586b8cd325358913,1,,acook123@gmail.com,,,,Yes,,213-268-6470,,
10/17/2023,Membership,,"325 Wuthering Heights Dr^^Colorado Springs^Color^80921^","Property Dues Delinquent","325 Wuthering Heights Dr",6131104010,Derek,Converse,,MEMBER,07/10/2021,"325 Wuthering Heights Dr^^Colorado Springs^CO^80921^",,dcconcessions@msn.com,,07/30/2003,07/10/2021,36742,,No,Active,21160e99d5e27889848439989,1,,dcconcessions@msn.com,,,,Yes,,719-487-1659,,
08/28/2026,Membership,207,"14415 River Oaks Dr^^Colorado Springs^Color^80921^","Property in good standing","14415 River Oaks Dr",6206201009,Mark,Connell,,MEMBER,07/10/2021,"14415 River Oaks Dr^^Colorado Springs^CO^80921^",,marktconnell2@gmail.com,,06/09/1998,09/30/2026,36742,,No,Active,16560e99d4a6e0ba362926225,1,,marktconnell2@gmail.com,,No,No,Yes,No,719-338-1519,No,No
09/07/2026,Membership,,"14405 River Oaks Dr^^Colorado Springs^Color^80921^","Property Dues Delinquent","14405 River Oaks Dr",6206201010,Ron,Conder,,MEMBER,07/10/2021,"14405 River Oaks Dr^^Colorado Springs^CO^80921^","jconder@discovermygoodwill.org
jeanneconder@comcast.net",jeanneconder@comcast.net,,08/22/1996,05/07/2026,36742,,No,Active,32260e99d4a51d65972207264,1,,jeanneconder@comcast.net,,No,No,Yes,No,719-339-6868,No,No
,Membership,47,"50 Huntington Beach Dr^^Colorado Springs^Color^80921^","Property in good standing","50 Huntington Beach Dr",6206201049,"Sean A",Collins,,MEMBER,07/10/2021,"50 Huntington Beach Dr^^Colorado Springs^CO^80921^","648-0612 (Sean)",sacollins2003@gmail.com,,12/27/2016,07/10/2021,36742,,No,Active,26260e99d445889c854907135,1,,sacollins2003@gmail.com,,,,Yes,,719-244-8105,,
,Membership,61,"180 Huntington Beach Dr^^Colorado Springs^Color^80921^","Property in good standing","180 Huntington Beach Dr",6206201059,"Tim & Susan",Colchin,,MEMBER,07/10/2021,"180 Huntington Beach Dr^^Colorado Springs^CO^80921^","Paulette updated - New owners, 8/30/21  Tim's ph.#614-425-0097/614-312-1797",sbcolchin@gmail.com,,04/01/2019,07/01/2022,36742,,No,Active,14760e99d44e0192343099339,1,,sbcolchin@gmail.com,,,No,Yes,No,614-425-0097,No,No
07/19/2023,Membership,256,"165 Mission Hill Way^^Colorado Springs^Color^80921^","Property in good standing","165 Mission Hill Way",6206201077,Brian,Colao,,MEMBER,07/10/2021,"165 Mission Hill Way^^Colorado Springs^CO^80921^","New owner, not listed yet",bcolao@sbcglobal.net,,07/18/2019,07/10/2021,36742,,No,Active,67460e99d4c6d4d3037545913,1,,bcolao@sbcglobal.net,,,,Yes,,214-207-7656,,
06/17/2022,Membership,,"15 Huntington Beach Dr^^Colorado Springs^Color^80921^","Property in good standing","15 Huntington Beach Dr",6206201067,Teresa,Cochran,,MEMBER,08/24/2021,"15 Huntington Beach DR^^Colorado Springs^CO^80921^",,spicytc@gmail.com,12/31/2022,08/24/2021,01/14/2022,36742,,No,Expired,16161252829d6c9f613152523,1,,spicytc@gmail.com,,,,Yes,,719-321-5891,,
,Membership,,,,,,Timothy,Cochran,,MEMBER,07/10/2021,"15 Huntington Beach Dr^^Colorado Springs^CO^80921^",,timothy@eas.tc,,06/01/2017,07/10/2021,36742,,No,Active,27960e99d442fd2d478603326,1,,timothy@eas.tc,,,,Yes,,719-321-5891,,
,Membership,,,,,,William,Cobban,,MEMBER,07/10/2021,"265 Cherry Hills Way^^Colorado Springs^CO^80921^","List as Godoy, Lawrence & Parisa no email listed on new neighbor sheet 5.23.15: Dues notice returned, EPC Bailey & Solis Fam Rev Liv Trust, same address 10.20.16 County parcel website shows sale of property from Solis to William Cobban.  No Title Letter request received. Updated per County Assessor record",billcobban1@gmail.com,,04/15/2012,07/10/2021,36742,,No,Active,78860e99d5093a2e289509977,1,,billcobban1@gmail.com,,,,Yes,,720-244-8165,,
09/20/2026,Membership,,"860 Wuthering Heights Dr^^Colorado Springs^Color^80921^","Property in good standing","860 Wuthering Heights Dr",6131103062,Duane,Clingen,,MEMBER,07/10/2021,"1545 Woodrose Court^^Colorado Springs^CO^80921^","wateroceanbeach@aim.com
danielclingen@yahoo.com - old email",wateroceanbeach@aim.com,,06/21/2019,11/15/2023,36742,,No,Active,14860e99d5cb2881729318062,1,,wateroceanbeach@aim.com,,No,No,Yes,No,719-210-0287,No,No
08/24/2023,Membership,,"880 Wuthering Heights Dr^^Colorado Springs^Color^80921^","Property in good standing","880 Wuthering Heights Dr",6131103064,Teresa,Cline,,MEMBER,07/10/2021,"880 Wuthering Heights Dr^^Colorado Springs^CO^80921^",,bobcline4@gmail.com,,07/10/1996,07/10/2021,36742,,No,Active,11960e99d5cdccbc362291128,1,,bobcline4@gmail.com,,,,Yes,,719-481-0790,,
,Membership,165,"14505 Bermuda Dunes Way^^Colorado Springs^Color^80921^","Property in good standing","14505 Bermuda Dunes Way",6206202003,Kenneth,Clemons,,MEMBER,07/10/2021,"27821 Dandelion Drive^^Santa Clarita^CA^91350-1924^","3.16.15: Received check for $50 with note to pay forward.  Since cannot apply to 2016, refunded $5.00 to owner #1870",kwclemons@hotmail.com,,09/14/2016,01/23/2022,36742,,No,Active,89260e99d48c614f278951526,1,,kwclemons@hotmail.com,,,No,Yes,No,702-769-8687,No,
,Membership,,"15265 Renoir Place^^Colorado Springs^Color^80921^","Property Dues Delinquent","15265 Renoir Place",6131101077,Bob,Clements,,MEMBER,07/10/2021,"15265 Renoir Place^^Colorado Springs^CO^80921^",,blujnldy@comcast.net,,08/04/1998,07/10/2021,36742,,No,Active,37560e99d5b0d71d906719616,1,,blujnldy@comcast.net,,,,Yes,,719-481-5650,,
,Membership,128,"14250 Gleneagle Dr^^Colorado Springs^Color^80921^","Property in good standing","14250 Gleneagle Dr",6206103006,Ralph,Clark,,MEMBER,07/10/2021,"131 Poquito Rd^^Shalimar^FL^32579^","2021 Nov 10 - Updated mailing address per Ralph info email. BAR",rclark1639@cox.net,,04/25/1997,11/10/2021,36742,,No,Active,61860e99d47783c5568610108,1,,rclark1639@cox.net,,,,Yes,,850-226-4977,No,
12/26/2023,Membership,,"14585 Latrobe Dr^^Colorado Springs^Color^80921^","Property in good standing","14585 Latrobe Dr",6131402062,Chris,Clabaugh,,MEMBER,07/10/2021,"14585 Latrobe Dr^^Colorado Springs^CO^80921^",chrisclabaugh88@comcast.net,chrisclabaugh88@comcast.net,,07/13/2015,03/24/2023,36742,,No,Active,79960e99d4d4bdc3665208669,1,,chrisclabaugh88@comcast.net,,No,No,Yes,No,719-481-3078,No,No
,Membership,,"14585 Latrobe Dr^^Colorado Springs^Color^80921^","Property in good standing","14585 Latrobe Dr",6131402062,Chris,Clabaugh,,MEMBER,02/04/2026,"14585 Latrobe Dr^^Colorado Springs^CO^80921^",,cclabaugh@protonmail.com,12/31/2026,02/04/2026,02/14/2026,36742,,No,Active,7456983fbf5375f2277803069,1,,cclabaugh@protonmail.com,,,,No,,719-481-3078,No,
,Membership,,,,,,,Christian,,MEMBER,09/15/2021,"970 Wuthering Heights^^Colorado Springs^CO^80921^",,m77north2014@gmail.com,,07/01/2021,11/07/2021,36742,,No,Active,6976142579d73d22532583636,1,,CharlesGerber,,,,Yes,,210-887-7175,No,
09/06/2026,Membership,,"14372 Spyglass Hill Pl^^Colorado Springs^Color^80921^","Property in good standing","14372 Spyglass Hill Pl",6206201110,Julie,Christian,"Wisdom and Integrity",MEMBER,07/28/2021,"14372 Spyglass Hill Pl^^Colorado Springs^CO^80921^","Paulette-added person's name & ph.#, 8/30/21",jjoyful2@gmail.com,,07/28/2021,08/30/2021,36742,,No,Active,9686101c60001beb981815746,1,,jjoyful2@gmail.com,,,,Yes,,719-510-9322,,
08/07/2023,Membership,,"13925 Westchester Dr^^Colorado Springs^Color^80921^","Property in good standing","13925 Westchester Dr",6206301003,Petr,Chocholaty,,MEMBER,07/10/2021,"13925 Westchester Dr^^Colorado Springs^CO^80921^",hhchocholaty@gmail.com,chocholaty.petr@gmail.com,,04/05/2013,02/04/2023,36742,,No,Active,60560e99d5f565ba039546697,1,,chocholaty.petr@gmail.com,,No,No,Yes,No,719-640-6201,No,No
06/14/2025,Membership,,"140 Rangely Dr^^Colorado Springs^Color^80921^","Property in good standing","140 Rangely Dr",6131309018,Kenneth,Childress,,MEMBER,07/10/2021,"140 Rangely Dr^^Colorado Springs^CO^80921^",,kenc@urassociation.com,,02/11/2004,07/10/2021,36742,,No,Active,81660e99d532dec5159442327,1,,kenc@urassociation.com,,,,Yes,,719-488-0944,,
09/13/2026,Membership,,,,,,Ana,Chavez,,MEMBER,08/10/2021,"15015 Hiltonhead Court^^Colorado Springs^CO^80921^",,chaveal7@gmail.com,12/31/2022,08/10/2021,04/02/2022,36742,,No,Expired,42861133f6d94b0a977710982,1,,chaveal7@gmail.com,,,No,Yes,No,719-322-8180,Yes,
04/08/2023,Membership,743,"15015 Hilton Head Court^^Colorado Springs^Color^80921^","Property in good standing","15015 Hilton Head Court",6131104016,Hector,Chavez,,MEMBER,07/10/2021,"15015 Hilton Head Court^^Colorado Springs^CO^80921^",,hanrm0415@gmail.com,,07/26/1989,11/10/2021,36742,,No,Active,50260e99d5f12a6f004607771,1,,hanrm0415@gmail.com,,,,Yes,,719-649-6576,Yes,
08/06/2023,Membership,,"60 Rangely Dr^^Colorado Springs^Color^80921^","Property in good standing","60 Rangely Dr",6131309015,"Jeffrey W",Chandler,,MEMBER,07/10/2021,"60 Rangely Dr^^Colorado Springs^CO^80921^",,jeffands@gmail.com,,09/09/2016,07/10/2021,36742,,No,Active,63860e99d52dd620289991053,1,,JEFFANDS@GMAIL.COM,,,,Yes,,719-332-3257,,
08/04/2023,Membership,143,"14170 Candlewood Court^^Colorado Springs^Color^80921^","Property in good standing","14170 Candlewood Court",6206104004,Robin,Chambon,,MEMBER,07/10/2021,"14170 Candlewood Court^^Colorado Springs^CO^80921^","Changed e-mail address on 03-22-10
significant other: Bobby Kerr  (Chambon will change to Kerr after marriage)
rr.chambon@gmail.com
robin@thecuttingedgerealtors.com",rr.chambon@gmail.com,,03/13/1991,03/03/2023,36742,,No,Active,59660e99d47eee8d084278353,1,,rr.chambon@gmail.com,,No,No,Yes,Yes,719-440-2525,No,No
,Membership,,"14115 Gleneagle Dr^^Colorado Springs^Color^80921^","Property in good standing","14115 Gleneagle Dr",6206205021,Pete,Chagolla,,MEMBER,07/28/2021,"8330 Clifton Dr.^^Colorado Springs^CO^80920^",,,,07/28/2021,07/28/2021,36742,,No,Active,9676101ceb630e00039401811,1,,PeteChagolla,,,,Yes,,719-282-3913,,
05/14/2026,Membership,495,"140 Wuthering Heights Dr^^Colorado Springs^Color^80921^","Property in good standing","140 Wuthering Heights Dr",6131206070,Virginie,Cedotal,,MEMBER,07/10/2021,"140 Wuthering Heights Dr^^Colorado Springs^CO^80921^","ELPCO: CEDOTAL VIRGINIE",giniehas3@hotmail.com,,09/01/2009,01/25/2024,36742,,No,Active,57760e99d5582f08500692823,1,,giniehas3@hotmail.com,,,No,Yes,No,719-231-0359,Yes,No
09/30/2025,Membership,,"460 Picasso Court^^Colorado Springs^Color^80921^","Property in good standing","460 Picasso Court",6131103073,Leilani,Ceballes,,MEMBER,07/10/2021,"460 Picasso Court^^Colorado Springs^CO^80921^",,smiley4u26@yahoo.com,,05/03/2021,03/24/2022,36742,,No,Active,39560e99d5dd4c02128002881,1,,smiley4u26@yahoo.com,,,No,Yes,No,719-453-5627,No,No
,Membership,,"14710 Gleneagle Dr^^Colorado Springs^Color^80921^","Property in good standing","14710 Gleneagle Dr",6131404015,Phil,Catalfamo,,MEMBER,07/10/2021,"14710 Gleneagle Dr^^Colorado Springs^CO^80921^",,gleneagle@q.com,,04/01/1986,07/10/2021,36742,,No,Active,98560e99d5819e01736554590,1,,gleneagle@q.com,,,,Yes,,719-481-4839,,
,Membership,,"14710 Gleneagle Dr^^Colorado Springs^Color^80921^","Property in good standing","14710 Gleneagle Dr",6131404015,Philip,Catalfamo,,MEMBER,08/16/2025,"14710 Gleneagle Dr^^Colorado Sprgs^CO^80921^",,gleneagledr@gmail.com,12/31/2025,08/16/2025,08/19/2025,36742,,No,Expired,72368a0c088686f5655394512,1,,Gleneagledr@gmail.com,,,,Yes,,719-460-4839,No,
,Membership,,"14560 Westchester Dr^^Colorado Springs^Color^80921^","Property in good standing","14560 Westchester Dr",6131303025,"Curtis M",Castellanet,,MEMBER,07/10/2021,"14560 Westchester Dr^^Colorado Springs^CO^80921^",,kimcastellanet@hotmail.com,,11/11/1998,07/10/2021,36742,,No,Active,79360e99d49d4af7324525789,1,,kimcastellanet@hotmail.com,,,,Yes,,719-499-3525,,
01/26/2024,Membership,,"14172 Stone Eagle Place^^Colorado Springs^Color^80921^","Property in good standing","14172 Stone Eagle Place",6206201128,Ralph,Castain,,MEMBER,09/01/2023,"14172 Stone Eagle Pl^^Colorado Springs^CO^80921^",,ralph@castain.org,12/31/2024,09/01/2023,01/26/2024,36742,,No,Expired,97464f261d91fb2d010346399,1,,ralph@castain.org,,,,Yes,,541-213-9297,Yes,
06/29/2026,Membership,,"14570 Bermuda Dunes Way^^Colorado Springs^Color^80921^","Property in good standing","14570 Bermuda Dunes Way",6131308044,William,Carver,,MEMBER,07/10/2021,"14570 Bermuda Dunes Way^^Colorado Springs^CO^80921^","e-mail bad and phone does not allow messages to be left - 06/04/10 - Bill Carroll",hootcarver@gmail.com,,10/12/1990,07/10/2021,36742,,No,Active,66060e99d491721c357044094,1,,hootcarver@gmail.com,,,,Yes,,719-481-4804,,
,Membership,,"755 Wuthering Heights Dr^^Colorado Springs^Color^80921^","Property in good standing","755 Wuthering Heights Dr",6131101072,Michael,Carter,,MEMBER,07/10/2021,"755 Wuthering Heights Dr^^Colorado Springs^CO^80921^",,mcplatinumgroup@yahoo.com,,09/01/2003,07/10/2021,36742,,No,Active,81060e99d5b8d114971767174,1,,mcplatinumgroup@yahoo.com,,,,Yes,,719-578-9005,,
02/29/2024,Membership,,"340 Doral Way^^Colorado Springs^Color^80921^","Property in good standing","340 Doral Way",6206104048,Dominic,Carro,,MEMBER,07/10/2021,"340 Doral Way^^Colorado Springs^CO^80921^","the Summit at Gleneagle",karlaa74@yahoo.com,,02/13/2020,04/26/2022,36742,,No,Active,47060e99d60098c1277019822,1,,karlaa74@yahoo.com,,,,Yes,,631-513-0456,No,
,Membership,,"30 Huntington Beach Dr^^Colorado Springs^Color^80921^","Property in good standing","30 Huntington Beach Dr",6206201056,"Darin & Roberta (Bobbi)",Carney,,MEMBER,08/19/2022,"30 Huntington Beach Drive^^Colorado Springs^CO^80921^","Greeted/Welcome Flowers 9/4/23",bizzeyb@msn.com,,08/23/2022,09/04/2023,36742,,No,Active,16762fff08d318a2351892865,1,,DarinCarney,,No,No,Yes,No,,No,No
,Membership,,"140 Mission Hill Way^^Colorado Springs^Color^80921^","Property in good standing","140 Mission Hill Way",6206201082,Rob,Carlson,,MEMBER,06/09/2025,"140 Mission Hill Way^^Colorado Springs^CO^80921^",,rncarlson@gmail.com,12/31/2025,06/09/2025,08/01/2025,36742,,No,Expired,2246847090a69ceb583358541,1,,rncarlson@gmail.com,,,,Yes,,719-332-6687,No,
,Membership,193,"14561 Westchester Dr^^Colorado Springs^Color^80921^","Property Dues Delinquent","14561 Westchester Dr",6131303010,Edward,Campbell,,MEMBER,07/10/2021,"14561 Westchester Dr^^Colorado Springs^CO^80921^",,kmeb2@hotmail.com,,09/12/2005,07/10/2021,36742,,No,Active,15760e99d49e2c95460671652,1,,kmeb2@hotmail.com,,,,Yes,,719-487-8529,,
08/12/2021,Membership,,"15125 Thornbird Ct^^Colorado Springs^Color^80921^","Property in good standing","15125 Thornbird Ct",6131206088,Max,Cameron,,MEMBER,07/10/2021,"15125 Thornbird Ct^^Colorado Springs^CO^80921^","Both e-mail addresses changed on 03-23-10",cameronmaxw@hotmail.com,,09/17/1987,07/10/2021,36742,,No,Active,45860e99d565ec0f773147880,1,,cameronmaxw@hotmail.com,,,,Yes,,719-488-0427,,
04/08/2023,Membership,,"14250 Westchester Dr^^Colorado Springs^Color^80921^","Property in good standing","14250 Westchester Dr",6206204006,"Mitchell D",Calvert,,MEMBER,07/10/2021,"14250 Westchester Dr^^Colorado Springs^CO^80921^",,mitch_man@comcast.net,,04/06/2017,07/10/2021,36742,,No,Active,91260e99d439aafe019518295,1,,mitch_man@comcast.net,,,,Yes,,719-282-3174,,
09/25/2026,Membership,691,"930 Wuthering Heights Dr^^Colorado Springs^Color^80921^","Property in good standing","930 Wuthering Heights Dr",6131103067,Peter,Callahan,,MEMBER,07/10/2021,"930 Wuthering Heights Dr^^Colorado Springs^CO^80921^",,petejean81@q.com,,10/13/1992,09/21/2026,36742,,No,Active,81460e99d5d3c6e7162383346,1,,petejean81@q.com,,,No,Yes,No,719-339-6192,Yes,
08/11/2022,Membership,,"14655 Latrobe Dr^^Colorado Springs^Color^80921^","Property in good standing","14655 Latrobe Dr",6131402046,Roger,Call,,MEMBER,07/10/2021,"14655 Latrobe Dr^^Colorado Springs^CO^80921^",,rogercall@comcast.net,,09/06/1994,07/10/2021,36742,,No,Active,87660e99d57232ec249225150,1,,RogerCall@comcast.net,,,,Yes,,719-488-8627,,
08/20/2022,Membership,397,"380 Palm Springs Dr^^Colorado Springs^Color^80921^","Property in good standing","380 Palm Springs Dr",6131403001,Leah,"Butler Molnar",,MEMBER,07/10/2021,"380 Palm Springs Dr^^Colorado Springs^CO^80921^",,leahmolnar@comcast.net,,09/13/2019,07/10/2021,36742,630154c294e87.jpg,No,Active,66860e99d51aad2f182473990,1,,leahmolnar@comcast.net,,,,Yes,,719-352-4777,,
02/04/2025,Membership,388,"315 Palm Springs Dr^^Colorado Springs^Color^80921^","Property in good standing","315 Palm Springs Dr",6131404007,Joni,Bush,,MEMBER,07/10/2021,"315 Palm Springs Dr^^Colorado Springs^CO^80921^",,tai.bush@cox.net,,02/01/1984,02/04/2025,36742,,No,Active,88860e99d514c07f933122366,1,,jonibush@gmail.com,,,,Yes,,719-488-2933,No,
05/29/2026,Membership,293,"550 Mission Hill Way^^Colorado Springs^Color^80921^","Property in good standing","550 Mission Hill Way",6206101002,John,Burroughs,,MEMBER,07/10/2021,"550 Mission Hill Way^^Colorado Springs^CO^80921^",,j.r.burroughs@gmail.com,,05/01/2020,12/30/2025,36742,,No,Active,32160e99d4db3674289503038,1,,j.r.burroughs@gmail.com,,No,No,Yes,No,719-210-7539,No,No
04/01/2024,Membership,562,"14770 Gleneagle Dr^^Colorado Springs^Color^80921^","Property in good standing","14770 Gleneagle Dr",6131404018,"Scott A.",Burroughs,,MEMBER,07/10/2021,"14770 Gleneagle Dr^^Colorado Springs^CO^80921^",,chrystiburroughs@mac.com,,06/22/2018,07/10/2021,36742,,No,Active,88860e99d5857a63444474950,1,,chrystiburroughs@mac.com,,,,Yes,,303-917-7174,,
08/13/2026,Membership,,"375 Pauma Valley Dr^^Colorado Springs^Color^80921^","Property in good standing","375 Pauma Valley Dr",6131408001,Dakota,Burklund,,MEMBER,12/05/2025,"375 Pauma Valley Dr^^Colorado Springs^CO^80921^",,dakotapb2009@gmail.com,12/31/2025,12/05/2025,12/05/2025,36742,,No,Expired,932693321b445cad825653169,1,,Dakotapb2009@gmail.com,,,,No,,512-738-2740,No,
08/03/2023,Membership,,"45 Doral Way^^Colorado Springs^Color^80921^","Property in good standing","45 Doral Way",6206205013,Darrell,Burghard,,MEMBER,07/10/2021,"45 Doral Way^^Colorado Springs^CO^80921^",,txswordmaker@gmail.com,,11/16/2022,04/16/2023,36742,,No,Active,22760e99d5fefb41343564923,1,,txswordmaker@gmail.com,,No,No,Yes,No,719-210-8866,No,No
03/21/2023,Membership,212,"14445 River Oaks Dr^^Colorado Springs^Color^80921^","Property in good standing","14445 River Oaks Dr",6206201007,James,Bullock,Shannon,MEMBER,07/10/2021,"14445 River Oaks Dr^^Colorado Springs^CO^80921^","2009 Annual Dues Assesment $313.06. Lien (Placed 5-09-08 for $165.53) will be removed when all dues and fees are paid. NO LONGER IN EFFECT...Paid through 2013. (SEN 3.22.15) 6.28.15: Per Kevin, return Check 4784 marked not for dues $89.10",dbull45@hotmail.com,,06/14/2023,07/10/2023,36742,,No,Active,80960e99d4aa5412855564132,1,,michaelmilewski@hotmail.com,,No,No,No,No,850-217-5950,No,No
,Membership,750,"13905 Westchester Dr^^Colorado Springs^Color^80921^","Property in good standing","13905 Westchester Dr",6206301005,Nancy,Bull,,MEMBER,07/10/2021,"13905 Westchester Dr^^Colorado Springs^CO^80921^",,,,07/29/2013,07/10/2021,36742,,No,Active,41760e99d5f3adbd684693375,1,,NancyBull,,,,Yes,,719-651-6597,,
,Membership,,"10 Huntington Beach Dr^^Colorado Springs^Color^80921^","Property in good standing","10 Huntington Beach Dr",6206201046,Alma,Buitron,"Luann Tomkinson",MEMBER,07/10/2021,"10 Huntington Beach Dr^^Colorado Springs^CO^80921^",,,,12/19/2022,01/28/2023,36742,,No,Active,53660e99d4422215648742709,1,,AlmaBuitron,,No,No,No,No,,No,No
03/11/2024,Membership,,"14175 Gleneagle Dr^^Colorado Springs^Color^80921^","Property in good standing","14175 Gleneagle Dr",6206104045,Leah,Bufka,,MEMBER,07/10/2021,"14175 Gleneagle Dr^^Colorado Springs^CO^80921^","Lot 16 - the Summit at Gleneagle - bought by New Haven Homes",leahlou622@gmail.com,,02/10/2020,03/31/2023,36742,,No,Active,60560e99d6056e7b714054061,1,,leahlou622@gmail.com,,No,No,Yes,No,,No,No
05/01/2023,Membership,,"335 Pauma Valley Dr^^Colorado Springs^Color^80921^","Property in good standing","335 Pauma Valley Dr",6131306002,Tim,Buchanan,,MEMBER,07/10/2021,"335 Pauma Valley Dr^^Colorado Springs^CO^80921^",,timbucone@aol.com,,11/04/1997,07/10/2021,36742,,No,Active,89060e99d4e266f2256098276,1,,timbucone@aol.com,,,,Yes,,719-488-5958,,
,Membership,,"14280 Westchester Dr^^Colorado Springs^Color^80921^","Property in good standing","14280 Westchester Dr",6206204005,Donna,Browne,,MEMBER,09/14/2026,"14280 Westchester Dr^^Colorado Springs^CO^80921^",,brownemusicstudios@sbcglobal.net,,09/14/2026,10/01/2026,36742,,No,Active,9176aa86e6fa6164888554022,1,,brownemusicstudios@sbcglobal.net,,No,No,No,No,816-668-5577,No,No
03/20/2023,Membership,,"351 Silver Rock Pl^^Colorado Springs^Color^80921^","Property in good standing","351 Silver Rock Pl",6206103052,"Al Christopher",Brown,,MEMBER,07/10/2021,"351 Silver Rock Pl^^Colorado Springs^CO^80921^","New Lot #36 - the Summit at Gleneagle",acbkl@comcast.net,,07/24/2020,07/10/2021,36742,,No,Active,55260e99d6140063666558866,1,,acbkl@comcast.net,,,,Yes,,,,
04/20/2023,Membership,755,"13935 Westchester Dr^^Colorado Springs^Color^80921^","Property in good standing","13935 Westchester Dr",6206301002,"Jean Ann",Brown,,MEMBER,07/10/2021,"13935 Westchester Dr^^Colorado Springs^CO^80921^",,jeanbrown8244@gmail.com,,06/22/2015,09/16/2022,36742,,No,Active,54160e99d5f717e6407974392,1,,jeanbrown8244@gmail.com,,No,No,Yes,No,908-801-3080,No,No
,Membership,11,"14090 Westchester Dr^^Colorado Springs^Color^80921^","Property in good standing","14090 Westchester Dr",6206204013,Joel,Brown,,MEMBER,07/10/2021,"14090 Westchester Dr^^Colorado Springs^CO^80921^","Sent cancelled 2002 check with 2003 check, don’t know where it's recorded?",jdbrn42@yahoo.com,,07/06/1992,07/10/2021,36742,,No,Active,77460e99d42f3e40698636056,1,,jdbrn42@yahoo.com,,,,Yes,,719-481-9853,,
07/19/2023,Membership,252,"125 Mission Hill Way^^Colorado Springs^Color^80921^","Property in good standing","125 Mission Hill Way",6206201079,Lance,Brown,,MEMBER,07/10/2021,"125 Mission Hill Way^^Colorado Springs^CO^80921^","Phone & e-mail not working as of 6/4/10...Bill Carroll",lancecbrown@gmail.com,,03/01/2018,07/10/2021,36742,,No,Active,45460e99d4c431e6758103171,1,,lancecbrown@gmail.com,,,,Yes,,,,
,Membership,,"115 Wuthering Heights Dr^^Colorado Springs^Color^80921^","Property in good standing","115 Wuthering Heights Dr",6131307011,Michael,Brown,,MEMBER,09/01/2026,"115 WUTHERING HEIGHTS DR^^COLORADO SPRINGS^CO^80921-2571^",,mjpbrown@outlook.com,,09/01/2026,09/01/2026,36742,,No,Pending,1176a9718bee65c7308144200,1,,mjpbrown@outlook.com,,,,No,,719-237-7330,No,
,Membership,,"115 Wuthering Heights Dr^^Colorado Springs^Color^80921^","Property in good standing","115 Wuthering Heights Dr",6131307011,Michael,Brown,,MEMBER,07/10/2021,"115 Wuthering Heights Dr^^Colorado Springs^CO^80921^",,,,07/27/2012,07/10/2021,36742,,No,Active,93860e99d552c918308506673,1,,MichaelBrown,,,,Yes,,,,
,Membership,,"14725 Cherry Hills Place^^Colorado Springs^Color^80921^","Property in good standing","14725 Cherry Hills Place",6131404012,Joe,Brouillard,,MEMBER,07/10/2021,"14725 Cherry Hills Place^^Colorado Springs^CO^80921^",,,,11/09/1998,07/10/2021,36742,,No,Active,16360e99d50dfc59301877274,1,,JoeBrouillard,,,,Yes,,719-481-8449,,
04/08/2023,Membership,,"410 Rangely Dr^^Colorado Springs^Color^80921^","Property Dues Delinquent","410 Rangely Dr",6131401006,Mike,Brooking,,MEMBER,07/10/2021,"410 Rangely Dr^^Colorado Springs^CO^80921^","removed mike@brooking.cjb.net bad email - jevans 9/16/2012",mike@brooking.net,,08/08/2000,07/10/2021,36742,,No,Active,68260e99d599cebe337983755,1,,mike@brooking.net,,,,Yes,,719-487-8236,,
08/10/2023,Membership,,"14230 Westchester Dr^^Colorado Springs^Color^80921^","Property in good standing","14230 Westchester Dr",6206204007,Randy,Brockett,,MEMBER,07/10/2021,"14230 Westchester Dr^^Colorado Springs^CO^80921^",,randybrockett@yahoo.com,,10/02/2003,07/10/2021,36742,,No,Active,43760e99d4384c56081217984,1,,randybrockett@yahoo.com,,,,Yes,,719-484-0471,,
06/02/2026,Membership,,"655 Rembrandt Court^^Colorado Springs^Color^80921^","Property in good standing","655 Rembrandt Court",6131103098,Glenn,Brock,,MEMBER,05/28/2025,"655 Rembrandt Ct.^^Colorado Springs^CO^80921^",,gd_brock@hotmail.com,12/31/2025,05/28/2025,08/01/2025,36742,,No,Expired,5506836fd9ec3183417997682,1,,gd_brock@hotmail.com,,,,Yes,,469-569-0973,No,
01/10/2026,Membership,,"655 Rembrandt Court^^Colorado Springs^Color^80921^","Property in good standing","655 Rembrandt Court",6131103098,Jane,Brock,,MEMBER,08/07/2025,"655 Rembrandt ct^281^Colorado Springs^CO^80921^",,beth14642002@gmail.com,12/31/2025,08/07/2025,11/28/2025,36742,,No,Expired,2736894a39fc5bd8123049278,1,,beth14642002@gmail.com,,,,Yes,,972-898-3347,No,
08/04/2023,Membership,,"185 Wuthering Heights Dr^^Colorado Springs^Color^80921^","Property in good standing","185 Wuthering Heights Dr",6131209018,Tracy,Bristol,,MEMBER,01/01/2022,"185 Wuthering Heights Drive^^Colorado Springs^CO^80921^",,tbristol800@gmail.com,,11/11/2021,01/29/2022,36742,,No,Active,32061d0bc9226df1659485869,1,,Tracy.Bristol,,,No,Yes,Yes,310-365-6172,No,
,Membership,404,"275 Desert Inn Way^^Colorado Springs^Color^80921^","Property in good standing","275 Desert Inn Way",6131403006,Andrew,Breyton,,MEMBER,07/10/2021,"275 Desert Inn Way^^Colorado Springs^CO^80921^","Sold by Letsche, Troy 7.5.2022",,,04/01/2023,06/05/2023,36742,,No,Active,55460e99d51d3e87724815925,1,,AndrewBreyton,,No,No,No,No,,No,No
,Membership,,"15017 LaJolla Place^^Colorado Springs^Color^80921^","Property in good standing","15017 LaJolla Place",,Eric,Brewner,,MEMBER,07/10/2021,"15017 LaJolla Place^^Colorado Springs^CO^80921^",,eabrew@aol.com,,06/25/1994,07/10/2021,36742,,No,Active,67260e99d54954da925798430,1,,eabrew@aol.com,,,,Yes,,719-488-8086,,
04/07/2024,Membership,,"14640 River Oaks Dr^^Colorado Springs^Color^80921^","Property in good standing","14640 River Oaks Dr",6131303038,Nicole,Brashears,,MEMBER,07/10/2021,"2305 Pheasant Run^^Grand Junction^CO^81506^","Nicole Brashears is renting property out to Michael & Kelly O'Brien, michaelrob1990@gmail.com, 973-769-3468. They wish to be included in GCA communications. Nicole's new address is: 2305 Pheasant Run, Grand Junction, CO 81506.",nicole1026@gmail.com,,10/30/2020,01/22/2022,36742,,No,Active,11360e99d4c1b474886107607,1,,nicole1026@gmail.com,,,No,Yes,No,714-980-0729,No,
,Membership,,"14545 Bermuda Dunes Way^^Colorado Springs^Color^80921^","Property in good standing","14545 Bermuda Dunes Way",6131304007,Terry,Bramschreiber,,MEMBER,07/10/2021,"14545 Bermuda Dunes Way^^Colorado Springs^CO^80921^",,terrybram@yahoo.com,,10/07/2007,07/10/2021,36742,,No,Active,52260e99d48e1a35447557343,1,,terrybram@yahoo.com,,,,Yes,,719-573-4961,,
10/27/2023,Membership,,"14660 River Oaks Dr^^Colorado Springs^Color^80921^","Property in good standing","14660 River Oaks Dr",6131303001,Jennifer,Boylan,"14660 River Oaks Drive, LLC",MEMBER,03/29/2022,"703 N Tejon St^E^Colorado Springs^CO^80903^","CO Secratary of State

https://www.coloradosos.gov/biz/BusinessEntityDetail.do?quitButtonDestination=BusinessEntityResults&nameTyp=ENT&masterFileId=20191894573&entityId2=20191894573&fileId=20211926041&srchTyp=ENTITY
Sshows 3578 Hartsel which is business address


Management Co:
VIP Property Managment LLC
6544 S Highway 85-87
Fountain, CO 80817
Associated with owner or property mgr??: parceltrax@gmail.com",deanna@springshomes.com,,03/18/2022,10/27/2023,36742,,No,Active,62562437d84909cd732163071,1,,parceltrax@gmail.com,,No,No,No,No,719-388-4000,No,Yes
,Membership,116,"14190 Gleneagle Dr^^Colorado Springs^Color^80921^","Property Dues Delinquent","14190 Gleneagle Dr",6206103011,Marc,Boyce,,MEMBER,07/10/2021,"14190 Gleneagle Dr^^Colorado Springs^CO^80921^","Per POA dated 11.3.15, Carolan gave power to Scott Wayne Miller.",sb6669@aol.com,,04/14/2016,08/06/2021,36742,,No,Active,73760e99d46e6109672162629,1,,SB6669@aol.com,,,,Yes,,719-640-1660,,
,Membership,,"14190 Gleneagle Dr^^Colorado Springs^Color^80921^","Property Dues Delinquent","14190 Gleneagle Dr",6206103011,"Marc and Sally",Boyce,,MEMBER,04/20/2024,"14190 Gleneagle Dr^^Colorado Springs^CO^80921^",,sb6669@msn.com,12/31/2024,04/20/2024,04/20/2024,36742,,No,Expired,4016623c7edd7ef4768999788,1,,sb6669@msn.com,,,,No,,719-640-1660,No,
02/02/2026,Membership,,"815 Wuthering Heights Dr^^Colorado Springs^Color^80921^","Property Dues Delinquent","815 Wuthering Heights Dr",6131101104,Doug,Bowman,,MEMBER,07/10/2021,"815 Wuthering Heights Dr^^Colorado Springs^CO^80921^","JE: removed bounced email 12/6/2014",cosbowmans@gmail.com,,10/06/2008,07/10/2021,36742,,No,Active,31360e99d5bc2699817087206,1,,cosbowmans@gmail.com,,,,Yes,,719-481-4616,,
10/13/2025,Membership,,"14045 Gleneagle Dr^^Colorado Springs^Color^80921^","Property in good standing","14045 Gleneagle Dr",6206205006,"Jason C",Bowles,,MEMBER,07/10/2021,"14045 Gleneagle Dr^^Colorado Springs^CO^80921^","(719) 492-1863 / (719) 492-8858",claycompanies@gmail.com,,03/30/2016,07/10/2021,36742,,No,Active,42760e99d451b075022478148,1,,ClayCompanies@gmail.com,,,,Yes,,,,
09/17/2026,Membership,,,,,,Michelle,Bowles,,MEMBER,07/10/2021,"14045 Gleneagle Dr^^Colorado Springs^CO^80921^",,michellebowles@me.com,,03/30/2016,09/30/2026,36742,627d9b11f185a.jpeg,No,Active,53560e99d4521922702365167,1,,MichelleBowles@Me.com,,Yes,No,Yes,No,719-492-8858,No,No
03/22/2023,Membership,530,"445 Cherry Hills Way^^Colorado Springs^Color^80921^","Property in good standing","445 Cherry Hills Way",6131406003,Hannelore,Bowen,,MEMBER,07/10/2021,"25953 E Parkview Pl^^Aurora^CO^80018^",,eabowen0@gmail.com,,08/27/1996,02/08/2023,36742,,No,Active,54360e99d57085bc391043656,1,,eabowen0@gmail.com,,,,Yes,,319-270-5898,No,
11/17/2025,Membership,,"14136 Stone Eagle Place^^Colorado Springs^Color^80921^","Property in good standing","14136 Stone Eagle Place",6206201125,Thomas,Boushell,,MEMBER,07/10/2021,"13833 RIVERCREST CIR^^Colorado Springs^CO^80921^","Saddletree Homes",jennboushell@gmail.com,,10/23/2020,07/28/2021,36742,,No,Active,38960e99d617c6ce403814212,1,,jennboushell@gmail.com,,,,Yes,,,,
04/22/2023,Membership,274,"14528 Latrobe Dr^^Colorado Springs^Color^80921^","Property in good standing","14528 Latrobe Dr",6131406013,Susan,Boudreaux,,MEMBER,07/10/2021,"14528 Latrobe Dr^^Colorado Springs^CO^80921^","Darla Ebert sold 3-04 227-4321/481-3647 randd@pcisys.net",soonerluv82@yahoo.com,,03/10/2004,07/10/2021,36742,,No,Active,82160e99d4ced107656621197,1,,soonerluv82@yahoo.com,,,,Yes,,719-559-2355,,
01/26/2026,Membership,,"295 Wuthering Heights Dr^^Colorado Springs^Color^80921^","Property in good standing","295 Wuthering Heights Dr",6131209001,Ronald,Born,,MEMBER,07/10/2021,"295 Wuthering Heights Dr^^Colorado Springs^CO^80921^",719-651-8769,rborn1946@comcast.net,,08/14/1996,07/10/2021,36742,,No,Active,64660e99d5650d4a233690121,1,,rborn1946@comcast.net,,,,Yes,,719-651-8758,,
09/16/2026,Membership,,"14545 River Oaks Dr^^Colorado Springs^Color^80921^","Property in good standing","14545 River Oaks Dr",6131306012,Matt,Borden,,MEMBER,07/10/2021,"14545 River Oaks Dr^^Colorado Springs^CO^80921^",kborden11@gmail.com,kborden11@gmail.com,,01/25/2017,02/24/2023,36742,,No,Active,60760e99d4b5d427556437116,1,,mborden21@gmail.com,,No,No,Yes,No,919-961-8166,No,No
,Membership,161,"14440 Bermuda Dunes Way^^Colorado Springs^Color^80921^","Property in good standing","14440 Bermuda Dunes Way",6206203003,David,Bopp,,MEMBER,07/10/2021,"CMR 480 Box 50^^APO AE ^^09128^",,bopp.david@gmail.com,,10/15/2010,07/10/2021,36742,,No,Active,92460e99d48965ad414683024,1,,bopp.david@gmail.com,,,,Yes,,571-225-0885,,
10/23/2025,Membership,,"290 Doral Way^^Colorado Springs^Color^80921^","Property in good standing","290 Doral Way",6206104018,John,Bolin,,MEMBER,10/22/2025,"290 Doral Way^^Colorado Springs^CO^80921^",,johnbolin@mac.com,12/31/2025,10/22/2025,10/22/2025,36742,,No,Expired,54768f8b6310a1c6709390929,1,,johnbolin@mac.com,,,,No,,719-331-0972,No,
11/14/2023,Membership,,"290 Doral Way^^Colorado Springs^Color^80921^","Property in good standing","290 Doral Way",6206104018,John,Bolin,,MEMBER,07/10/2021,"290 Doral Way^^Colorado Springs^CO^80921^",,srbolin@me.com,,07/08/2004,07/10/2021,36742,,No,Active,65960e99d46655a1989813974,1,,srbolin@me.com,,,,Yes,,,,
,Membership,,"120 Mission Hill Way^^Colorado Springs^Color^80921^","Property in good standing","120 Mission Hill Way",6206201081,"Sharon Boileau",Boileau,,MEMBER,09/02/2026,"328 Mission Hill Way^^Colorado Springs^CO^80921^",,boileausharon@gmail.com,,09/02/2026,09/05/2026,36742,,No,Active,9946a9847f1b8fad323022077,1,,boileausharon@gmail.com,,,,No,,719-482-4148,No,
05/15/2023,Membership,,"14358 Spyglass Hill Pl^^Colorado Springs^Color^80921^","Property in good standing","14358 Spyglass Hill Pl",6206201111,Maren,Boehnke,,MEMBER,10/27/2021,"4601 AMAROSA HEIGHTS^^Colorado Springs^CO^80920^",,meboehnke@gmail.com,,10/27/2021,01/23/2022,36742,,No,Active,9836179aa12f367e974435837,1,,meboehnke@gmail.com,,,No,No,No,210-262-5575,No,
05/01/2023,Membership,,"14565 Westchester Dr^^Colorado Springs^Color^80921^","Property in good standing","14565 Westchester Dr",6131303011,Michael,Bochnak,,MEMBER,07/10/2021,"14565 Westchester Dr^^Colorado Springs^CO^80921^","2.2.15: Requested mailed version. Created and emailed.",mikeandwinnie@aol.com,,11/17/1988,07/10/2021,36742,,No,Active,74660e99d49ea1e3645818671,1,,mikeandwinnie@aol.com,,,,Yes,,719-488-9660,,
03/20/2023,Membership,,"15030 Hilton Head Court^^Colorado Springs^Color^80921^","Property in good standing","15030 Hilton Head Court",6131104014,William,Blazi,,MEMBER,07/10/2021,"15030 Hilton Head Court^^Colorado Springs^CO^80921^",,bblazi@comcast.net,,08/30/1988,07/10/2021,36742,,No,Active,32060e99d5f2d563735170582,1,,bblazi@comcast.net,,,,Yes,,719-481-4229,,
,Membership,,"660 Rembrandt Court^^Colorado Springs^Color^80921^","Property in good standing","660 Rembrandt Court",6131103092,Jim,Blake,,MEMBER,07/10/2021,"660 Rembrandt Court^^Colorado Springs^CO^80921^",,discover7marbeth@hotmail.com,,12/23/2009,07/10/2021,36742,,No,Active,33960e99d5c34df6182880147,1,,discover7marbeth@hotmail.com,,,,Yes,,719-930-3517,,
,Membership,,"305 Cherry Hills Way^^Colorado Springs^Color^80921^","Property Dues Delinquent","305 Cherry Hills Way",6131302029,Barbara,Bishop,,MEMBER,07/31/2025,"305 Cherry Hills Way^^Colorado Springs^CO^80921^",,tbishop158158@gmail.org,12/31/2025,07/31/2025,08/01/2025,36742,,No,Expired,604688bb0f50e66d704061436,1,,tbishop158158@gmail.org,,,,No,,,No,
,Membership,370,"305 Cherry Hills Way^^Colorado Springs^Color^80921^","Property Dues Delinquent","305 Cherry Hills Way",6131302029,"Barbara K.",Bishop,,MEMBER,07/10/2021,"305 Cherry Hills Way^^Colorado Springs^CO^80921^","Terry Bishop passed away in August, 2017",tbishop158@aol.com,,09/05/1997,07/10/2021,36742,,No,Active,54160e99d509a728282962422,1,,TBishop158@aol.com,,,,Yes,,719-488-5886,,
,Membership,332,"55 Palm Springs Dr^^Colorado Springs^Color^80921^","Property in good standing","55 Palm Springs Dr",6131404003,Kristofer,Birgers,,MEMBER,07/10/2021,"55 Palm Springs Dr^^Colorado Springs^CO^80921^",,,,11/03/2017,07/10/2021,36742,,No,Active,90660e99d4f1b94b455091611,1,,KristoferBirgers,,,,Yes,,719-287-6209,,
,Membership,498,"170 Wuthering Heights Dr^^Colorado Springs^Color^80921^","Property in good standing","170 Wuthering Heights Dr",6131206073,Carolyn,Bird,,MEMBER,07/10/2021,"170 Wuthering Heights Dr^^Colorado Springs^CO^80921^",,,,10/11/2019,04/10/2022,36742,,No,Active,72660e99d55a7abe064195979,1,,GregBird,,,No,Yes,No,540-656-8310,No,No
08/04/2023,Membership,,"870 Wuthering Heights Dr^^Colorado Springs^Color^80921^","Property in good standing","870 Wuthering Heights Dr",6131103063,Theresa,Bighash,,MEMBER,07/10/2021,"870 Wuthering Heights Dr^^Colorado Springs^CO^80921^",,teribig@gmail.com,,09/24/1991,07/10/2021,36742,,No,Active,66360e99d5cc8160729315898,1,,teribig@gmail.com,,,,Yes,,719-481-4715,,
04/24/2023,Membership,,"80 Huntington Beach Dr^^Colorado Springs^Color^80921^","Property in good standing","80 Huntington Beach Dr",6206201053,Michael,Biedermann,,MEMBER,07/10/2021,"80 Huntington Beach Dr^^Colorado Springs^CO^80921^",,whipb75@gmail.com,,09/15/0992,07/10/2021,36742,,No,Active,44960e99d4481221264321700,1,,Whipb75@gmail.com,,,,Yes,,719-499-8300,,
09/12/2026,Membership,,"240 Pauma Valley Dr^^Colorado Springs^Color^80921^","Property in good standing","240 Pauma Valley Dr",6131302022,Jack,Beuse,,MEMBER,07/10/2021,"240 Pauma Valley Dr^^Colorado Springs^CO^80921^","488-8962 3.7.15: Eml address changed per email request",jack@jackbeuse.com,,01/01/1980,07/10/2021,36742,,No,Active,45060e99d4dba384146329745,1,,Jack@jackbeuse.com,,,,Yes,,719-332-6807,,
07/22/2026,Membership,365,"235 Cherry Hills Way^^Colorado Springs^Color^80921^","Property in good standing","235 Cherry Hills Way",6131302032,"Bryan C",Beulin,,MEMBER,07/10/2021,"235 Cherry Hills Way^^Colorado Springs^CO^80921^","sent 2002 invoice 12/20/2014 Added email address 4.5.15: Address on check 1880 Office Club Point, 80920",bbeulin@gmail.com,,10/28/2015,07/10/2021,36742,,No,Active,97960e99d506a02d768859035,1,,bbeulin@gmail.com,,,,Yes,,719-487-8494,,
03/07/2026,Membership,,"10 Desert Inn Way^^Colorado Springs^Color^80921^","Property in good standing","10 Desert Inn Way",6131307022,Joseph,Besler,,MEMBER,03/06/2026,"10 Desert Inn Way^^Colorado Springs^CO^80921^",,joseph.besler@gmail.com,12/31/2026,03/06/2026,03/07/2026,36742,,No,Active,15369ab5ed4c2809657677826,1,,Joseph.besler@gmail.com,,,,No,,719-419-4203,No,
,Membership,,"14165 Gleneagle Dr^^Colorado Springs^Color^80921^","Property in good standing","14165 Gleneagle Dr",6206206008,Melanie,Bernhardt,,MEMBER,03/29/2024,"14168 Albatross Dr^^Gleneagle^CO^80921^",,melanie.bernhardt@me.com,12/31/2024,03/29/2024,03/29/2024,36742,,No,Expired,91566070f44b013e658500694,1,,Melanie.Bernhardt@me.com,,,,Yes,,719-373-3530,No,
05/17/2024,Membership,184,"14525 Westchester Dr^^Colorado Springs^Color^80921^","Property in good standing","14525 Westchester Dr",6131303021,Paula,Berkel,,MEMBER,07/10/2021,"14525 Westchester Dr^^Colorado Springs^CO^80921^",,pjberkel@gmail.com,,07/10/2020,07/10/2021,36742,,No,Active,33560e99d497f251735529774,1,,pjberkel@gmail.com,,,,Yes,,720-841-8378,,
05/03/2026,Membership,,"14530 River Oaks Dr^^Colorado Springs^Color^80921^","Property in good standing","14530 River Oaks Dr",6131303030,"Douglas W",Bergman,,MEMBER,07/10/2021,"14530 River Oaks Dr^^Colorado Springs^CO^80921^",,dkbergman1014@msn.com,,10/26/2015,07/10/2021,36742,,No,Active,64860e99d4b37e6b714868466,1,,dkbergman1014@msn.com,,,,Yes,,719-464-7424,,
,Membership,700,"415 Picasso Court^^Colorado Springs^Color^80921^","Property in good standing","415 Picasso Court",6131103079,Kyle,Berg,,MEMBER,07/10/2021,"415 Picasso Court^^Colorado Springs^CO^80921^",,,,07/21/2015,07/10/2021,36742,,No,Active,63660e99d5d6cb2e992894169,1,,KyleBerg,,,,Yes,,541-968-4367,,
08/11/2023,Membership,745,"15025 Hilton Head Court^^Colorado Springs^Color^80921^","Property in good standing","15025 Hilton Head Court",6131104015,Michael,Bennett,,MEMBER,07/10/2021,"15025 Hilton Head Court^^Colorado Springs^CO^80921^",,bennettm84@gmail.com,,07/05/2022,07/25/2022,36742,,No,Active,31160e99d5f26c3f505823392,1,,bennettm84@gmail.com,,,No,Yes,No,,No,No
08/03/2023,Membership,,"13945 Westchester Dr^^Colorado Springs^Color^80921^","Property in good standing","13945 Westchester Dr",6206301001,Lorena,Benavidez,,MEMBER,01/01/2022,"13945 Westchester Drive^^Colorado Springs^CO^80921^",,lib0302@live.com,,12/15/2021,01/18/2022,36742,,No,Active,17861d0a571a1e0d650749223,1,,Lorena.Benavidez,,,No,Yes,Yes,,No,
,Membership,,"335 Palm Springs Dr^^Colorado Springs^Color^80921^","Property in good standing","335 Palm Springs Dr",6131404005,Nolan,Behr,,MEMBER,07/10/2021,"335 Palm Springs Dr^^Colorado Springs^CO^80921^",,nobehr@aol.com,,05/24/1995,09/25/2026,36742,,No,Active,95660e99d5167281785439893,1,,nobehr@aol.com,,,,Yes,,719-488-2178,,
04/11/2023,Membership,10,"14080 Westchester Dr^^Colorado Springs^Color^80921^","Property in good standing","14080 Westchester Dr",6206204014,Sue,Beam,,MEMBER,07/10/2021,"14080 Westchester Dr^^Colorado Springs^CO^80921^",,96sue16beam@gmail.com,,04/04/2004,03/24/2023,36742,,No,Active,76660e99d42ece59856702467,1,,96sue16beam@gmail.com,,,,Yes,,719-481-4514,,
,Membership,,"385 Wuthering Heights Dr^^Colorado Springs^Color^80921^","Property in good standing","385 Wuthering Heights Dr",6131104007,Tara,Baumgartner,,MEMBER,06/24/2025,"385 Wuthering Heights Dr^^Colorado Springs^CO^80921^",,baumgartl32@gmail.com,12/31/2025,06/24/2025,07/24/2025,36742,,No,Expired,112685b017dd8e54124475580,1,,baumgartl32@gmail.com,,,,Yes,,402-321-6909,No,
12/16/2025,Membership,,"210 Doral Way^^Colorado Springs^Color^80921^","Property in good standing","210 Doral Way",6206206004,Robert,Bartron,,MEMBER,07/10/2021,"210 Doral Way^^Colorado Springs^CO^80921^","rbartron18@gmail.com
Brandy",rbartron18@gmail.com,,12/13/2016,10/12/2023,36742,,No,Active,65360e99d4607c90883323827,1,,rbartron18@gmail.com,,No,No,Yes,No,785-806-1100,No,No
04/20/2026,Membership,777,"361 Pauma Valley Dr^^Colorado Springs^Color^80921^","Property in good standing","361 Pauma Valley Dr",6131408007,Garrett,Barton,,MEMBER,07/10/2021,"361 Pauma Valley Drive^^Colorado Springs^CO^80921^","917-495-2903 - 3.17.2022 deleted 367 Pauma Valley since it has been combined with 361 Pauma Valley, TD",,,07/22/2022,08/19/2022,36742,,No,Active,25860e99d443d478148479701,1,,gpbartoniii@hotmail.com,,No,No,Yes,No,,No,No
08/11/2026,Membership,218,"14480 River Oaks Dr^^Colorado Springs^Color^80921^","Property in good standing","14480 River Oaks Dr",6131303027,Lisa,Barney,,MEMBER,07/10/2021,"14480 River Oaks Dr^^Colorado Springs^CO^80921^","NO name or phone in GCA Directory E-mail added on 05/15/10. Bill Carroll",lisa@brilliantnutrition.com,,05/03/2002,07/10/2021,36742,,No,Active,51760e99d4ae197b413551571,1,,lisa@brilliantnutrition.com,,,,Yes,,719-488-9732,,
,Membership,,"13985 Westchester Dr^^Colorado Springs^Color^80921^","Property in good standing","13985 Westchester Dr",6206302003,Karl,Barela,,MEMBER,01/10/2026,"13985 westchester drive^^Colorado Springs^CO^80921-2803^",,kdbenterprise@yahoo.com,12/31/2026,01/10/2026,01/11/2026,36742,,No,Active,4866962c86cb7206259236263,1,,kdbenterprise@yahoo.com,,,,Yes,,719-332-2672,No,
03/21/2023,Membership,,"14440 River Oaks Dr^^Colorado Springs^Color^80921^","Property in good standing","14440 River Oaks Dr",6206201014,James,Barager,,MEMBER,07/10/2021,"14440 River Oaks Dr^^Colorado Springs^CO^80921^",,teenajim1@aol.com,,03/17/1994,07/10/2021,36742,,No,Active,33560e99d4a97a4e291619933,1,,teenajim1@aol.com,,,,Yes,,719-488-1909,,
01/31/2025,Membership,,"14735 Latrobe Dr^^Colorado Springs^Color^80921^","Property in good standing","14735 Latrobe Dr",6131402042,Steve,Bammesberger,,MEMBER,07/10/2021,"14735 Latrobe Dr^^Colorado Springs^CO^80921^","MAIL NOTICES",sbammesberger@gmail.com,,06/12/2006,01/22/2022,36742,,No,Active,17760e99d578b58c295288973,1,,bammesbe,,,,Yes,,719-522-0665,,
,Membership,,,,,,Ken,Balser,,MEMBER,07/10/2021,"180 Wuthering Heights Dr^^Colorado Springs^CO^80921^",,ken.balser@comcast.net,,08/24/1988,07/10/2021,36742,,No,Active,24360e99d55aefd5241681700,1,,ken.balser@comcast.net,,,,Yes,,719-488-2666,,
03/31/2023,Membership,,"250 Rangely Dr^^Colorado Springs^Color^80921^","Property in good standing","250 Rangely Dr",6131307023,Jonathan,Baldwin,,MEMBER,12/14/2021,"250 Rangely Drive^^Colorado Springs^CO^80921^",,jonwbaldwin@gmail.com,,12/14/2021,04/04/2022,36742,,No,Active,86661b8e82d086c1504426223,1,,jonwbaldwin@gmail.com,,,No,Yes,No,720-361-7224,No,
08/29/2025,Membership,,"475 Palm Springs Way^^Colorado Springs^Color^80921^","Property Dues Delinquent","475 Palm Springs Way",6131402026,Stuart,Balch,,MEMBER,08/13/2025,"475 Palm Springs Way^^Colorado Springs^CO^80921^",,stuartbalch10@gmail.com,12/31/2025,08/13/2025,08/14/2025,36742,,No,Expired,209689d24d9a0b13292592052,1,,stuartbalch10@gmail.com,,,,Yes,,719-360-7872,No,
10/03/2024,Membership,,"210 Pauma Valley Dr^^Colorado Springs^Color^80921^","Property in good standing","210 Pauma Valley Dr",6131302021,"Gina (Regina)","Baker Basler",,MEMBER,10/02/2021,"210 Pauma Valley Drive^^Colorado Springs^CO^80921^",,rebakerbasler@gmail.com,,10/02/2021,04/04/2022,36742,,No,Active,5626158978737662497078619,1,,rebakerbasler@gmail.com,,,,Yes,,719-310-9161,,
,Membership,,"630 Wuthering Heights Dr^^Colorado Springs^Color^80921^","Property in good standing","630 Wuthering Heights Dr",6131103103,Kevin,Baker,,MEMBER,02/22/2022,"630 Wuthering Heights Drive^^Colorado Springs^CO^80921^",,kbaker.ilk@gmail.com,,10/19/2021,09/30/2026,36742,,Yes,Active,90762156d449ffea025713088,1,,kbaker.ilk@gmail.com,,Yes,No,Yes,No,,No,No
03/20/2023,Membership,,"145 Wuthering Heights Dr^^Colorado Springs^Color^80921^","Property in good standing","145 Wuthering Heights Dr",6131209020,Richard,Baker,,MEMBER,07/10/2021,"145 Wuthering Heights Dr^^Colorado Springs^CO^80921^",,rjtbaker@comcast.net,,12/01/2020,07/10/2021,36742,,No,Active,80660e99d5547557694470533,1,,rjtbaker@comcast.net,,,,Yes,,719-651-3263,,
09/16/2026,Membership,198,"14580 Westchester Dr^^Colorado Springs^Color^80921^","Property in good standing","14580 Westchester Dr",6131304004,Marianna,Bailey,,MEMBER,07/10/2021,"14580 Westchester Dr^^Colorado Springs^CO^80921^",,maastrichtnl@icloud.com,,08/28/2006,06/02/2022,36742,,No,Active,73460e99d4a274c8612242732,1,,maastrichtnl@icloud.com,,,No,Yes,No,719-352-1759,No,No
12/06/2025,Membership,,"355 Pauma Valley Dr^^Colorado Springs^Color^80921^","Property in good standing","355 Pauma Valley Dr",6131306001,Stephen,Bagaason,,MEMBER,07/10/2021,"355 Pauma Valley Dr^^Colorado Springs^CO^80921^",,sbagaason@yahoo.com,,07/02/1994,08/28/2022,36742,,No,Active,78860e99d4e41dd4570228895,1,,sbagaason@yahoo.com,,No,No,Yes,No,719-487-7490,No,No
04/10/2023,Membership,,"170 Desert Inn Way^^Colorado Springs^Color^80921^","Property in good standing","170 Desert Inn Way",6131307020,"Jessica Marie",Bachmeier,,MEMBER,07/10/2021,"170 Desert Inn Way^^Colorado Springs^CO^80921^",,jdeist0731@gmail.com,,04/15/2019,04/09/2022,36742,,No,Active,21260e99d542f51b903931340,1,,Jdeist0731@gmail.com,,,No,Yes,No,719-649-2431,No,No
03/04/2026,Membership,527,"410 Cherry Hills Way^^Colorado Springs^Color^80921^","Property in good standing","410 Cherry Hills Way",6131405007,Levi,Atkinson,,MEMBER,07/10/2021,"410 Cherry Hills Way^^Colorado Springs^CO^80921^","Email Address	krystalatkinson@gmx.com
Primary Phone	304-588-4123",krystalatkinson@gmx.com,,05/14/2019,09/11/2023,36742,,No,Active,61860e99d56db290435448829,1,,krystalatkinson@gmx.com,,No,No,Yes,No,304-588-4123,No,No
11/14/2021,Membership,,"650 Wuthering Heights Dr^^Colorado Springs^Color^80921^","Property in good standing","650 Wuthering Heights Dr",6131103104,Elna,Asuncion,,MEMBER,10/20/2021,"650 WUTHERING HEIGHTS DR^^COLORADO SPRINGS^CO^80921^",,readeln@hotmail.com,,10/20/2021,04/04/2022,36742,,No,Active,26561702f87b2862819295540,1,,readeln@hotmail.com,,,,Yes,,719-359-1294,,
06/05/2023,Membership,438,"75 Wuthering Heights Dr^^Colorado Springs^Color^80921^","Property in good standing","75 Wuthering Heights Dr",6131110056,Lawrence,Arturo,,MEMBER,07/10/2021,"75 Wuthering Heights Dr^^Colorado Springs^CO^80921^",,lxboogie1@aol.com,,01/25/2018,07/10/2021,36742,,No,Active,52760e99d535da36837097358,1,,lxboogie1@aol.com,,,,Yes,,909-213-1610,,
,Membership,570,"410 Palm Springs Way^^Colorado Springs^Color^80921^","Property in good standing","410 Palm Springs Way",6131402010,Joe,Arroyo,,MEMBER,07/10/2021,"3179 Petaluma Ave^^Long Beach^CA^90808^",,ltc7a@aol.com,,07/10/2021,05/26/2022,36742,,No,Active,68760e99d5887544899456980,1,,ltc7a@aol.com,,,No,Yes,No,562-425-8618,No,Yes
05/07/2024,Membership,,"445 Palm Springs Way^^Colorado Springs^Color^80921^","Property in good standing","445 Palm Springs Way",6131402028,Douglas,Arndt,,MEMBER,07/10/2021,"445 Palm Springs Way^^Colorado Springs^CO^80921^","2004 membership dues paid at closing by Metropolitan Title",dougandmartine@att.net,,02/10/2004,07/10/2021,36742,,No,Active,35560e99d5894f59083401272,1,,dougandmartine@att.net,,,,Yes,,719-487-9225,,
08/08/2025,Membership,,"14750 Gleneagle Dr^^Colorado Springs^Color^80921^","Property in good standing","14750 Gleneagle Dr",6131404017,Kendal,Armstrong,,MEMBER,07/10/2021,"14750 Gleneagle Dr^^Colorado Springs^CO^80921^",,akendal@gmail.com,,09/25/2019,07/10/2021,36742,,No,Active,49860e99d584a290941939148,1,,akendal@gmail.com,,,,Yes,,719-201-2825,,
08/05/2026,Membership,,"45 Rangely Dr^^Colorado Springs^Color^80921^","Property in good standing","45 Rangely Dr",6131402015,Kerry,Armour,,MEMBER,09/29/2025,"45 Rangely Dr^^Colorado Springs^CO^80921^",,kerryalia@gmail.com,12/31/2025,09/29/2025,09/29/2025,36742,,No,Expired,81068dadb9ee2338838479760,1,,kerryalia@gmail.com,,,,No,,720-666-1112,No,
09/01/2026,Membership,117,"14205 Gleneagle Dr^^Colorado Springs^Color^80921^","Property in good standing","14205 Gleneagle Dr",6206104021,Donald,Apelo,,MEMBER,07/10/2021,"14205 Gleneagle Dr^^Colorado Springs^CO^80921^","719-460-2773
Email Address
dapelo1984@gmail.com",dapelo1984@gmail.com,,11/02/2023,12/05/2023,36742,,No,Active,16960e99d46f3a17566809623,1,,dapelo1984@gmail.com,,No,No,No,No,719-460-2773,No,No
,Membership,,"285 Desert Inn Way^^Colorado Springs^Color^80921^","Property in good standing","285 Desert Inn Way",6131403007,Kathleen,Apel,,MEMBER,07/10/2021,"285 Desert Inn Way^^Colorado Springs^CO^80921^","Robert Appel",,,09/15/2023,10/04/2023,36742,,No,Active,52660e99d51e9a41734729115,1,,KathleenAppel,,No,No,Yes,No,,No,No
12/22/2024,Membership,216,"14470 River Oaks Dr^^Colorado Springs^Color^80921^","Property in good standing","14470 River Oaks Dr",6131303026,Joe,Anguiano,,MEMBER,07/10/2021,"14470 River Oaks Dr^^Colorado Springs^CO^80921^",,tanguiano71@yahoo.com,,05/05/2010,07/10/2021,36742,,No,Active,72560e99d4acd626211121092,1,,tanguiano71@yahoo.com,,,,Yes,,,,
03/25/2023,Membership,345,"140 Palm Springs Dr^^Colorado Springs^Color^80921^","Property in good standing","140 Palm Springs Dr",6131301011,Larry,Andrus,,MEMBER,07/10/2021,"140 Palm Springs Dr^^Colorado Springs^CO^80921^",,lmandrus41@yahoo.com,,10/20/1995,09/29/2022,36742,,No,Active,73860e99d4f9d476126500176,1,,lmandrus41@yahoo.com,,No,No,Yes,No,719-464-1194,No,No
08/04/2023,Membership,78,"14090 Gleneagle Dr^^Colorado Springs^Color^80921^","Property in good standing","14090 Gleneagle Dr",,Charlotte,Andrews,,MEMBER,07/10/2021,"14090 Gleneagle Dr^^Colorado Springs^CO^80921^",,charlotte.d.andrews@gmail.com,,05/20/2019,08/03/2021,36742,,No,Active,36860e99d458d626752346986,1,,charlotte.d.andrews@gmail.com,,,,Yes,,719-900-3121,,
,Membership,,"455 Picasso Court^^Colorado Springs^Color^80921^","Property in good standing","455 Picasso Court",6131103075,Carl,Anderson,,MEMBER,07/10/2021,"455 Picasso Court^^Colorado Springs^CO^80921^",,meandersonathome@comcast.net,,03/01/1986,07/10/2021,36742,,No,Active,58660e99d5dc7844781394497,1,,meandersonathome@comcast.net,,,,Yes,,719-481-4096,,
09/17/2026,Membership,,"250 Pauma Valley Dr^^Colorado Springs^Color^80921^","Property in good standing","250 Pauma Valley Dr",6131302023,David,Anderson,,MEMBER,07/10/2021,"250 Pauma Valley Dr^^Colorado Springs^CO^80921^",,norandld@msn.com,,11/08/2000,07/10/2021,36742,6113f8e3d89cd.jpg,No,Active,84760e99d4dd512b830732126,1,,norandld@msn.com,,,,Yes,,719-487-0236,,
,Membership,,"14790 Gleneagle Dr^^Colorado Springs^Color^80921^","Property in good standing","14790 Gleneagle Dr",6131404019,Erin,Anderson,,MEMBER,05/23/2025,"14790 Gleneagle Dr^^Colorado Springs^CO^80921^",,erinanderson575@gmail.com,12/31/2025,05/23/2025,11/17/2025,36742,,No,Expired,72468307f369ac37623427111,1,,erinanderson575@gmail.com,,,,No,,575-694-4717,No,
03/21/2023,Membership,427,"45 Rangely Dr^^Colorado Springs^Color^80921^","Property in good standing","45 Rangely Dr",6131402015,Maiya,Anderson,,MEMBER,07/10/2021,"45 Rangely Dr^^Colorado Springs^CO^80921^","719.393.2180 8.31.15: Paid dues current New owners (Status letter fee received, Closing April 18): Maiya D Anderson and Shelley Denise Cameron",maiyadevi@hotmail.com,,04/18/2019,07/10/2021,36742,,No,Active,35760e99d52d6200157430450,1,,maiyadevi@hotmail.com,,,,Yes,,937-408-0111,,
06/04/2025,Membership,,"490 Palm Springs Way^^Colorado Springs^Color^80921^","Property in good standing","490 Palm Springs Way",6131402024,Tara,Ambuul,,MEMBER,07/10/2021,"490 Palm Springs Way^^Colorado Springs^CO^80921^",,tnum16@hotmail.com,,04/26/2019,07/10/2021,36742,,No,Active,28260e99d58d31e0978284855,1,,tnum16@hotmail.com,,,,Yes,,773-550-8027,,
07/19/2023,Membership,,"14660 Latrobe Dr^^Colorado Springs^Color^80921^","Property in good standing","14660 Latrobe Dr",6131406021,Danica,Alter,,MEMBER,12/07/2021,"14660 Latrobe Drive^^Colorado Springs^CO^80921^",,danicaalter@gmail.com,,11/23/2021,07/26/2022,36742,,No,Active,49761afc727d3ca0990853141,1,,danicaalter@gmail.com,,,No,Yes,No,434-284-1604,No,No
03/21/2023,Membership,255,"160 Mission Hill Way^^Colorado Springs^Color^80921^","Property in good standing","160 Mission Hill Way",6206201083,Beth,Allen,,MEMBER,07/10/2021,"160 Mission Hill Way^^Colorado Springs^CO^80921^",,bachp@comcast.net,,03/01/2007,07/10/2021,36742,,No,Active,74760e99d4c66577512926529,1,,bachp@comcast.net,,,,Yes,,719-593-7794,,
,Membership,,"210 Wuthering Heights Dr^^Colorado Springs^Color^80921^","Property Dues Delinquent","210 Wuthering Heights Dr",6131206076,Janet,Allen,,MEMBER,07/10/2021,"210 Wuthering Heights Dr^^Colorado Springs^CO^80921^","Unauthorized Fence section(since May 2015). $200.00 fine assessed to property on 10 October in accordance with GCA Fines Schedule and Covenants Enforcement policy. (kad)
Email Address	zammybaby14@gmail.com
Primary Phone	719-257-9190",zammybaby14@gmail.com,,02/28/2014,12/19/2023,36742,,No,Active,91860e99d55cc0ce233409374,1,,zammybaby14@gmail.com,,No,No,Yes,No,719-257-9190,No,No
06/02/2023,Membership,,"440 Picasso Court^^Colorado Springs^Color^80921^","Property in good standing","440 Picasso Court",6131103071,Matthew,Allen,,MEMBER,07/10/2021,"440 Picasso Court^^Colorado Springs^CO^80921^","Lacy Monday
afmatt.allen@gmail.com",afmatt.allen@gmail.com,,06/15/2023,08/12/2023,36742,,No,Active,45360e99d5d9d2d6044644303,1,,afmatt.allen@gmail.com,,No,No,No,No,609-864-0846,No,No
08/11/2023,Membership,,"14710 Cherry Hills Place^^Colorado Springs^Color^80921^","Property in good standing","14710 Cherry Hills Place",6131302037,Brent,Alford,,MEMBER,07/10/2021,"14710 Cherry Hills Place^^Colorado Springs^CO^80921^",,alford1019@gmail.com,,10/30/2019,07/10/2021,36742,,No,Active,62060e99d50d2398378791702,1,,alford1019@gmail.com,,,,Yes,,719-243-8238,,
01/15/2026,Membership,,"155 Desert Inn Way^^Colorado Springs^Color^80921^","Property in good standing","155 Desert Inn Way",6131309003,Cole,Albright,,MEMBER,10/14/2021,"155 Desert Inn Way^^Colorado Springs^CO^80921^",,albright.9@hotmail.com,,07/12/2021,01/08/2026,36742,,No,Active,34961689e4e3a2f8076498714,1,,albright.9@hotmail.com,,,No,Yes,No,719-502-7346,No,No
,Membership,,"64 Huntington Beach Dr^^Colorado Springs^Color^80921^","Property in good standing","64 Huntington Beach Dr",6206201051,Mahmood,Ahmadian,,MEMBER,07/10/2021,"64 Huntington Beach Dr^^Colorado Springs^CO^80921^",,mahmood_174@yahoo.com,,08/29/2011,07/10/2021,36742,,No,Active,42160e99d446c8fc456006596,1,,mahmood_174@yahoo.com,,,,Yes,,719-375-9647,,
02/20/2024,Membership,354,"225 Palm Springs Dr^^Colorado Springs^Color^80921^","Property in good standing","225 Palm Springs Dr",6131302004,Tania,Aguirre,,MEMBER,07/10/2021,"225 Palm Springs Dr^^Colorado Springs^CO^80921^",morbiddea@yahoo.com,morbiddea@yahoo.com,,11/08/2023,11/15/2023,36742,,No,Active,59660e99d5010172213931524,1,,morbiddea@yahoo.com,,No,No,Yes,No,,No,No
08/26/2025,Membership,,"240 Cherry Hills Way^^Colorado Springs^Color^80921^","Property in good standing","240 Cherry Hills Way",6131302035,Edward,Aguilar,,MEMBER,08/24/2025,"240 Cherry Hills Way^^Colorado Springs^CO^80921^",,eaguilar619@yahoo.com,12/31/2025,08/24/2025,08/25/2025,36742,,No,Expired,68368ab95ba36676570990971,1,,eaguilar619@yahoo.com,,,,No,,619-887-8487,No,
,Membership,,"240 Cherry Hills Way^^Colorado Springs^Color^80921^","Property in good standing","240 Cherry Hills Way",6131302035,Edward,Aguilar,,MEMBER,07/10/2021,"240 Cherry Hills Way^^Colorado Springs^CO^80921^",rachelquenga@gmail.com,rachelquenga@gmail.com,,08/08/2022,06/14/2023,36742,,No,Active,55760e99d50779a5277745738,1,,rachelquenga@gmail.com,,No,No,Yes,No,,No,No
,Membership,,"55 Pauma Valley Dr^^Colorado Springs^Color^80921^","Property in good standing","55 Pauma Valley Dr",6131303009,Michele,Adair,,MEMBER,07/13/2026,"55 Pauma Valley Dr^^Colorado Springs^CO^80921^",,michele_adair@yahoo.com,,07/13/2026,07/13/2026,36742,,No,Pending,7426a55c2cfd5ad6699501117,1,,michele_adair@yahoo.com,,,,No,,619-254-4600,No,
,Membership,,"445 Picasso Court^^Colorado Springs^Color^80921^","Property in good standing","445 Picasso Court",6131103076,Josie,Acosta,,MEMBER,07/10/2021,"4502 LOGANVIEW DR^^YORBA LINDA^CA^92886^",,,,01/04/2019,04/10/2022,36742,,No,Active,55260e99d5db245c580937089,1,,JosieAcosta,,,No,Yes,No,714-345-0963,No,No
04/08/2026,Membership,,"25 Wuthering Heights Dr^^Colorado Springs^Color^80921^","Property in good standing","25 Wuthering Heights Dr",6131101069,Bryan,Ackerman,,MEMBER,07/10/2021,"25 Wuthering Heights Dr^^Colorado Springs^CO^80921^",,ackerman_dwfd@yahoo.com,,01/05/2005,07/10/2021,36742,,No,Active,34160e99d533bbfa788450564,1,,ackerman_dwfd@yahoo.com,,,,Yes,,719-488-3792,,
09/30/2026,Membership,,,,,,GCA,ACC,,MEMBER^ADMINACC,08/11/2021,,,acc@gleneaglehoa.org,,08/11/2021,09/30/2026,36742,,No,Active,63261145cb79718f752919372,1,,acc@gleneaglehoa.org,,,,Yes,,,,
03/11/2026,Membership,,"215 Scottsdale Dr^^Colorado Springs^Color^80921^","Property in good standing","215 Scottsdale Dr",6206204002,Olivia,Aaron,,MEMBER,08/18/2025,"215 Scottsdale Drive^^Colorado Springs^CO^80921^",,oliviaaaron400@gmail.com,12/31/2026,08/18/2025,01/26/2026,36742,,No,Active,16468a36677e66ad486630469,1,,Oliviaaaron400@gmail.com,,,,Yes,,276-734-3487,No,
05/01/2023,Membership,,"25 Huntington Beach Dr^^Colorado Springs^Color^80921^","Property Dues Delinquent","25 Huntington Beach Dr",6206201065,,,"Avant Homes LLC",MEMBER,10/14/2021,"6423 Knapp Drive^^Colorado Springs^CO^80924^","https://colorado-corp.com/co/avant-homes-llc
kelsey.apex@gmail.com
apexcoatings@yahoo.com
Nicholas Wall",apexcoatings@yahoo.com,,10/14/2021,03/10/2023,36742,,No,Active,5646168a0adef87f356156384,1,,apexcoatings@yahoo.com,,No,No,No,No,,No,No
,Membership,,,,,,,,"Pinnacle Homes",MEMBER,07/10/2021,"PO BOX 2027^^Edwards^CO^81632^",,dewayn.dvs@gmail.com,,09/01/2020,07/10/2021,36742,,No,Active,97760e99d61684df830031808,1,,dewayn.dvs@gmail.com,,,,Yes,,719-429-0249,,
,Membership,,"350 Silver Rock Pl^^Colorado Springs^Color^80921^|370 Silver Rock Pl^^Colorado Springs^Color^80921^|371 Silver Rock Pl^^Colorado Springs^Color^80921^","Property in good standing","350 Silver Rock Pl^370 Silver Rock Pl^371 Silver Rock Pl",6206103053^6206103055^6206103056,,,"G & S Development",MEMBER,07/28/2021,"9800 Pyramid Ct^Ste 340^Englewood^CO^80112-2668^","Scott Gratrix (Owner)",,,07/28/2021,07/28/2021,36742,,No,Active,724610142c88bdab035301544,1,,ScottGratrix,,,,Yes,,,,
,Membership,6131302041,"130 Pauma Valley Drive^^Colorado Springs^Color^80921^","Property Dues Delinquent","130 Pauma Valley Drive","Parcel 6131302041 Lot 3 Block 15 Sub 2",,,"JOHN W. AND CAROLYN C. MORLEY LIVING TRUST",MEMBER,07/10/2021,"1956 BELLAVISTA ST^^CASTLE ROCK^CO^80109^","This is a legally combined lot with 130 Pauma Valley Dr. This lot has been separated and is being sold as an individual lot, closing soon, 3.19.2021

10.21.2021 New address based on county treasurer 
http://epmt.trs.elpasoco.com/epui/PropertyTaxDetails.aspx?schd=6131302041
https://property.spatialest.com/co/elpaso/#/property/6131302041",,,06/26/2002,10/21/2021,36742,,No,Active,54760e99d4ea782b878724680,1,,JohnMorley,,,,Yes,,,,
,Membership,,"14015 Westchester Dr^^Colorado Springs^Color^80921^","Property in good standing","14015 Westchester Dr",6206201039,,,"COS RE VENTURES 2 LLC",MEMBER,07/10/2021,"19115 WING TIP RD^^Colorado Springs^CO^80918^",,,,01/20/2021,02/06/2022,36742,,No,Active,46360e99d42bb197243563405,1,,COSREVENTURES2LLC,,,No,Yes,No,,No,Yes
,Membership,,"390 Silver Rock Pl^^Colorado Springs^Color^80921^","Property in good standing","390 Silver Rock Pl",6206103054,,,"Westbrook Capital Holdings, LLC",MEMBER,03/20/2022,"9800 PYRAMID CT #340^^Englewood^CO^80112^",,,,08/27/2021,03/20/2022,36742,,No,Active,38762379029127f6100365820,1,,WestbrookCapital,,,No,No,No,,No,No
05/28/2025,Membership,,,,,,,,"GCA Guest",GUEST,08/12/2021,,"Guest account so we can have a Title Letter request form.",,,08/12/2021,05/18/2022,36742,,No,Active,1666115b1e4ca5a5684955371,1,,gca-guest,,,,Yes,,,,
,Membership,636,"15270 Renoir Place^^Colorado Springs^Color^80921^","Property Dues Delinquent","15270 Renoir Place",6131101099,,,"Managed by: Gloriod Property Management company",MANAGER,07/10/2021,"660 Southpointe Ct.  Suite 200^^Colorado Springs^CO^80906^","Owned by Nathan Boyer (active duty military)",sylvie@gloriod.com,,07/10/2021,02/06/2022,36742,,No,Active,46660e99d5b1ae66845242173,1,,sylvie@gloriod.com,,,No,Yes,No,719-785-4139,No,Yes
,Membership,650,"770 Wuthering Heights Dr^^Colorado Springs^Color^80921^","Property in good standing","770 Wuthering Heights Dr",6131103056,,,"Dominy Properties Inc, a Colorado Corporation",MEMBER,07/10/2021,"770 Wuthering Heights Dr^^Colorado Springs^CO^80921^",,,,08/28/2023,09/15/2023,36742,,No,Active,41960e99d5ba81bf918385545,1,,BryanButler,,No,No,No,No,,No,No
02/28/2022,Membership,,"130 Huntington Beach Dr^^Colorado Springs^Color^80921^","Property in good standing","130 Huntington Beach Dr",6206201056,,,"Williams Family Revocable Living Trust",MEMBER,09/15/2021,"130 Huntington Beach Dr^^Colorado Springs^CO^80921^","Gregg Williams requested access",williamsgregg1952@gmail.com,,09/15/2021,09/15/2021,36742,,No,Active,727614266cdeaa7b973952045,1,,williamsgregg1952@gmail.com,,,,No,,,,
,Membership,,"14247 Gleneagle Dr^^Colorado Springs^Color^80921^","Property in good standing","14247 Gleneagle Dr",6206104027,,,"Good Home Renovation LLC",MEMBER,07/10/2021,"2721 W Platte Ave^^Colorado Springs^CO^80904^",,,,12/08/2023,12/21/2023,36742,,No,Active,60760e99d476b06b147679318,1,,GoodHome,,No,No,Yes,No,,No,No
