Order,"Property Name","Property Unit",Street1,Street2,City,State,Zip,Country,Status,"Group ID","Group Name","Property ID","User ID","First Name","Last Name",Company,"Account Number","Start Date","End Date"
0,"14025 Gleneagle Dr",6206301221,"14025 Gleneagle Dr",,"Colorado Springs",CO,80921,,Inactive,4262,"Property in good standing",146677,,,,,,,
0,"105 Doral Way",6206205010,"105 Doral Way",,"Colorado Springs",CO,80921,,Active,4262,"Property in good standing",162339,11560ca28b77c59a129468717,Trivian,Dickard,,,,
1,"14239 Gleneagle Dr",6206104025,"14239 Gleneagle Dr",,"Colorado Springs",Colorado,80921,,Active,4262,"Property in good standing",142550,60063399a163a5c7435152909,WENDY,OLIVER,,,,
1,"315 Palm Springs Dr",6131404007,"315 Palm Springs Dr",,"Colorado Springs",Colorado,80921,,Active,4262,"Property in good standing",142769,88860e99d514c07f933122366,Joni,Bush,,388,1984-02-01,
1,"505 Rangely Dr",6131402019,"505 Rangely Dr",,"Colorado Springs",Colorado,80921,,Active,4262,"Property in good standing",142957,64060e99d59e0fe9774394015,John,"Lindemulder, Jr",,604,2017-05-02,
1,"55 Palm Springs Dr",6131404003,"55 Palm Springs Dr",,"Colorado Springs",Colorado,80921,,Active,4262,"Property in good standing",142723,90660e99d4f1b94b455091611,Kristofer,Birgers,,332,2017-11-03,
1,"14120 Candlewood Court",6206104032,"14120 Candlewood Court",,"Colorado Springs",Colorado,80921,,Active,4262,"Property in good standing",142559,88162156c134417c096204696,Lambert,Sikkema,,,,
1,"395 Palm Springs Dr",6131404001,"395 Palm Springs Dr",,"Colorado Springs",Colorado,80921,,Active,4262,"Property in good standing",142780,67460e99d51b840e334526570,David,Gibson,,,,
1,"615 Wuthering Heights Dr",6131101062,"615 Wuthering Heights Dr",,"Colorado Springs",Colorado,80921,,Active,4262,"Property in good standing",142969,28660e99d5a6b9f1380392462,Todd,Sherman,,,,
1,"150 Palm Springs Dr",6131301010,"150 Palm Springs Dr",,"Colorado Springs",Colorado,80921,,Active,4262,"Property in good standing",142734,44560e99d4fa4c94190600157,Ralph,Moffie,,,,
1,"235 Rangely Dr",6131403005,"235 Rangely Dr",,"Colorado Springs",Colorado,80921,,Active,4262,"Property in good standing",142793,25960e99d52616ac514040424,Christopher,Tatka,,,,
1,"14175 Candlewood Court",6206104003,"14175 Candlewood Court",,"Colorado Springs",Colorado,80921,,Active,4262,"Property in good standing",142566,526683a344b2d129184371971,Alexander,Taus,,,,
1,"685 Wuthering Heights Dr",6131101066,"685 Wuthering Heights Dr",,"Colorado Springs",Colorado,80921,,Active,4262,"Property in good standing",142984,36460e99d5b21de7015796089,Charles,Hayes,,,,
1,"260 Palm Springs Dr",6131301036,"260 Palm Springs Dr",,"Colorado Springs",Colorado,80921,,Active,4262,"Property in good standing",142745,89560e99d5039070614516408,Randall,Rietcheck,,358,2017-09-14,
1,"80 Rangely Dr",6131309020,"80 Rangely Dr",,"Colorado Springs",Colorado,80921,,Active,4262,"Property in good standing",142805,12860e99d53047b4350673174,John,Gue,,430,2004-06-16,
1,"14425 Westchester Dr",6206201021,"14425 Westchester Dr",,"Colorado Springs",Colorado,80921,,Active,4262,"Property in good standing",142576,2896591b495c001b904053111,Krystle,Jackson,,,,
1,"770 Wuthering Heights Dr",6131103056,"770 Wuthering Heights Dr",,"Colorado Springs",Colorado,80921,,Active,4262,"Property in good standing",142996,55764df85a3a1de4419982002,Sonya,Schmidt,,,,
1,"10 Desert Inn Way",6131307022,"10 Desert Inn Way",,"Colorado Springs",Colorado,80921,,Active,4262,"Property in good standing",142815,32860e99d536bcc1717156221,Mehran,Massoumi,,443,2016-06-20,
1,"14545 Bermuda Dunes Way",6131304007,"14545 Bermuda Dunes Way",,"Colorado Springs",Colorado,80921,,Active,4262,"Property in good standing",142587,52260e99d48e1a35447557343,Terry,Bramschreiber,,,,
1,"650 Rembrandt Court",6131103091,"650 Rembrandt Court",,"Colorado Springs",Colorado,80921,,Active,4262,"Property in good standing",143006,83060e99d5c1e0ff613509403,Doug,Fish,,663,1992-12-23,
1,"13935 Westchester Dr",6206301002,"13935 Westchester Dr",,"Colorado Springs",Colorado,80921,,Active,4262,"Property in good standing",143083,99662f90a1185dde945599678,Jeff,Evans,,,,
1,"90 Desert Inn Way",6131307017,"90 Desert Inn Way",,"Colorado Springs",Colorado,80921,,Active,4262,"Property in good standing",142825,6936462cb7637260745458515,Joanne,Wasilewski,,,,
1,"14520 Westchester Dr",6131304017,"14520 Westchester Dr",,"Colorado Springs",Colorado,80921,,Active,4262,"Property in good standing",142598,20860e99d4972500209166078,Christopher,Imhof,"Connie (spouse)",,,
1,"830 Wuthering Heights Dr",6131103059,"830 Wuthering Heights Dr",,"Colorado Springs",Colorado,80921,,Active,4262,"Property in good standing",143015,85060e99d5c7b519443109595,Brian,Horvath,,,,
1,"340 Doral Way",6206104048,"340 Doral Way",,"Colorado Springs",Colorado,80921,,Active,4262,"Property in good standing",143094,47060e99d60098c1277019822,Dominic,Carro,,,,
1,"160 Desert Inn Way",6131307006,"160 Desert Inn Way",,"Colorado Springs",Colorado,80921,,Active,4262,"Property in good standing",142833,10260e99d542839d844767546,Gary,Reynolds,,461,2006-01-20,
1,"14570 Westchester Dr",6131304003,"14570 Westchester Dr",,"Colorado Springs",Colorado,80921,,Active,4262,"Property in good standing",142611,969628556328f84e563197886,Chrystie,Hopkins,,,2016-03-30,
1,"13965 Westchester Dr",6206302001,"13965 Westchester Dr",,"Colorado Springs",Colorado,80921,,Active,4262,"Property in good standing",142442,32660e99d426c14c614422675,"Thomas E",Wells,,,,
1,"910 Wuthering Heights Dr",6131103065,"910 Wuthering Heights Dr",,"Colorado Springs",Colorado,80921,,Active,4262,"Property in good standing",143027,44360e99d5d19c07615812016,Kristin,Scott,,687,2013-04-19,
1,"14175 Gleneagle Dr",6206104045,"14175 Gleneagle Dr",,"Colorado Springs",Colorado,80921,,Active,4262,"Property in good standing",143101,60560e99d6056e7b714054061,Leah,Bufka,,,,
1,"15018 LaJolla Place",,"15018 LaJolla Place",,"Colorado Springs",Colorado,80921,,Active,4262,"Property in good standing",142844,413613ac5c0f142e341773089,Shravan,Miriyala,,,,
1,"14430 River Oaks Dr",6206201013,"14430 River Oaks Dr",,"Colorado Springs",Colorado,80921,,Active,4262,"Property in good standing",142622,37360e99d4a89e04024581268,"Rev. Gary",Haines,,,,
1,"14080 Westchester Dr",6206204014,"14080 Westchester Dr",,"Colorado Springs",Colorado,80921,,Active,4262,"Property in good standing",142451,6466827f96345646528143583,Darin,Harden,,,,
1,"15230 Diamondhead Court",6131101115,"15230 Diamondhead Court",,"Colorado Springs",Colorado,80921,,Active,4262,"Property in good standing",143034,32160e99d5d58405735022894,Sandra,Titus,,694,1992-08-13,
1,"14331 Spyglass Hill Pl",6206201116,"14331 Spyglass Hill Pl",,"Colorado Springs",Colorado,80921,,Active,4262,"Property in good standing",143114,93860e99d60c9759941836581,Jeffrey,Mulzer,,,,
1,"115 Wuthering Heights Dr",6131307011,"115 Wuthering Heights Dr",,"Colorado Springs",Colorado,80921,,Active,4262,"Property in good standing",142855,93860e99d552c918308506673,Michael,Brown,,,,
1,"14485 River Oaks Dr",6131305002,"14485 River Oaks Dr",,"Colorado Springs",Colorado,80921,,Active,4262,"Property in good standing",142631,59660e99d4ae84ff473334334,"Kale D.",Dyer,,,,
1,"14205 Westchester Dr",6206201030,"14205 Westchester Dr",,"Colorado Springs",Colorado,80921,,Active,4262,"Property in good standing",142462,7956410ad2ccb21c335374725,Sebastian,Alvarez,,,,
1,"450 Picasso Court",6131103072,"450 Picasso Court",,"Colorado Springs",Colorado,80921,,Active,4262,"Property in good standing",143044,118655146539b3f9060224979,Joy,Doyle,,,,
1,"331 Silver Rock Pl",7311402042,"331 Silver Rock Pl",,"Colorado Springs",Colorado,80921,,Active,4262,"Property in good standing",143125,91460e99d61392e2709272956,Robert,Makros,,817,2013-11-04,
1,"160 Wuthering Heights Dr",6131206072,"160 Wuthering Heights Dr",,"Colorado Springs",Colorado,80921,,Active,4262,"Property in good standing",142863,76960e99d559791b558263487,Gary,Schneider,,,,
1,"14550 River Oaks Dr",6131303064,"14550 River Oaks Dr",,"Colorado Springs",Colorado,80921,,Active,4262,"Property in good standing",142641,62860e99d4b6a922918171845,Peggy,Sherick,,,,
1,"14350 Westchester Dr",6206204003,"14350 Westchester Dr",,"Colorado Springs",Colorado,80921,,Active,4262,"Property in good standing",142473,34560e99d43df25c008399537,"Leonard L.",Myers,,,,
1,"985 Wuthering Heights Dr",6131106021,"985 Wuthering Heights Dr",,"Colorado Springs",Colorado,80921,,Active,4262,"Property in good standing",143052,47360e99d5e18dd9488784255,Thomas,Surface,,715,2000-06-27,
1,"14136 Stone Eagle Place",6206201125,"14136 Stone Eagle Place",,"Colorado Springs",Colorado,80921,,Active,4262,"Property in good standing",143136,38960e99d617c6ce403814212,Thomas,Boushell,,,,
1,"250 Wuthering Heights Dr",6131206080,"250 Wuthering Heights Dr",,"Colorado Springs",Colorado,80921,,Active,4262,"Property in good standing",142873,5636a26056b6845e530072667,LaVern,Glosson,,,,
1,"14625 River Oaks Dr",6131306005,"14625 River Oaks Dr",,"Colorado Springs",Colorado,80921,,Active,4262,"Property in good standing",142653,63160e99d4c00519317203062,Mark,Martin,,,,
1,"40 Huntington Beach Dr",6206201048,"40 Huntington Beach Dr",,"Colorado Springs",Colorado,80921,,Active,4262,"Property in good standing",142481,40960e99d444b085638451138,Casey,Stewart,,,,
1,"420 Wuthering Heights Dr",6131103081,"420 Wuthering Heights Dr",,"Colorado Springs",Colorado,80921,,Active,4262,"Property in good standing",143061,20060e99d5e71647900675209,Tom,Cunningham,,,,
1,"14365 Westchester Dr",6206201024,"14365 Westchester Dr",,"Colorado Springs",Colorado,80921,,Active,4270,"Property Dues Delinquent",142474,68961029a25e3220013449970,Jay,McGuffin,,,,
1,"15170 Thornbird Ct",6131206084,"15170 Thornbird Ct",,"Colorado Springs",Colorado,80921,,Active,4262,"Property in good standing",142883,36660e99d5696112143122135,Michael,Schaub,,,,
1,"140 Mission Hill Way",6206201082,"140 Mission Hill Way",,"Colorado Springs",Colorado,80921,,Active,4262,"Property in good standing",142659,77060e99d4c49b8d678265033,Mark,Kohman,,,,
1,"130 Huntington Beach Dr",6206201056,"130 Huntington Beach Dr",,"Colorado Springs",Colorado,80921,,Active,4262,"Property in good standing",142491,727614266cdeaa7b973952045,,,"Williams Family Revocable Living Trust",,,
1,"530 Wuthering Heights Dr",6131103086,"530 Wuthering Heights Dr",,"Colorado Springs",Colorado,80921,,Active,4262,"Property in good standing",143070,13760e99d5ed7e13275433882,Travis,Williams,,,,
1,"14420 River Oaks Dr",6206201012,"14420 River Oaks Dr",,"Colorado Springs",Colorado,80921,,Active,4270,"Property Dues Delinquent",142620,11060e99d4a7528e768192894,Darren,Doucet,,,,
1,"465 Cherry Hills Way",6131406002,"465 Cherry Hills Way",,"Colorado Springs",Colorado,80921,,Active,4262,"Property in good standing",142895,33563ffddc7a6ed2699479115,Scott,Harrison,,,,
1,"240 Mission Hill Way",6206201088,"240 Mission Hill Way",,"Colorado Springs",Colorado,80921,,Active,4262,"Property in good standing",142668,25860e99d4cac3c7263389511,Joseph,Hammond,,263,2017-09-08,
1,"14050 Gleneagle Dr",6206201041,"14050 Gleneagle Dr",,"Colorado Springs",Colorado,80921,,Active,4262,"Property in good standing",142502,41060e99d452eaf2855033110,Jody,McCarthy,,,,
1,"13905 Westchester Dr",6206301005,"13905 Westchester Dr",,"Colorado Springs",Colorado,80921,,Active,4262,"Property in good standing",143078,41760e99d5f3adbd684693375,Nancy,Bull,,750,2013-07-29,
1,"230 Palm Springs Dr",6131301005,"230 Palm Springs Dr",,"Colorado Springs",Colorado,80921,,Active,4270,"Property Dues Delinquent",142742,56260e99d501dfc3190835239,"Deborah G",Wood,,355,2016-03-02,
1,"14735 Latrobe Dr",6131402042,"14735 Latrobe Dr",,"Colorado Springs",Colorado,80921,,Active,4262,"Property in good standing",142904,17760e99d578b58c295288973,Steve,Bammesberger,,,,
1,"14550 Latrobe Dr",6131406017,"14550 Latrobe Dr",,"Colorado Springs",Colorado,80921,,Active,4262,"Property in good standing",142679,12660e99d4d1b91f588178370,Troy,Smith,,279,2020-03-04,
1,"14130 Gleneagle Dr",6206201069,"14130 Gleneagle Dr",,"Colorado Springs",Colorado,80921,,Active,4262,"Property in good standing",142513,26760e99d45a91e2854586407,John,Poltenovage,,,,
1,"290 Wuthering Heights Dr",6131206086,"290 Wuthering Heights Dr",,"Colorado Springs",Colorado,80921,,Active,4270,"Property Dues Delinquent",142877,83060e99d56497e0825710583,Karen,DaPra,,511,2017-09-02,
1,"14730 Gleneagle Dr",6131404016,"14730 Gleneagle Dr",,"Colorado Springs",Colorado,80921,,Active,4262,"Property in good standing",142918,33360e99d583cdda835091984,"Brian Q.",Gauck,,559,2003-11-06,
1,"14455 Gleneagle Dr",6206101004,"14455 Gleneagle Dr",,"Colorado Springs",Colorado,80921,,Active,4262,"Property in good standing",142690,95660e99d4d9e7f2813553049,Jacob,Riddle,,,,
1,"255 Doral Way",6206205017,"255 Doral Way",,"Colorado Springs",Colorado,80921,,Active,4262,"Property in good standing",142525,93160e99d463ba29970615527,"Mary Carolyn",Lee,,96,1985-09-01,
1,"410 Rangely Dr",6131401006,"410 Rangely Dr",,"Colorado Springs",Colorado,80921,,Active,4270,"Property Dues Delinquent",142952,68260e99d599cebe337983755,Mike,Brooking,,,,
1,"445 Palm Springs Way",6131402028,"445 Palm Springs Way",,"Colorado Springs",Colorado,80921,,Active,4262,"Property in good standing",142928,35560e99d5894f59083401272,Douglas,Arndt,,,,
1,"310 Pauma Valley Dr",6131302026,"310 Pauma Valley Dr",,"Colorado Springs",Colorado,80921,,Active,4262,"Property in good standing",142699,25161c0f887eec45719612413,Beckie,Munson,,,,
1,"365 Doral Way",6206104012,"365 Doral Way",,"Colorado Springs",Colorado,80921,,Active,4262,"Property in good standing",142536,37160e99d46aa328911791980,Michael,Smiley,,,,
1,"325 Wuthering Heights Dr",6131104010,"325 Wuthering Heights Dr",,"Colorado Springs",Colorado,80921,,Active,4270,"Property Dues Delinquent",143054,21160e99d5e27889848439989,Derek,Converse,,,,
1,"440 Torrey Pines Way",6131402005,"440 Torrey Pines Way",,"Colorado Springs",Colorado,80921,,Active,4262,"Property in good standing",142940,85060e99d591b36d050061135,Bob,Munoz,,584,1998-12-04,
1,"105 Pauma Valley Dr",6131303059,"105 Pauma Valley Dr",,"Colorado Springs",Colorado,80921,,Active,4262,"Property in good standing",142709,88360e99d4e84aea170254344,Michael,Gray,,,,
1,"14215 Gleneagle Dr",6206104022,"14215 Gleneagle Dr",,"Colorado Springs",Colorado,80921,,Active,4262,"Property in good standing",142545,89860e99d470efd6281946147,Luann,Tomkinson,,,,
1,"14750 Cherry Hills Place",6131404008,"14750 Cherry Hills Place",,"Colorado Springs",Colorado,80921,,Active,4262,"Property in good standing",142763,64362cf7fe3dcbe7694382684,Warren,Tustin,,,,
1,"360 Rangely Dr",6131401007,"360 Rangely Dr",,"Colorado Springs",Colorado,80921,,Active,4262,"Property in good standing",142950,6966227b098aa371782587493,Glen,Westcott,,,,
1,"210 Pauma Valley Dr",6131302021,"210 Pauma Valley Dr",,"Colorado Springs",Colorado,80921,,Active,4262,"Property in good standing",142717,5626158978737662497078619,"Gina (Regina)","Baker Basler",,,,
1,"14247 Gleneagle Dr",6206104027,"14247 Gleneagle Dr",,"Colorado Springs",Colorado,80921,,Active,4262,"Property in good standing",142553,70865b45651e0c6e292486123,Jeff,Piggot,,,,
1,"335 Palm Springs Dr",6131404005,"335 Palm Springs Dr",,"Colorado Springs",Colorado,80921,,Active,4262,"Property in good standing",142772,95660e99d5167281785439893,Nolan,Behr,,,,
1,"565 Rangely Dr",6131402021,"565 Rangely Dr",,"Colorado Springs",Colorado,80921,,Active,4262,"Property in good standing",142961,6606168a710df1a8272779721,Lance,Potter,,,2021-09-17,
1,"75 Palm Springs Dr",6131404002,"75 Palm Springs Dr",,"Colorado Springs",Colorado,80921,,Active,4262,"Property in good standing",142725,64365137b506624f128885148,Kimberly,Czyl,,,,
1,"14135 Candlewood Court",6206104005,"14135 Candlewood Court",,"Colorado Springs",Colorado,80921,,Active,4262,"Property in good standing",142562,11364bbf4a3d5dc5189210409,Elisabeth,Weatfall,,,,
1,"280 Desert Inn Way",6131403009,"280 Desert Inn Way",,"Colorado Springs",Colorado,80921,,Active,4262,"Property in good standing",142783,7666a0c95d21494d078080745,Donna,McCoy,,,,
1,"655 Wuthering Heights Dr",6131101064,"655 Wuthering Heights Dr",,"Colorado Springs",Colorado,80921,,Active,4262,"Property in good standing",142973,22260e99d5a95820377262477,Randy,Liefer,,623,1985-07-01,
1,"175 Palm Springs Dr",6131302006,"175 Palm Springs Dr",,"Colorado Springs",Colorado,80921,,Active,4262,"Property in good standing",142737,78860e99d4fcbcf7773407311,Terry,Shampoe,,,,
1,"285 Rangely Dr",6131403010,"285 Rangely Dr",,"Colorado Springs",Colorado,80921,,Active,4262,"Property in good standing",142797,29660e99d529904d147784792,Jeffrey,Krska,,,,
1,"14195 Candlewood Court",6206104001,"14195 Candlewood Court",,"Colorado Springs",Colorado,80921,,Active,4262,"Property in good standing",142569,75660e99d481c112632630683,Isaac,Watkins,,147,2005-04-21,
1,"715 Wuthering Heights Dr",6131101068,"715 Wuthering Heights Dr",,"Colorado Springs",Colorado,80921,,Active,4262,"Property in good standing",142988,36560e99d5b49273912469948,Christopher,Ross,,,,
1,"235 Cherry Hills Way",6131302032,"235 Cherry Hills Way",,"Colorado Springs",Colorado,80921,,Active,4262,"Property in good standing",142749,97960e99d506a02d768859035,"Bryan C",Beulin,,365,,
1,"135 Rangely Dr",6131301026,"135 Rangely Dr",,"Colorado Springs",Colorado,80921,,Active,4262,"Property in good standing",142808,29261b0b22cde862458343536,Deb,Stover,,,2021-11-03,
1,"14440 Bermuda Dunes Way",6206203003,"14440 Bermuda Dunes Way",,"Colorado Springs",Colorado,80921,,Active,4262,"Property in good standing",142580,92460e99d48965ad414683024,David,Bopp,,161,2010-10-15,
1,"810 Wuthering Heights Dr",6131103057,"810 Wuthering Heights Dr",,"Colorado Springs",Colorado,80921,,Active,4262,"Property in good standing",142998,346643ad9070d14e851904667,Tara,Custalow,,,,
1,"30 Desert Inn Way",6131307025,"30 Desert Inn Way",,"Colorado Springs",Colorado,80921,,Active,4262,"Property in good standing",142818,47560e99d5387b72067418204,Jim,Daley,,,,
1,"14590 Bermuda Dunes Way",6131308044,"14590 Bermuda Dunes Way",,"Colorado Springs",Colorado,80921,,Active,4262,"Property in good standing",142591,53960e99d4924788156068349,Marc,Weiersmuller,,173,2017-02-28,
1,"660 Rembrandt Court",6131103092,"660 Rembrandt Court",,"Colorado Springs",Colorado,80921,,Active,4262,"Property in good standing",143008,33960e99d5c34df6182880147,Jim,Blake,,,,
1,"13945 Westchester Dr",6206301001,"13945 Westchester Dr",,"Colorado Springs",Colorado,80921,,Active,4262,"Property in good standing",143085,17861d0a571a1e0d650749223,Lorena,Benavidez,,,,
1,"130 Desert Inn Way",6131307019,"130 Desert Inn Way",,"Colorado Springs",Colorado,80921,,Active,4262,"Property in good standing",142828,72860e99d53e2e7e004890372,Randy,Reynolds,,,,
1,"14545 Westchester Dr",6131303022,"14545 Westchester Dr",,"Colorado Springs",Colorado,80921,,Active,4262,"Property in good standing",142602,61660e99d499b848279584646,William,Lowes,,,,
1,"860 Wuthering Heights Dr",6131103062,"860 Wuthering Heights Dr",,"Colorado Springs",Colorado,80921,,Active,4262,"Property in good standing",143020,14860e99d5cb2881729318062,Duane,Clingen,,,,
1,"65 Doral Way",6206104012,"65 Doral Way",,"Colorado Springs",Colorado,80921,,Active,4262,"Property in good standing",143097,6776419fa94265fb551206865,Deena,McDorman,,,,
1,"210 Desert Inn Way",6131307022,"210 Desert Inn Way",,"Colorado Springs",Colorado,80921,,Active,4262,"Property in good standing",142837,74764282ef82e476117521629,Mark,MacAlester,,,,
1,"14585 Westchester Dr",6131303014,"14585 Westchester Dr",,"Colorado Springs",Colorado,80921,,Active,4262,"Property in good standing",142614,2526aaa944c966d7240858379,Curtis,Malfeld,,,,
1,"13985 Westchester Dr",6206302003,"13985 Westchester Dr",,"Colorado Springs",Colorado,80921,,Active,4262,"Property in good standing",142444,4866962c86cb7206259236263,Karl,Barela,,,,
1,"920 Wuthering Heights Dr",6131103066,"920 Wuthering Heights Dr",,"Colorado Springs",Colorado,80921,,Active,4262,"Property in good standing",143029,325655a6eba94f27888327140,"JOE & BECKY",STEVENS,,,,
1,"361 Pauma Valley Dr",6131408007,"361 Pauma Valley Dr",,"Colorado Springs",Colorado,80921,,Active,4262,"Property in good standing",143105,25860e99d443d478148479701,Garrett,Barton,,777,,
1,"15033 LaJolla Place",,"15033 LaJolla Place",,"Colorado Springs",Colorado,80921,,Active,4262,"Property in good standing",142847,83260e99d54cbaf6920820974,Dan,Krynovich,,,,
1,"14450 River Oaks Dr",6206201015,"14450 River Oaks Dr",,"Colorado Springs",Colorado,80921,,Active,4262,"Property in good standing",142625,8496a0399bf4c529264561435,Raymond,Micklewright,,,,
1,"14120 Westchester Dr",6206204012,"14120 Westchester Dr",,"Colorado Springs",Colorado,80921,,Active,4262,"Property in good standing",142455,63860e99d431bb7d242930849,Nicholas,Nail,,,,
1,"420 Picasso Court",6131103069,"420 Picasso Court",,"Colorado Springs",Colorado,80921,,Active,4262,"Property in good standing",143038,42860e99d5d7372f699324124,David,Futey,,701,2006-11-29,
1,"14358 Spyglass Hill Pl",6206201111,"14358 Spyglass Hill Pl",,"Colorado Springs",Colorado,80921,,Active,4262,"Property in good standing",143117,9836179aa12f367e974435837,Maren,Boehnke,,,,
1,"165 Wuthering Heights Dr",6131209019,"165 Wuthering Heights Dr",,"Colorado Springs",Colorado,80921,,Active,4262,"Property in good standing",142858,65160e99d55551cb138503042,Geraldo,DeSouza,,,,
1,"14520 River Oaks Dr",6131303029,"14520 River Oaks Dr",,"Colorado Springs",Colorado,80921,,Active,4262,"Property in good standing",142634,987633b08047dc74272934612,Magdelyn,Nehring,,,,
1,"14250 Westchester Dr",6206204006,"14250 Westchester Dr",,"Colorado Springs",Colorado,80921,,Active,4262,"Property in good standing",142467,91260e99d439aafe019518295,"Mitchell D",Calvert,,,,
1,"460 Picasso Court",6131103073,"460 Picasso Court",,"Colorado Springs",Colorado,80921,,Active,4262,"Property in good standing",143046,39560e99d5dd4c02128002881,Leilani,Ceballes,,,,
1,"370 Silver Rock Pl",6206103055,"370 Silver Rock Pl",,"Colorado Springs",Colorado,80921,,Active,4262,"Property in good standing",143128,724610142c88bdab035301544,,,"G & S Development",,,
1,"190 Wuthering Heights Dr",6131206075,"190 Wuthering Heights Dr",,"Colorado Springs",Colorado,80921,,Active,4262,"Property in good standing",142866,74060e99d55bdeba827584990,Paul,Zmuda,,,,
1,"14565 River Oaks Dr",6131306014,"14565 River Oaks Dr",,"Colorado Springs",Colorado,80921,,Active,4262,"Property in good standing",142644,53960e99d4b93cb1292857041,Russ,Robinson,,,,
1,"215 Scottsdale Dr",6206204002,"215 Scottsdale Dr",,"Colorado Springs",Colorado,80921,,Active,4262,"Property in good standing",142477,36960e99d441ae46871233234,George,Urteaga,"	george.urteaga@rsac.com",39,1990-01-01,
1,"345 Wuthering Heights Dr",6131104009,"345 Wuthering Heights Dr",,"Colorado Springs",Colorado,80921,,Active,4262,"Property in good standing",143056,652635d592959f5c561395222,Sheila,Whalen,,,,
1,"14161 Stone Eagle Place",6206201131,"14161 Stone Eagle Place",,"Colorado Springs",Colorado,80921,,Active,4262,"Property in good standing",143140,46960e99d619cd94765385230,Brian,Veldhuizen,Cindy,832,2021-03-02,
1,"260 Wuthering Heights Dr",6131206081,"260 Wuthering Heights Dr",,"Colorado Springs",Colorado,80921,,Active,4262,"Property in good standing",142875,3786326710a43ce4656884034,Kathleen,ODonnell,,,,
1,"14640 River Oaks Dr",6131303038,"14640 River Oaks Dr",,"Colorado Springs",Colorado,80921,,Active,4262,"Property in good standing",142655,11360e99d4c1b474886107607,Nicole,Brashears,,,,
1,"64 Huntington Beach Dr",6206201051,"64 Huntington Beach Dr",,"Colorado Springs",Colorado,80921,,Active,4262,"Property in good standing",142484,42160e99d446c8fc456006596,Mahmood,Ahmadian,,,,
1,"455 Wuthering Heights Dr",6131104004,"455 Wuthering Heights Dr",,"Colorado Springs",Colorado,80921,,Active,4262,"Property in good standing",143064,81260e99d5e9504d650873167,Joshua,Maine,,730,2000-05-08,
1,"14190 Gleneagle Dr",6206103011,"14190 Gleneagle Dr",,"Colorado Springs",Colorado,80921,,Active,4270,"Property Dues Delinquent",142542,73760e99d46e6109672162629,Marc,Boyce,,116,,
1,"405 Cherry Hills Way",6131406005,"405 Cherry Hills Way",,"Colorado Springs",Colorado,80921,,Active,4262,"Property in good standing",142889,20960e99d56ce261691971476,Michael,OHare,,,,
1,"165 Mission Hill Way",6206201077,"165 Mission Hill Way",,"Colorado Springs",Colorado,80921,,Active,4262,"Property in good standing",142662,67460e99d4c6d4d3037545913,Brian,Colao,,256,2019-07-18,
1,"165 Huntington Beach Dr",6206201063,"165 Huntington Beach Dr",,"Colorado Springs",Colorado,80921,,Active,4262,"Property in good standing",142494,268614a7f6148d44886724700,William,Free,,,,
1,"15010 Hilton Head Court",6131104012,"15010 Hilton Head Court",,"Colorado Springs",Colorado,80921,,Active,4262,"Property in good standing",143073,37260e99d5f059fb397143634,Max,Delgado,,,,
1,"315 Pauma Valley Dr",6131306003,"315 Pauma Valley Dr",,"Colorado Springs",Colorado,80921,,Active,4270,"Property Dues Delinquent",142700,16560e99d4e189bc951054041,John,Hill,,303,1984-01-05,
1,"14675 Latrobe Dr",6131402045,"14675 Latrobe Dr",,"Colorado Springs",Colorado,80921,,Active,4262,"Property in good standing",142899,38260e99d57400d7811971280,Michael,Larock,,,,
1,"14524 Latrobe Dr",6131406012,"14524 Latrobe Dr",,"Colorado Springs",Colorado,80921,,Active,4262,"Property in good standing",142672,74460e99d4cd831c462416756,"Stephen Joseph",Kouri,,272,2015-07-02,
1,"14070 Gleneagle Dr",6206201043,"14070 Gleneagle Dr",,"Colorado Springs",Colorado,80921,,Active,4262,"Property in good standing",142506,41160e99d455d939498198770,Ricky,Corona,,74,2018-03-23,
1,"360 Palm Springs Dr",6131403002,"360 Palm Springs Dr",,"Colorado Springs",Colorado,80921,,Active,4270,"Property Dues Delinquent",142776,39660e99d5196716284614237,Gary,Walters,,395,1986-09-18,
1,"14755 Latrobe Court",6131402041,"14755 Latrobe Court",,"Colorado Springs",Colorado,80921,,Active,4262,"Property in good standing",142909,66260e99d57c9116322500371,Daniel,Katzer,,,,
1,"14575 Latrobe Dr",6131402063,"14575 Latrobe Dr",,"Colorado Springs",Colorado,80921,,Active,4262,"Property in good standing",142682,4756abc60f206cf0596627315,Barb,Rosas,,,,
1,"145 Doral Way",6206205013,"145 Doral Way",,"Colorado Springs",Colorado,80921,,Active,4262,"Property in good standing",142518,68862438c34add35166926220,James,Schloss,,,,
1,"14762 Latrobe Court",6131402035,"14762 Latrobe Court",,"Colorado Springs",Colorado,80921,,Active,4270,"Property Dues Delinquent",142910,40260e99d57d786e920507012,William,Zinsmeyer,,,,
1,"14790 Gleneagle Dr",6131404019,"14790 Gleneagle Dr",,"Colorado Springs",Colorado,80921,,Active,4262,"Property in good standing",142922,32960e99d585e743941411586,Mark,Harry,,563,,
1,"240 Pauma Valley Dr",6131302022,"240 Pauma Valley Dr",,"Colorado Springs",Colorado,80921,,Active,4262,"Property in good standing",142694,45060e99d4dba384146329745,Jack,Beuse,,,,
1,"285 Doral Way",6206104017,"285 Doral Way",,"Colorado Springs",Colorado,80921,,Active,4262,"Property in good standing",142528,57260e99d4657d9c738224362,Mohammad,Emami,,,,
1,"15265 Renoir Place",6131101077,"15265 Renoir Place",,"Colorado Springs",Colorado,80921,,Active,4270,"Property Dues Delinquent",142982,37560e99d5b0d71d906719616,Bob,Clements,,,,
1,"480 Palm Springs Way",6131402023,"480 Palm Springs Way",,"Colorado Springs",Colorado,80921,,Active,4262,"Property in good standing",142933,275656bbe98d5747830808179,Alan,Huckins,,,,
1,"355 Pauma Valley Dr",6131306001,"355 Pauma Valley Dr",,"Colorado Springs",Colorado,80921,,Active,4262,"Property in good standing",142704,78860e99d4e41dd4570228895,Stephen,Bagaason,,,,
1,"14160 Gleneagle Dr",6206201072,"14160 Gleneagle Dr",,"Colorado Springs",Colorado,80921,,Active,4262,"Property in good standing",142539,12060e99d46c4a88236757033,Glenda,Launder,,,,
1,"325 Cherry Hills Way",6131407002,"325 Cherry Hills Way",,"Colorado Springs",Colorado,80921,,Active,4262,"Property in good standing",142755,38160e99d50a1768748554912,"Juan G.",Jaramillo,,371,,
1,"25 Huntington Beach Dr",6206201065,"25 Huntington Beach Dr",,"Colorado Springs",Colorado,80921,,Active,4270,"Property Dues Delinquent",143088,286640a1fc576d73083561345,Nicholas,Wall,,,,
1,"14925 Gleneagle Dr",6131402012,"14925 Gleneagle Dr",,"Colorado Springs",Colorado,80921,,Active,4262,"Property in good standing",142944,61960e99d5943e2c022595705,Dave,Ross,,,,
1,"125 Pauma Valley Dr",6131303060,"125 Pauma Valley Dr",,"Colorado Springs",Colorado,80921,,Active,4262,"Property in good standing",142712,934634b8635454eb942243036,Anu,Kalbfleisch,,,,
1,"14230 Gleneagle Dr",6206103008,"14230 Gleneagle Dr",,"Colorado Springs",Colorado,80921,,Active,4262,"Property in good standing",142548,28761f8295dbf352177263257,Yan,Lu,,,,
1,"14760 Cherry Hills Place",6131404009,"14760 Cherry Hills Place",,"Colorado Springs",Colorado,80921,,Active,4262,"Property in good standing",142765,76160e99d5121b20150683175,Susan,Hess,,381,2019-08-15,
1,"430 Rangely Dr",6131401005,"430 Rangely Dr",,"Colorado Springs",Colorado,80921,,Active,4262,"Property in good standing",142954,42060e99d59b7de3476618799,Eric,Hildebrand,,,,
1,"30 Palm Springs Dr",6131301034,"30 Palm Springs Dr",,"Colorado Springs",Colorado,80921,,Active,4262,"Property in good standing",142720,67364090dd711b19776425366,Rick,Stevens,,,,
1,"14260 Gleneagle Dr",6206103005,"14260 Gleneagle Dr",,"Colorado Springs",Colorado,80921,,Active,4262,"Property in good standing",142555,70460e99d477f25f435282009,David,Creech,,,,
1,"355 Palm Springs Dr",6131404003,"355 Palm Springs Dr",,"Colorado Springs",Colorado,80921,,Active,4262,"Property in good standing",142775,39760e99d51884c6088421368,Michael,Hubbard,,,,
1,"555 Wuthering Heights Dr",6131101059,"555 Wuthering Heights Dr",,"Colorado Springs",Colorado,80921,,Active,4262,"Property in good standing",142964,55060e99d5a372cd005481633,Brooks,Demio,,,,
1,"115 Palm Springs Dr",6131302009,"115 Palm Springs Dr",,"Colorado Springs",Colorado,80921,,Active,4262,"Property in good standing",142730,460620572c6cfa7a962168917,Sara,Smith,,,,
1,"14155 Candlewood Court",6206104004,"14155 Candlewood Court",,"Colorado Springs",Colorado,80921,,Active,4262,"Property in good standing",142564,16662ed74ba53b33826611333,Chaney,Ferguson,,,,
1,"180 Rangely Dr",6131309020,"180 Rangely Dr",,"Colorado Springs",Colorado,80921,,Active,4262,"Property in good standing",142789,70460e99d52381cf925014926,Alex,Hilborn,,,,
1,"15240 Renoir Place",6131101102,"15240 Renoir Place",,"Colorado Springs",Colorado,80921,,Active,4262,"Property in good standing",142977,53960e99d5ac462a849106146,Jennifer,Revello,,,,
1,"225 Palm Springs Dr",6131302004,"225 Palm Springs Dr",,"Colorado Springs",Colorado,80921,,Active,4262,"Property in good standing",142741,59660e99d5010172213931524,Tania,Aguirre,,354,,
1,"45 Rangely Dr",6131402015,"45 Rangely Dr",,"Colorado Springs",Colorado,80921,,Active,4262,"Property in good standing",142802,35760e99d52d6200157430450,Maiya,Anderson,,427,2019-04-18,
1,"220 Scottsdale Dr",6206203006,"220 Scottsdale Dr",,"Colorado Springs",Colorado,80921,,Active,4262,"Property in good standing",142573,24660e99d485212f547013350,Kirby,Zeller,,154,1988-10-04,
1,"750 Wuthering Heights Dr",6131103055,"750 Wuthering Heights Dr",,"Colorado Springs",Colorado,80921,,Active,4262,"Property in good standing",142993,18160e99d5b7fdc8646377448,John,Hoden,,,,
1,"245 Cherry Hills Way",6131302031,"245 Cherry Hills Way",,"Colorado Springs",Colorado,80921,,Active,4262,"Property in good standing",142751,96160e99d5085403900111614,Damian,McCabe,,367,2012-06-29,
1,"65 Wuthering Heights Dr",6131104008,"65 Wuthering Heights Dr",,"Colorado Springs",Colorado,80921,,Active,4262,"Property in good standing",142812,17160e99d534feba406055231,Thomas,Struve,,,,
1,"14475 Bermuda Dunes Way",6206202004,"14475 Bermuda Dunes Way",,"Colorado Springs",Colorado,80921,,Active,4262,"Property in good standing",142582,575662ab09c94796115589066,Charlotte,Peyton,,,,
1,"625 Rembrandt Court",6131103100,"625 Rembrandt Court",,"Colorado Springs",Colorado,80921,,Active,4262,"Property in good standing",143002,42960e99d5bdf09a076464785,"Edgar L.",Dove,,659,1984-10-09,
1,"13925 Westchester Dr",6206301003,"13925 Westchester Dr",,"Colorado Springs",Colorado,80921,,Active,4262,"Property in good standing",143081,30063db016a0ecfe082417376,Petr,Chocholaty,,,,
1,"60 Desert Inn Way",6131307015,"60 Desert Inn Way",,"Colorado Springs",Colorado,80921,,Active,4262,"Property in good standing",142822,13160e99d53aa965873146684,Bonnie,White,,450,1995-08-21,
1,"14490 Westchester Dr",6131304016,"14490 Westchester Dr",,"Colorado Springs",Colorado,80921,,Active,4262,"Property in good standing",142595,8726a21b8748a8bd709737706,Andrea,Riley,,,,
1,"680 Rembrandt Court",6131103094,"680 Rembrandt Court",,"Colorado Springs",Colorado,80921,,Active,4262,"Property in good standing",143012,404617a68dd55819517768763,"Christopher & Jessica",Selby,Shanna,,,
1,"14025 Gleneagle Dr",6206301221,"14025 Gleneagle Dr",,"Colorado Springs",Colorado,80921,,Active,4262,"Property in good standing",143091,68760e99d5fd3c9a153331186,Steve,Partlow,,,,
1,"135 Desert Inn Way",6131309025,"135 Desert Inn Way",,"Colorado Springs",Colorado,80921,,Active,4262,"Property in good standing",142829,8296a8fb6cd40532335023654,Carrie,Solano,,,,
1,"14559 Westchester Dr",6131303025,"14559 Westchester Dr",,"Colorado Springs",Colorado,80921,,Active,4262,"Property in good standing",142606,63961c1219b813cb541384031,Richard,Hunt,,,,
1,"875 Wuthering Heights Dr",6131110056,"875 Wuthering Heights Dr",,"Colorado Springs",Colorado,80921,,Active,4262,"Property in good standing",143023,10160e99d5cd5e11705087607,Scott,Smith,,683,1992-01-01,
1,"14155 Gleneagle Dr",6206206007,"14155 Gleneagle Dr",,"Colorado Springs",Colorado,80921,,Active,4262,"Property in good standing",143099,920688ff55af2195934692933,margaret,senanayake,,,,
1,"15003 LaJolla Place",,"15003 LaJolla Place",,"Colorado Springs",Colorado,80921,,Active,4262,"Property in good standing",142840,44660e99d546cd44506277592,"Jacob Werner",Green,,,,
1,"14595 Westchester Dr",6131303057,"14595 Westchester Dr",,"Colorado Springs",Colorado,80921,,Active,4262,"Property in good standing",142616,511689cd11b9ba38042363616,Rodger,Tennant,,,,
1,"14055 Westchester Dr",6206201037,"14055 Westchester Dr",,"Colorado Springs",Colorado,80921,,Active,4262,"Property in good standing",142449,40960e99d42d10d2197770471,John,Leipold,,,,
1,"930 Wuthering Heights Dr",6131103067,"930 Wuthering Heights Dr",,"Colorado Springs",Colorado,80921,,Active,4262,"Property in good standing",143031,81460e99d5d3c6e7162383346,Peter,Callahan,,691,1992-10-13,
1,"385 Mission Hill Way",6206103060,"385 Mission Hill Way",,"Colorado Springs",Colorado,80921,,Active,4262,"Property in good standing",143110,33064c1a10602d48866682391,Jessica,Espinoza,,6206103060,,
1,"15049 LaJolla Place",,"15049 LaJolla Place",,"Colorado Springs",Colorado,80921,,Active,4262,"Property in good standing",142851,36360e99d55010a7507353269,Syble,Krafft,,482,1985-01-17,
1,"14465 River Oaks Dr",6206201006,"14465 River Oaks Dr",,"Colorado Springs",Colorado,80921,,Active,4262,"Property in good standing",142627,57160e99d4ac673b287463788,John,Davis,,215,2011-10-31,
1,"14160 Westchester Dr",6206204010,"14160 Westchester Dr",,"Colorado Springs",Colorado,80921,,Active,4262,"Property in good standing",142459,10460e99d433f84b361940676,Neil,Dozier,,,,
1,"440 Picasso Court",6131103071,"440 Picasso Court",,"Colorado Springs",Colorado,80921,,Active,4262,"Property in good standing",143042,45360e99d5d9d2d6044644303,Matthew,Allen,,,,
1,"14373 Spyglass Hill Pl",6206103049,"14373 Spyglass Hill Pl",,"Colorado Springs",Colorado,80921,,Active,4262,"Property in good standing",143120,28760e99d61098e5557342142,Michael,Valley,,,,
1,"130 Wuthering Heights Dr",6131206069,"130 Wuthering Heights Dr",,"Colorado Springs",Colorado,80921,,Active,4262,"Property in good standing",142860,742641ba4e7a662a048062334,Patrick,Stanley,,,,
1,"14530 River Oaks Dr",6131303030,"14530 River Oaks Dr",,"Colorado Springs",Colorado,80921,,Active,4262,"Property in good standing",142637,64860e99d4b37e6b714868466,"Douglas W",Bergman,,,,
1,"14280 Westchester Dr",6206204005,"14280 Westchester Dr",,"Colorado Springs",Colorado,80921,,Active,4262,"Property in good standing",142469,9176aa86e6fa6164888554022,Donna,Browne,,,,
1,"965 Wuthering Heights Dr",6131106019,"965 Wuthering Heights Dr",,"Colorado Springs",Colorado,80921,,Active,4262,"Property in good standing",143049,74260e99d5dea18a653681083,Chris,Swiontek,,,,
1,"14020 Gleneagle Drive",6206201121,"14020 Gleneagle Drive",,"Colorado Springs",Colorado,80921,,Active,4262,"Property in good standing",143132,83060e99d614d2df336531936,Robert,Droke,,,,
1,"235 Wuthering Heights Dr",6131209005,"235 Wuthering Heights Dr",,"Colorado Springs",Colorado,80921,,Active,4262,"Property in good standing",142870,2266494856da0a9b894524092,Richard,Olson,,,,
1,"14590 River Oaks Dr",6131303036,"14590 River Oaks Dr",,"Colorado Springs",Colorado,80921,,Active,4262,"Property in good standing",142648,11460e99d4bc406b682747373,Christian,DeMeyer,,239,2005-12-02,
1,"215 Scottsdale Dr",6206204002,"215 Scottsdale Dr",,"Colorado Springs",Colorado,80921,,Active,4262,"Property in good standing",142477,74168a366d87a2f3333463986,Garrett,Usrey,,,,
1,"385 Wuthering Heights Dr",6131104007,"385 Wuthering Heights Dr",,"Colorado Springs",Colorado,80921,,Active,4262,"Property in good standing",143059,112685b017dd8e54124475580,Tara,Baumgartner,,,,
1,"14184 Stone Eagle Place",6206201129,"14184 Stone Eagle Place",,"Colorado Springs",Colorado,80921,,Active,4262,"Property in good standing",143143,59060e99d61b13a5024606180,James,Schrock,,,,
1,"15130 Thornbird Ct",6131206082,"15130 Thornbird Ct",,"Colorado Springs",Colorado,80921,,Active,4262,"Property in good standing",142880,25160e99d566c773084856701,Rex,Garrison,,,,
1,"120 Mission Hill Way",6206201081,"120 Mission Hill Way",,"Colorado Springs",Colorado,80921,,Active,4262,"Property in good standing",142657,25362281e0404fa5370554528,Thomas,Evans,,,,
1,"105 Huntington Beach Dr",6206201066,"105 Huntington Beach Dr",,"Colorado Springs",Colorado,80921,,Active,4262,"Property in good standing",142488,19260e99d449be5d135528019,Larry,Selman,,53,2017-05-30,
1,"480 Wuthering Heights Dr",6131103084,"480 Wuthering Heights Dr",,"Colorado Springs",Colorado,80921,,Active,4262,"Property in good standing",143067,14760e99d5eb6450833047165,Kevin,Garrett,,,,
1,"14470 Westchester Dr",6206202006,"14470 Westchester Dr",,"Colorado Springs",Colorado,80921,,Active,4270,"Property Dues Delinquent",142593,62960e99d4931d34381230987,Gary,Gardner,,,,
1,"430 Cherry Hills Way",6131405008,"430 Cherry Hills Way",,"Colorado Springs",Colorado,80921,,Active,4262,"Property in good standing",142892,19160e99d56ef433020540040,Don,Simpson,,,,
1,"210 Mission Hill Way",6206201104,"210 Mission Hill Way",,"Colorado Springs",Colorado,80921,,Active,4262,"Property in good standing",142665,33669d3e6becb35c050976916,James,Planckaert,,,,
1,"195 Huntington Beach Dr",6206201061,"195 Huntington Beach Dr",,"Colorado Springs",Colorado,80921,,Active,4262,"Property in good standing",142499,75160e99d45074a9522788418,Jonathan,Knight,,,,
1,"15020 Hilton Head Court",6131104013,"15020 Hilton Head Court",,"Colorado Springs",Colorado,80921,,Active,4262,"Property in good standing",143075,64163ceaeba0545d325926034,Nathane,Johnson,,,,
1,"120 Pauma Valley Dr",6131302017,"120 Pauma Valley Dr",,"Colorado Springs",Colorado,80921,,Active,4270,"Property Dues Delinquent",142711,44765ec7d5387b2e486612048,Vincent,Jenkins,,,,
1,"14695 Latrobe Dr",6131402044,"14695 Latrobe Dr",,"Colorado Springs",Colorado,80921,,Active,4262,"Property in good standing",142901,8946334818d1a08b629938302,Diana,Puffenbarger,,,,
1,"14536 Latrobe Dr",6131406015,"14536 Latrobe Dr",,"Colorado Springs",Colorado,80921,,Active,4262,"Property in good standing",142676,60860e99d4d06fed477466415,Lorraine,Neigh,,276,2016-09-16,
1,"14090 Gleneagle Dr",,"14090 Gleneagle Dr",,"Colorado Springs",Colorado,80921,,Active,4262,"Property in good standing",142510,36860e99d458d626752346986,Charlotte,Andrews,,78,2019-05-20,
1,"70 Desert Inn Way",6131307020,"70 Desert Inn Way",,"Colorado Springs",Colorado,80921,,Active,4270,"Property Dues Delinquent",142823,27460e99d53b19b6064975542,Dean,Dunn,,,,
1,"14710 Gleneagle Dr",6131404015,"14710 Gleneagle Dr",,"Colorado Springs",Colorado,80921,,Active,4262,"Property in good standing",142915,98560e99d5819e01736554590,Phil,Catalfamo,,,,
1,"14635 Latrobe Dr",6131402047,"14635 Latrobe Dr",,"Colorado Springs",Colorado,80921,,Active,4262,"Property in good standing",142686,65960e99d4d7551c602859680,Edwin,Kohl,,286,,
1,"210 Doral Way",6206206004,"210 Doral Way",,"Colorado Springs",Colorado,80921,,Active,4262,"Property in good standing",142520,17364736e313c811842092075,Robert,Bartron,,,,
1,"475 Palm Springs Way",6131402026,"475 Palm Springs Way",,"Colorado Springs",Colorado,80921,,Active,4270,"Property Dues Delinquent",142932,209689d24d9a0b13292592052,Stuart,Balch,,,,
1,"14835 Gleneagle Dr",6131402030,"14835 Gleneagle Dr",,"Colorado Springs",Colorado,80921,,Active,4262,"Property in good standing",142925,93460e99d588087b920987434,Aletha,Gargiulo,,566,2011-09-13,
1,"260 Pauma Valley Dr",6131302024,"260 Pauma Valley Dr",,"Colorado Springs",Colorado,80921,,Active,4262,"Property in good standing",142697,94566141d2bd9fad374286559,Baylee,Wells,,,,
1,"325 Doral Way",6206104015,"325 Doral Way",,"Colorado Springs",Colorado,80921,,Active,4262,"Property in good standing",142532,17460e99d4681a57590520847,Carolyn,Smith,,103,1995-08-03,
1,"640 Rembrandt Court",6131103090,"640 Rembrandt Court",,"Colorado Springs",Colorado,80921,,Active,4270,"Property Dues Delinquent",143004,83860e99d5c011cb882212919,"Ryan M.",Voneida,,,,
1,"416 Torrey Pines Way",6131402009,"416 Torrey Pines Way",,"Colorado Springs",Colorado,80921,,Active,4262,"Property in good standing",142936,43960e99d58e0ad0856163146,Greg,Leonard,,,,
1,"14660 River Oaks Dr",6131303001,"14660 River Oaks Dr",,"Colorado Springs",Colorado,80921,,Active,4262,"Property in good standing",142706,62562437d84909cd732163071,Jennifer,Boylan,"14660 River Oaks Drive, LLC",,,
1,"14205 Gleneagle Dr",6206104021,"14205 Gleneagle Dr",,"Colorado Springs",Colorado,80921,,Active,4262,"Property in good standing",142543,16960e99d46f3a17566809623,Donald,Apelo,,117,1993-06-15,
1,"14710 Cherry Hills Place",6131302037,"14710 Cherry Hills Place",,"Colorado Springs",Colorado,80921,,Active,4262,"Property in good standing",142759,62060e99d50d2398378791702,Brent,Alford,,,,
1,"130 Pauma Valley Drive","Parcel 6131302041 Lot 3 Block 15 Sub 2","130 Pauma Valley Drive",,"Colorado Springs",Colorado,80921,,Active,4270,"Property Dues Delinquent",143144,54760e99d4ea782b878724680,,,"JOHN W. AND CAROLYN C. MORLEY LIVING TRUST",6131302041,,
1,"325 Rangely Dr",6131402014,"325 Rangely Dr",,"Colorado Springs",Colorado,80921,,Active,4262,"Property in good standing",142947,64160e99d596d4cb899042059,Karen,Crawford,,,,
1,"150 Pauma Valley Dr",6131302020,"150 Pauma Valley Dr",,"Colorado Springs",Colorado,80921,,Active,4262,"Property in good standing",142715,602641a2a6759c59903727893,Derek,Shanks,,,,
1,"630 Rembrandt Court",6131103089,"630 Rembrandt Court",,"Colorado Springs",Colorado,80921,,Active,4262,"Property in good standing",143003,874661707a279876040352579,David,Savage,,,,
1,"13935 Westchester Dr",6206301002,"13935 Westchester Dr",,"Colorado Springs",Colorado,80921,,Active,4262,"Property in good standing",143083,54160e99d5f717e6407974392,"Jean Ann",Brown,,755,2015-06-22,
1,"90 Desert Inn Way",6131307017,"90 Desert Inn Way",,"Colorado Springs",Colorado,80921,,Active,4262,"Property in good standing",142825,61860e99d53c69e1507812455,Joanne,Wasilewski,,,,
1,"14510 Westchester Dr",6206202001,"14510 Westchester Dr",,"Colorado Springs",Colorado,80921,,Active,4262,"Property in good standing",142597,30960e99d496501d653866082,Ryan,Lauber,,,,
1,"820 Wuthering Heights Dr",6131103058,"820 Wuthering Heights Dr",,"Colorado Springs",Colorado,80921,,Active,4262,"Property in good standing",143014,29760e99d5c73f32439940976,Jami,Leahy,,674,2008-07-29,
1,"45 Doral Way",6206205013,"45 Doral Way",,"Colorado Springs",Colorado,80921,,Active,4262,"Property in good standing",143093,55964345eccd8623798684955,Darrell,Burghard,,,,
1,"155 Desert Inn Way",6131309003,"155 Desert Inn Way",,"Colorado Springs",Colorado,80921,,Active,4262,"Property in good standing",142832,34961689e4e3a2f8076498714,Cole,Albright,,,2021-07-12,
1,"14569 Westchester Dr",6131303012,"14569 Westchester Dr",,"Colorado Springs",Colorado,80921,,Active,4262,"Property in good standing",142610,83860e99d4a03971996894515,Steven,Lee,,,,
1,"905 Wuthering Heights Dr",6131110054,"905 Wuthering Heights Dr",,"Colorado Springs",Colorado,80921,,Active,4262,"Property in good standing",143026,63560e99d5d0c053141958339,Sidney,Pollok,,,,
1,"14165 Gleneagle Dr",6206206008,"14165 Gleneagle Dr",,"Colorado Springs",Colorado,80921,,Active,4262,"Property in good standing",143100,80169542946405ba052537728,Bart,Ingallina,,,,
1,"15017 LaJolla Place",,"15017 LaJolla Place",,"Colorado Springs",Colorado,80921,,Active,4262,"Property in good standing",142843,67260e99d54954da925798430,Eric,Brewner,,,,
1,"14425 River Oaks Dr",6206201008,"14425 River Oaks Dr",,"Colorado Springs",Colorado,80921,,Active,4262,"Property in good standing",142621,69960e99d4a82e34407213571,Ruth,Levy,,209,1999-02-25,
1,"14080 Westchester Dr",6206204014,"14080 Westchester Dr",,"Colorado Springs",Colorado,80921,,Active,4262,"Property in good standing",142451,506641903048f748544066745,Sue,Beam,,,,
1,"15215 Diamondhead Court",6131110051,"15215 Diamondhead Court",,"Colorado Springs",Colorado,80921,,Active,4262,"Property in good standing",143033,3646a0779e739051711010855,Aracely,Richardson,,,,
1,"14330 Spyglass Hill Pl",6206201113,"14330 Spyglass Hill Pl",,"Colorado Springs",Colorado,80921,,Active,4262,"Property in good standing",143113,82160e99d60bc2cb111735953,Steven,Hochstetter,,,,
1,"15057 LaJolla Place",,"15057 LaJolla Place",,"Colorado Springs",Colorado,80921,,Active,4262,"Property in good standing",142854,66560e99d551edc8570276085,Ryan,Hickey,,,,
1,"14480 River Oaks Dr",6131303027,"14480 River Oaks Dr",,"Colorado Springs",Colorado,80921,,Active,4262,"Property in good standing",142630,51760e99d4ae197b413551571,Lisa,Barney,,218,2002-05-03,
1,"14205 Westchester Dr",6206201030,"14205 Westchester Dr",,"Colorado Springs",Colorado,80921,,Active,4262,"Property in good standing",142462,20760e99d43692ac975389928,Sebastian,Vasquez,,,,
1,"450 Picasso Court",6131103072,"450 Picasso Court",,"Colorado Springs",Colorado,80921,,Active,4262,"Property in good standing",143044,68260e99d5db96c7951721697,John,Doyle,,,,
1,"330 Silver Rock Pl",6206103057,"330 Silver Rock Pl",,"Colorado Springs",Colorado,80921,,Active,4262,"Property in good standing",143124,45760e99d61327fc806714101,Martha,Martin,,816,2019-02-01,
1,"150 Wuthering Heights Dr",6131206071,"150 Wuthering Heights Dr",,"Colorado Springs",Colorado,80921,,Active,4262,"Property in good standing",142862,96960e99d558a17d834874413,Brian,Schumann,,,,
1,"14545 River Oaks Dr",6131306012,"14545 River Oaks Dr",,"Colorado Springs",Colorado,80921,,Active,4262,"Property in good standing",142640,60760e99d4b5d427556437116,Matt,Borden,,,,
1,"14335 Westchester Dr",6206201025,"14335 Westchester Dr",,"Colorado Springs",Colorado,80921,,Active,4262,"Property in good standing",142472,93460e99d43d853c406440291,Anita,Galloway,,34,2007-09-26,
1,"975 Wuthering Heights Dr",6131106020,"975 Wuthering Heights Dr",,"Colorado Springs",Colorado,80921,,Active,4262,"Property in good standing",143051,23468ace77ad3368887967705,Dave,McCone,,,,
1,"14124 Stone Eagle Place",6206201124,"14124 Stone Eagle Place",,"Colorado Springs",Colorado,80921,,Active,4262,"Property in good standing",143135,43660e99d616f3e3305805872,James,Mullin,,,,
1,"250 Wuthering Heights Dr",6131206080,"250 Wuthering Heights Dr",,"Colorado Springs",Colorado,80921,,Active,4262,"Property in good standing",142873,93662223f568b3f1043644813,Michelle,Gaide,,,,
1,"14615 River Oaks Dr",6131306006,"14615 River Oaks Dr",,"Colorado Springs",Colorado,80921,,Active,4262,"Property in good standing",142651,632625a892105965871568812,John,Corbett,,,2022-04-14,
1,"30 Huntington Beach Dr",6206201056,"30 Huntington Beach Dr",,"Colorado Springs",Colorado,80921,,Active,4262,"Property in good standing",142480,16762fff08d318a2351892865,"Darin & Roberta (Bobbi)",Carney,,,,
1,"415 Wuthering Heights Dr",6131104006,"415 Wuthering Heights Dr",,"Colorado Springs",Colorado,80921,,Active,4262,"Property in good standing",143060,9666a51a314a2fe1084955378,Holly,Rupprecht,,,,
1,"14245 Westchester Dr",6206201101,"14245 Westchester Dr",,"Colorado Springs",Colorado,80921,,Active,4270,"Property Dues Delinquent",142466,63660e99d4392786012528298,"Anastasia Maria",Hueffner,,28,2019-02-26,
1,"15155 Thornbird Ct",6131206087,"15155 Thornbird Ct",,"Colorado Springs",Colorado,80921,,Active,4262,"Property in good standing",142882,19460e99d5687ec0198549625,Steven,Fowler,,,,
1,"125 Mission Hill Way",6206201079,"125 Mission Hill Way",,"Colorado Springs",Colorado,80921,,Active,4262,"Property in good standing",142658,73569b41ee7d3a0a199373308,Brett,Gibson,,,,
1,"125 Huntington Beach Dr",6206201065,"125 Huntington Beach Dr",,"Colorado Springs",Colorado,80921,,Active,4262,"Property in good standing",142490,15060e99d44a297d403685745,Michael,O`Rourke,,,,
1,"510 Wuthering Heights Dr",6131103085,"510 Wuthering Heights Dr",,"Colorado Springs",Colorado,80921,,Active,4262,"Property in good standing",143069,95160e99d5eca86d529316736,Dan,McKee,,,,
1,"14405 River Oaks Dr",6206201010,"14405 River Oaks Dr",,"Colorado Springs",Colorado,80921,,Active,4270,"Property Dues Delinquent",142617,10664d1c37ab6a46118897076,Jeanne,Conder,,,,
1,"465 Cherry Hills Way",6131406002,"465 Cherry Hills Way",,"Colorado Springs",Colorado,80921,,Active,4262,"Property in good standing",142895,86560e99d5715d02427445885,"Scott & Gay",Harrison,,532,2005-12-21,
1,"230 Mission Hill Way",6206201103,"230 Mission Hill Way",,"Colorado Springs",Colorado,80921,,Active,4262,"Property in good standing",142667,492686d2b6147c52225757173,Patty,Westfall,,,,
1,"14045 Gleneagle Dr",6206205006,"14045 Gleneagle Dr",,"Colorado Springs",Colorado,80921,,Active,4262,"Property in good standing",142501,42760e99d451b075022478148,"Jason C",Bowles,,,,
1,"15030 Hilton Head Court",6131104014,"15030 Hilton Head Court",,"Colorado Springs",Colorado,80921,,Active,4262,"Property in good standing",143077,32060e99d5f2d563735170582,William,Blazi,,,,
1,"130 Palm Springs Dr",6131301012,"130 Palm Springs Dr",,"Colorado Springs",Colorado,80921,,Active,4270,"Property Dues Delinquent",142731,3496169f926cbef7583699038,Amgad,Yassa,,,2021-09-30,
1,"14715 Latrobe Dr",6131402043,"14715 Latrobe Dr",,"Colorado Springs",Colorado,80921,,Active,4262,"Property in good standing",142903,829647d152594742780103993,Jessika,Herter,,,,
1,"14545 Latrobe Dr",6131402052,"14545 Latrobe Dr",,"Colorado Springs",Colorado,80921,,Active,4262,"Property in good standing",142678,31660e99d4d0ded9574458114,Jim,Hodges,,,,
1,"14120 Gleneagle Dr",6206201068,"14120 Gleneagle Dr",,"Colorado Springs",Colorado,80921,,Active,4262,"Property in good standing",142512,66060e99d459b7fd283692339,Larry,Oliver,,80,,
1,"210 Wuthering Heights Dr",6131206076,"210 Wuthering Heights Dr",,"Colorado Springs",Colorado,80921,,Active,4270,"Property Dues Delinquent",142867,668657faf202cc7c438603057,Janet,Allen,,,,
1,"14725 Gleneagle Dr",6131405005,"14725 Gleneagle Dr",,"Colorado Springs",Colorado,80921,,Active,4262,"Property in good standing",142917,48261426a6b1e26b741688094,Amber,Heavner,,,,
1,"14445 Gleneagle Dr",6206101005,"14445 Gleneagle Dr",,"Colorado Springs",Colorado,80921,,Active,4262,"Property in good standing",142689,67562969ab941cb6546396299,Bob,DeLange,,,,
1,"250 Doral Way",6206206002,"250 Doral Way",,"Colorado Springs",Colorado,80921,,Active,4262,"Property in good standing",142524,90960e99d46349e8785071382,"Duane E",Garrett,,95,2010-07-15,
1,"320 Rangely Dr",6131401009,"320 Rangely Dr",,"Colorado Springs",Colorado,80921,,Active,4270,"Property Dues Delinquent",142946,730689230e052ec5333803799,Jonathan,Wingate,,,,
1,"415 Palm Springs Way",6131402029,"415 Palm Springs Way",,"Colorado Springs",Colorado,80921,,Active,4262,"Property in good standing",142927,66860e99d588e58a430596279,Paul,Homan,,571,2006-12-07,
1,"280 Pauma Valley Dr",6131302025,"280 Pauma Valley Dr",,"Colorado Springs",Colorado,80921,,Active,4262,"Property in good standing",142698,611641a0423f2f38923108336,"Doug and Patsy",Henderson,,,,
1,"355 Doral Way",6206104013,"355 Doral Way",,"Colorado Springs",Colorado,80921,,Active,4262,"Property in good standing",142535,30460e99d46a3813826554983,Steve,Rabey,,106,1993-05-25,
1,"855 Wuthering Heights Dr",6131110058,"855 Wuthering Heights Dr",,"Colorado Springs",Colorado,80921,,Active,4270,"Property Dues Delinquent",143019,99860e99d5ca44e4039880540,Dan,Porreco,,,,
1,"434 Torrey Pines Way",6131402006,"434 Torrey Pines Way",,"Colorado Springs",Colorado,80921,,Active,4262,"Property in good standing",142939,62160e99d590dca0475589783,Robert,Lewis,,,,
1,"55 Pauma Valley Dr",6131303009,"55 Pauma Valley Dr",,"Colorado Springs",Colorado,80921,,Active,4262,"Property in good standing",142707,7426a55c2cfd5ad6699501117,Michele,Adair,,,,
1,"14210 Gleneagle Dr",6206103010,"14210 Gleneagle Dr",,"Colorado Springs",Colorado,80921,,Active,4262,"Property in good standing",142544,13460e99d4708374285506874,Rebecca,Gruber,,118,2009-10-01,
1,"14745 Cherry Hills Place",6131404011,"14745 Cherry Hills Place",,"Colorado Springs",Colorado,80921,,Active,4262,"Property in good standing",142762,18260e99d51066cb373548469,Shayn,Hawthorne,,378,1999-01-20,
1,"345 Rangely Dr",6131402015,"345 Rangely Dr",,"Colorado Springs",Colorado,80921,,Active,4262,"Property in good standing",142949,52068e317eb7bd99833106663,Stephanie,Rouire,,,,
1,"205 Pauma Valley Dr",6131303004,"205 Pauma Valley Dr",,"Colorado Springs",Colorado,80921,,Active,4262,"Property in good standing",142716,57668ffc9d591e52906280047,george,hensen,,,,
1,"14247 Gleneagle Dr",6206104027,"14247 Gleneagle Dr",,"Colorado Springs",Colorado,80921,,Active,4262,"Property in good standing",142553,60760e99d476b06b147679318,,,"Good Home Renovation LLC",,,
1,"325 Palm Springs Dr",6131404006,"325 Palm Springs Dr",,"Colorado Springs",Colorado,80921,,Active,4262,"Property in good standing",142771,82160e99d5160435469697369,"Cory J",Middel,,390,2017-08-29,
1,"540 Rangely Dr",6131401002,"540 Rangely Dr",,"Colorado Springs",Colorado,80921,,Active,4262,"Property in good standing",142960,180641af3772e4db546210142,David,Cross,,,,
1,"75 Palm Springs Dr",6131404002,"75 Palm Springs Dr",,"Colorado Springs",Colorado,80921,,Active,4262,"Property in good standing",142725,85360e99d4f2ad37597942638,Andrew,Czyl,,,,
1,"14135 Candlewood Court",6206104005,"14135 Candlewood Court",,"Colorado Springs",Colorado,80921,,Active,4262,"Property in good standing",142562,24660e99d47c7bc1263163691,Westfall,Elisabeth,,,,
1,"280 Desert Inn Way",6131403009,"280 Desert Inn Way",,"Colorado Springs",Colorado,80921,,Active,4262,"Property in good standing",142783,96960e99d51db4a3379950301,Robert,McCoy,,,,
1,"650 Wuthering Heights Dr",6131103104,"650 Wuthering Heights Dr",,"Colorado Springs",Colorado,80921,,Active,4262,"Property in good standing",142972,26561702f87b2862819295540,Elna,Asuncion,,,,
1,"170 Palm Springs Dr",6131301009,"170 Palm Springs Dr",,"Colorado Springs",Colorado,80921,,Active,4262,"Property in good standing",142736,84760e99d4fc2849203989821,Scott,Lindner,,348,2020-01-13,
1,"270 Rangely Dr",6131307024,"270 Rangely Dr",,"Colorado Springs",Colorado,80921,,Active,4262,"Property in good standing",142796,2856186ce1d6911b348625277,Josh,Forstedt,,,,
1,"14190 Candlewood Court",6206104028,"14190 Candlewood Court",,"Colorado Springs",Colorado,80921,,Active,4262,"Property in good standing",142568,70260e99d481555c741576068,John,Gonge,,146,1973-01-01,
1,"710 Wuthering Heights Dr",6131103107,"710 Wuthering Heights Dr",,"Colorado Springs",Colorado,80921,,Active,4262,"Property in good standing",142987,17061d209e0a3a3d335418999,Sara,Dazey,,,,
1,"230 Cherry Hills Way",6131302034,"230 Cherry Hills Way",,"Colorado Springs",Colorado,80921,,Active,4262,"Property in good standing",142748,47560e99d505baf5202922704,Denny,Middel,,,,
1,"120 Rangely Dr",6131309017,"120 Rangely Dr",,"Colorado Springs",Colorado,80921,,Active,4262,"Property in good standing",142807,91760e99d531937b508074183,Lauren,Scharff,,432,2009-05-04,
1,"14430 Bermuda Dunes Way",6206203004,"14430 Bermuda Dunes Way",,"Colorado Springs",Colorado,80921,,Active,4262,"Property in good standing",142579,86860e99d488f9ef871610100,Amy,Rydland,,160,2019-12-31,
1,"810 Wuthering Heights Dr",6131103057,"810 Wuthering Heights Dr",,"Colorado Springs",Colorado,80921,,Active,4262,"Property in good standing",142998,75960e99d5bb587f849717298,Benjamin,Custalow,,,,
1,"20 Desert Inn Way",6131307026,"20 Desert Inn Way",,"Colorado Springs",Colorado,80921,,Active,4262,"Property in good standing",142817,75660e99d5380d3b609197391,Scott,Goodale,,445,2006-02-07,
1,"14570 Bermuda Dunes Way",6131308044,"14570 Bermuda Dunes Way",,"Colorado Springs",Colorado,80921,,Active,4262,"Property in good standing",142590,66060e99d491721c357044094,William,Carver,,,,
1,"655 Rembrandt Court",6131103098,"655 Rembrandt Court",,"Colorado Springs",Colorado,80921,,Active,4262,"Property in good standing",143007,2736894a39fc5bd8123049278,Jane,Brock,,,,
1,"13940 Westchester Dr",6206301008,"13940 Westchester Dr",,"Colorado Springs",Colorado,80921,,Active,4262,"Property in good standing",143084,45064d2a91bbd71f955876798,"Dr. Morgan",Summers,,,,
1,"115 Desert Inn Way",6131309024,"115 Desert Inn Way",,"Colorado Springs",Colorado,80921,,Active,4262,"Property in good standing",142827,50260e99d53db77d723101092,Michael,Milner,,455,2002-02-08,
1,"14540 Westchester Dr",6131304011,"14540 Westchester Dr",,"Colorado Springs",Colorado,80921,,Active,4262,"Property in good standing",142601,72460e99d498d29a558427423,"Jevita Ruchira",Rogers,,,,
1,"850 Wuthering Heights Dr",6131103061,"850 Wuthering Heights Dr",,"Colorado Springs",Colorado,80921,,Active,4262,"Property in good standing",143018,8246122994691339963985290,Nathaniel,Reveley,,,,
1,"65 Doral Way",6206104012,"65 Doral Way",,"Colorado Springs",Colorado,80921,,Active,4262,"Property in good standing",143097,88860e99d602ce22632513613,Thomas,McDorman,,,,
1,"210 Desert Inn Way",6131307022,"210 Desert Inn Way",,"Colorado Springs",Colorado,80921,,Active,4262,"Property in good standing",142837,13260e99d5451ce4535491703,"Mark H.",MacAlester,,465,2019-02-07,
1,"14585 Westchester Dr",6131303014,"14585 Westchester Dr",,"Colorado Springs",Colorado,80921,,Active,4262,"Property in good standing",142614,31960e99d4a2e478872301810,Curtis,Malfeld,,,,
1,"13985 Westchester Dr",6206302003,"13985 Westchester Dr",,"Colorado Springs",Colorado,80921,,Active,4262,"Property in good standing",142444,12560e99d428a749825746808,Erik,Cummings,,,,
1,"920 Wuthering Heights Dr",6131103066,"920 Wuthering Heights Dr",,"Colorado Springs",Colorado,80921,,Active,4262,"Property in good standing",143029,45460e99d5d2e188991009970,Joe,Stevens,,689,2000-08-04,
1,"14255 Gleneagle Dr",6206104051,"14255 Gleneagle Dr",,"Colorado Springs",Colorado,80921,,Active,4262,"Property in good standing",143104,78460e99d607829a970347001,Clifford,Lee,,776,2018-04-02,
1,"15026 LaJolla Place",,"15026 LaJolla Place",,"Colorado Springs",Colorado,80921,,Active,4262,"Property in good standing",142846,138642f18be45b12561858291,Heidi,Benoit,,,,
1,"14450 River Oaks Dr",6206201015,"14450 River Oaks Dr",,"Colorado Springs",Colorado,80921,,Active,4262,"Property in good standing",142625,77360e99d4aabf74159241864,Raymond,Micklewright,,,,
1,"14115 Westchester Dr",6206201034,"14115 Westchester Dr",,"Colorado Springs",Colorado,80921,,Active,4262,"Property in good standing",142454,67260e99d4314ccf447233272,Mike,Morrissey,,13,1993-09-29,
1,"415 Picasso Court",6131103079,"415 Picasso Court",,"Colorado Springs",Colorado,80921,,Active,4262,"Property in good standing",143037,63660e99d5d6cb2e992894169,Kyle,Berg,,700,2015-07-21,
1,"14345 Spyglass Hill Pl",6206201117,"14345 Spyglass Hill Pl",,"Colorado Springs",Colorado,80921,,Active,4262,"Property in good standing",143116,53260e99d60d67af641976559,"Robert L",Renner,,,,
1,"145 Wuthering Heights Dr",6131209020,"145 Wuthering Heights Dr",,"Colorado Springs",Colorado,80921,,Active,4262,"Property in good standing",142857,80660e99d5547557694470533,Richard,Baker,,,,
1,"14515 River Oaks Dr",6131305001,"14515 River Oaks Dr",,"Colorado Springs",Colorado,80921,,Active,4262,"Property in good standing",142633,98660e99d4b0ec36637087242,Thomas,Smith,,,,
1,"14230 Westchester Dr",6206204007,"14230 Westchester Dr",,"Colorado Springs",Colorado,80921,,Active,4262,"Property in good standing",142465,43760e99d4384c56081217984,Randy,Brockett,,,,
1,"455 Picasso Court",6131103075,"455 Picasso Court",,"Colorado Springs",Colorado,80921,,Active,4262,"Property in good standing",143045,58660e99d5dc7844781394497,Carl,Anderson,,,,
1,"351 Silver Rock Pl",6206103052,"351 Silver Rock Pl",,"Colorado Springs",Colorado,80921,,Active,4262,"Property in good standing",143127,55260e99d6140063666558866,"Al Christopher",Brown,,,,
1,"180 Wuthering Heights Dr",6131206074,"180 Wuthering Heights Dr",,"Colorado Springs",Colorado,80921,,Active,4262,"Property in good standing",142865,2416161ec23a980f958477472,Kevin,Hall,,,,
1,"14560 River Oaks Dr",6131303033,"14560 River Oaks Dr",,"Colorado Springs",Colorado,80921,,Active,4262,"Property in good standing",142643,35261644b9843996754349273,Jennifer,Hulan,,6131303033,2021-11-12,
1,"205 Scottsdale Dr",6206204001,"205 Scottsdale Dr",,"Colorado Springs",Colorado,80921,,Active,4262,"Property in good standing",142476,4826101d848acdaa971919260,"Ashley E",Hobel,ashley.molchany@gmail.com,,,
1,"345 Wuthering Heights Dr",6131104009,"345 Wuthering Heights Dr",,"Colorado Springs",Colorado,80921,,Active,4262,"Property in good standing",143056,80460e99d5e42abd574931639,Edward,Guthrie,,,,
1,"14160 Stone Eagle Place",6206201127,"14160 Stone Eagle Place",,"Colorado Springs",Colorado,80921,,Active,4262,"Property in good standing",143139,20760e99d618fd23312357400,Mimi,Shekoski,,,,
1,"260 Wuthering Heights Dr",6131206081,"260 Wuthering Heights Dr",,"Colorado Springs",Colorado,80921,,Active,4262,"Property in good standing",142875,41860e99d563420f443723092,"George Dr",Mastroianni,,,,
1,"14635 River Oaks Dr",6131306004,"14635 River Oaks Dr",,"Colorado Springs",Colorado,80921,,Active,4262,"Property in good standing",142654,43668a11ca1a6b05012833600,Jared,Dumke,,,,
1,"58 Huntington Beach Dr",6206201050,"58 Huntington Beach Dr",,"Colorado Springs",Colorado,80921,,Active,4262,"Property in good standing",142483,90860e99d445f586533532605,John,Suits,,,,
1,"440 Wuthering Heights Dr",6131103082,"440 Wuthering Heights Dr",,"Colorado Springs",Colorado,80921,,Active,4262,"Property in good standing",143063,83260e99d5e8e3e4261563591,Jacob,Stuart,,729,2010-01-28,
1,"310 Doral Way",6206104019,"310 Doral Way",,"Colorado Springs",Colorado,80921,,Active,4270,"Property Dues Delinquent",142531,67960e99d467a965829087764,Ryan,Stout,,102,2016-06-08,
1,"14585 Gleneagle Dr",6131406006,"14585 Gleneagle Dr",,"Colorado Springs",Colorado,80921,,Active,4262,"Property in good standing",142888,14460e99d56c08f8398505093,Stuart,Sims,,,,
1,"160 Mission Hill Way",6206201083,"160 Mission Hill Way",,"Colorado Springs",Colorado,80921,,Active,4262,"Property in good standing",142661,74760e99d4c66577512926529,Beth,Allen,,255,2007-03-01,
1,"150 Huntington Beach Dr",6206201057,"150 Huntington Beach Dr",,"Colorado Springs",Colorado,80921,,Active,4262,"Property in good standing",142493,46760e99d44c5203817121620,Elizabeth,Tansill,,58,1999-12-08,
1,"15005 Hilton Head Court",6131104017,"15005 Hilton Head Court",,"Colorado Springs",Colorado,80921,,Active,4262,"Property in good standing",143072,46660e99d5eebfe5349997436,Duane,Slaman,,,,
1,"520 Mission Hill Way",6206101003,"520 Mission Hill Way",,"Colorado Springs",Colorado,80921,,Active,4270,"Property Dues Delinquent",142692,304617b19a3bfef2484237674,Yolinda,Miller,,,,
1,"14660 Latrobe Dr",6131406021,"14660 Latrobe Dr",,"Colorado Springs",Colorado,80921,,Active,4262,"Property in good standing",142898,49761afc727d3ca0990853141,Danica,Alter,,,2021-11-23,
1,"14520 Latrobe Dr",6131406011,"14520 Latrobe Dr",,"Colorado Springs",Colorado,80921,,Active,4262,"Property in good standing",142671,84160e99d4cd0eaf892274530,Mary,Obenauf,,,,
1,"14065 Gleneagle Dr",6206205004,"14065 Gleneagle Dr",,"Colorado Springs",Colorado,80921,,Active,4262,"Property in good standing",142505,67261a52c00596df269524713,Evan,Petersen,,,,
1,"13925 Westchester Dr",6206301003,"13925 Westchester Dr",,"Colorado Springs",Colorado,80921,,Active,4262,"Property in good standing",143081,60560e99d5f565ba039546697,Petr,Chocholaty,,,,
1,"350 Cherry Hills Way",6131404014,"350 Cherry Hills Way",,"Colorado Springs",Colorado,80921,,Active,4270,"Property Dues Delinquent",142758,22860e99d50c381e131765380,Dave,Powell,,,,
1,"14750 Latrobe Court",6131402034,"14750 Latrobe Court",,"Colorado Springs",Colorado,80921,,Active,4262,"Property in good standing",142908,99161ae09cb5a9e9865026946,William,Ross,,,,
1,"14575 Latrobe Dr",6131402063,"14575 Latrobe Dr",,"Colorado Springs",Colorado,80921,,Active,4262,"Property in good standing",142682,38760e99d4d3e07c001298195,Michael,Rosas,,,,
1,"135 Doral Way",6206205012,"135 Doral Way",,"Colorado Springs",Colorado,80921,,Active,4262,"Property in good standing",142517,46360e99d45df9e0017543671,Dora,Couch,,88,2001-04-16,
1,"14785 Latrobe Dr",6131402033,"14785 Latrobe Dr",,"Colorado Springs",Colorado,80921,,Active,4270,"Property Dues Delinquent",142907,46860e99d57b47d4795452708,Theodore,Smith,,547,2019-11-15,
1,"14770 Gleneagle Dr",6131404018,"14770 Gleneagle Dr",,"Colorado Springs",Colorado,80921,,Active,4262,"Property in good standing",142921,88860e99d5857a63444474950,"Scott A.",Burroughs,,562,2018-06-22,
1,"550 Mission Hill Way",6206101002,"550 Mission Hill Way",,"Colorado Springs",Colorado,80921,,Active,4262,"Property in good standing",142693,32160e99d4db3674289503038,John,Burroughs,,293,2020-05-01,
1,"270 Doral Way",6206206001,"270 Doral Way",,"Colorado Springs",Colorado,80921,,Active,4262,"Property in good standing",142527,6356168a2a090ef1020366905,Kathy,Schierholz,,,,
1,"15255 Renoir Place",6131101076,"15255 Renoir Place",,"Colorado Springs",Colorado,80921,,Active,4270,"Property Dues Delinquent",142980,95460e99d5aecfa0752494925,Michael,OConnor,,,,
1,"480 Palm Springs Way",6131402023,"480 Palm Springs Way",,"Colorado Springs",Colorado,80921,,Active,4262,"Property in good standing",142933,61760e99d58becdd801748555,Allen,Huckins,,,,
1,"350 Pauma Valley Dr",6131302028,"350 Pauma Valley Dr",,"Colorado Springs",Colorado,80921,,Active,4262,"Property in good standing",142703,15262d165c178876150654992,Jerome,Simpson,,,,
1,"14150 Gleneagle Dr",6206201071,"14150 Gleneagle Dr",,"Colorado Springs",Colorado,80921,,Active,4262,"Property in good standing",142538,992632368c5a573c514018473,Ed,Toner,,,,
1,"25 Huntington Beach Dr",6206201065,"25 Huntington Beach Dr",,"Colorado Springs",Colorado,80921,,Active,4270,"Property Dues Delinquent",143088,65464064136398f1252540650,Nicholas,Wall,,,,
1,"14915 Gleneagle Dr",6131402011,"14915 Gleneagle Dr",,"Colorado Springs",Colorado,80921,,Active,4262,"Property in good standing",142943,7536839f67db5ab8346322877,ben,kingsley,,,,
1,"125 Pauma Valley Dr",6131303060,"125 Pauma Valley Dr",,"Colorado Springs",Colorado,80921,,Active,4262,"Property in good standing",142712,24560e99d4e99c07722169687,Kevin,Kalbfleisch,,,,
1,"14225 Gleneagle Dr",6206104023,"14225 Gleneagle Dr",,"Colorado Springs",Colorado,80921,,Active,4262,"Property in good standing",142547,23560e99d472612d305744014,Carl,Nolt,,121,2014-07-23,
1,"14755 Cherry Hills Place",6131404010,"14755 Cherry Hills Place",,"Colorado Springs",Colorado,80921,,Active,4262,"Property in good standing",142764,70660e99d511acf3052263215,Mike,Karin,,380,2003-03-25,
1,"415 Rangely Dr",6131402017,"415 Rangely Dr",,"Colorado Springs",Colorado,80921,,Active,4262,"Property in good standing",142953,11860e99d59aa8e9871711578,"Justin S",Laurie,,,,
1,"30 Palm Springs Dr",6131301034,"30 Palm Springs Dr",,"Colorado Springs",Colorado,80921,,Active,4262,"Property in good standing",142720,18660e99d4ef2933600099403,Rick,Stevens,,329,2019-07-22,
1,"14250 Gleneagle Dr",6206103006,"14250 Gleneagle Dr",,"Colorado Springs",Colorado,80921,,Active,4262,"Property in good standing",142554,61860e99d47783c5568610108,Ralph,Clark,,128,1997-04-25,
1,"345 Palm Springs Dr",6131404004,"345 Palm Springs Dr",,"Colorado Springs",Colorado,80921,,Active,4262,"Property in good standing",142774,53060e99d5181ae1440217073,James,Robinson,,393,2011-10-28,
1,"15070 Fishers Lane",6131401013,"15070 Fishers Lane",,"Colorado Springs",Colorado,80921,,Active,4262,"Property in good standing",142963,40760e99d5a2a0d6239146605,Mark,Rader,,,,
1,"110 Palm Springs Dr",6131301013,"110 Palm Springs Dr",,"Colorado Springs",Colorado,80921,,Active,4262,"Property in good standing",142728,79560e99d4f53d57227280785,"Alvin Edward",Jarrell,,,,
1,"14155 Candlewood Court",6206104004,"14155 Candlewood Court",,"Colorado Springs",Colorado,80921,,Active,4262,"Property in good standing",142564,11060e99d47e2076358560478,"Chaney Lee",Ferguson,,,,
1,"175 Rangely Dr",6131301028,"175 Rangely Dr",,"Colorado Springs",Colorado,80921,,Active,4262,"Property in good standing",142788,67960e99d5230ff8695121232,"Walter J",Steppenbacker,,410,2016-12-05,
1,"15230 Renoir Place",6131101103,"15230 Renoir Place",,"Colorado Springs",Colorado,80921,,Active,4262,"Property in good standing",142976,55360e99d5ab6f4e865113976,"Christopher C",Huxtable,,,,
1,"220 Palm Springs Dr",6131301035,"220 Palm Springs Dr",,"Colorado Springs",Colorado,80921,,Active,4262,"Property in good standing",142740,30160e99d50027b7561663880,Jack,Schuler,,,,
1,"40 Rangely Dr",6131309018,"40 Rangely Dr",,"Colorado Springs",Colorado,80921,,Active,4262,"Property in good standing",142801,36260e99d52cfa38980816268,Tyler,Duncan,,426,2020-08-17,
1,"210 Scottsdale Dr",6206203005,"210 Scottsdale Dr",,"Colorado Springs",Colorado,80921,,Active,4262,"Property in good standing",142572,603614760380e380939822389,William,Smith,,,2021-08-05,
1,"745 Wuthering Heights Dr",6131101071,"745 Wuthering Heights Dr",,"Colorado Springs",Colorado,80921,,Active,4262,"Property in good standing",142992,46860e99d5b7280c130785866,Todd,Seidenberg,,,,
1,"240 Cherry Hills Way",6131302035,"240 Cherry Hills Way",,"Colorado Springs",Colorado,80921,,Active,4262,"Property in good standing",142750,68368ab95ba36676570990971,Edward,Aguilar,,,,
1,"35 Wuthering Heights Dr",6131104005,"35 Wuthering Heights Dr",,"Colorado Springs",Colorado,80921,,Active,4262,"Property in good standing",142811,495613a2b8bb3981953110467,Charles,Cothern,,,,
1,"14475 Bermuda Dunes Way",6206202004,"14475 Bermuda Dunes Way",,"Colorado Springs",Colorado,80921,,Active,4262,"Property in good standing",142582,24964d0002d97431394842899,Thomas,Mckeon,,,,
1,"620 Rembrandt Court",6131103088,"620 Rembrandt Court",,"Colorado Springs",Colorado,80921,,Active,4262,"Property in good standing",143001,69160e99d5bd824f354811029,Mike,Upham,,658,1993-05-28,
1,"50 Desert Inn Way",6131307008,"50 Desert Inn Way",,"Colorado Springs",Colorado,80921,,Active,4262,"Property in good standing",142821,23560e99d53a3f86928288774,Yvonne,Gricius,"Major Gricius Family Trust",449,2020-11-25,
1,"14490 Westchester Dr",6131304016,"14490 Westchester Dr",,"Colorado Springs",Colorado,80921,,Active,4262,"Property in good standing",142595,70860e99d4948ac0064466096,"Andrea R",Riley,,,,
1,"675 Rembrandt Court",6131103096,"675 Rembrandt Court",,"Colorado Springs",Colorado,80921,,Active,4262,"Property in good standing",143011,65060e99d5c5871e848593403,Frank,Owens,,668,1988-03-07,
1,"14015 Gleneagle Dr",6206301220,"14015 Gleneagle Dr",,"Colorado Springs",Colorado,80921,,Active,4262,"Property in good standing",143090,90760e99d5fc4e90417973337,John,Veautour,,,,
1,"135 Desert Inn Way",6131309025,"135 Desert Inn Way",,"Colorado Springs",Colorado,80921,,Active,4262,"Property in good standing",142829,8156a8f80e064937596698719,Cosmo,Solano,,,,
1,"14557 Westchester Dr",6131303024,"14557 Westchester Dr",,"Colorado Springs",Colorado,80921,,Active,4262,"Property in good standing",142605,18060e99d49b7353728455550,Stacy,Goff,,,,
1,"870 Wuthering Heights Dr",6131103063,"870 Wuthering Heights Dr",,"Colorado Springs",Colorado,80921,,Active,4262,"Property in good standing",143022,66360e99d5cc8160729315898,Theresa,Bighash,,,,
1,"14155 Gleneagle Dr",6206206007,"14155 Gleneagle Dr",,"Colorado Springs",Colorado,80921,,Active,4262,"Property in good standing",143099,39360e99d6048050844831153,Bruce,Litchfield,,771,2018-04-24,
1,"15002 LaJolla Place",,"15002 LaJolla Place",,"Colorado Springs",Colorado,80921,,Active,4262,"Property in good standing",142839,96960e99d545f711382699346,Gregory,Koenig,,,,
1,"14595 Westchester Dr",6131303057,"14595 Westchester Dr",,"Colorado Springs",Colorado,80921,,Active,4262,"Property in good standing",142616,72064e2beca0e96c087795722,Christy,Tennant,,,,
1,"14015 Westchester Dr",6206201039,"14015 Westchester Dr",,"Colorado Springs",Colorado,80921,,Active,4262,"Property in good standing",142447,46360e99d42bb197243563405,,,"COS RE VENTURES 2 LLC",,,
1,"925 Wuthering Heights Dr",6131110052,"925 Wuthering Heights Dr",,"Colorado Springs",Colorado,80921,,Active,4262,"Property in good standing",143030,2236a04910a6abb3442243282,Thomas,Rowley,,,,
1,"375 Mission Hill Way",6206103059,"375 Mission Hill Way",,"Colorado Springs",Colorado,80921,,Active,4262,"Property in good standing",143109,7916243a13e97550267417994,Cristen,Shinbashi,,,,
1,"15042 LaJolla Place",,"15042 LaJolla Place",,"Colorado Springs",Colorado,80921,,Active,4262,"Property in good standing",142850,77060e99d54ee40e688418792,Jennifer,Schmidt,,481,2012-12-19,
1,"14460 River Oaks Dr",6206201016,"14460 River Oaks Dr",,"Colorado Springs",Colorado,80921,,Active,4262,"Property in good standing",142626,5856a579e2801d00605462026,Debbie,Redmond,,,,
1,"14155 Westchester Dr",6206201032,"14155 Westchester Dr",,"Colorado Springs",Colorado,80921,,Active,4262,"Property in good standing",142458,26460e99d4338883431905886,Aaron,Lade,,20,2014-08-29,
1,"435 Picasso Court",6131103077,"435 Picasso Court",,"Colorado Springs",Colorado,80921,,Active,4262,"Property in good standing",143041,39660e99d5d96831312178194,Ruth,Moore,,704,1991-07-22,
1,"14372 Spyglass Hill Pl",6206201110,"14372 Spyglass Hill Pl",,"Colorado Springs",Colorado,80921,,Active,4262,"Property in good standing",143119,9686101c60001beb981815746,Julie,Christian,"Wisdom and Integrity",,,
1,"130 Wuthering Heights Dr",6131206069,"130 Wuthering Heights Dr",,"Colorado Springs",Colorado,80921,,Active,4262,"Property in good standing",142860,71360e99d557562b382143661,Patrick,Stanley,,,,
1,"14527 River Oaks Dr",6206201003,"14527 River Oaks Dr",,"Colorado Springs",Colorado,80921,,Active,4262,"Property in good standing",142636,8416abb58741b5bb291452089,River,Outlaw,,,,
1,"14280 Westchester Dr",6206204005,"14280 Westchester Dr",,"Colorado Springs",Colorado,80921,,Active,4262,"Property in good standing",142469,85460e99d43b6273068132618,"Donna K.",Browne,,31,2018-05-15,
1,"955 Wuthering Heights Dr",6131106018,"955 Wuthering Heights Dr",,"Colorado Springs",Colorado,80921,,Active,4262,"Property in good standing",143048,83860e99d537a3fa934645472,"Mark H.",Schaible,,,,
1,"5 Rangely Dr",6131301030,"5 Rangely Dr",,"Colorado Springs",Colorado,80921,,Active,4262,"Property in good standing",143131,495613a2b8bb3981953110467,Charles,Cothern,,,,
1,"235 Wuthering Heights Dr",6131209005,"235 Wuthering Heights Dr",,"Colorado Springs",Colorado,80921,,Active,4262,"Property in good standing",142870,98360e99d56010dd537589027,Richard,Olson,,504,1988-06-07,
1,"14585 River Oaks Dr",6131306009,"14585 River Oaks Dr",,"Colorado Springs",Colorado,80921,,Active,4262,"Property in good standing",142647,43660e99d4bb5ca1297230142,Gene,Miranda,,,,
1,"215 Scottsdale Dr",6206204002,"215 Scottsdale Dr",,"Colorado Springs",Colorado,80921,,Active,4262,"Property in good standing",142477,16468a36677e66ad486630469,Olivia,Aaron,,,,
1,"385 Wuthering Heights Dr",6131104007,"385 Wuthering Heights Dr",,"Colorado Springs",Colorado,80921,,Active,4262,"Property in good standing",143059,48160e99d5e63bf5545930441,Michael,Dudas,,725,2005-06-28,
1,"14173 Stone Eagle Place",6206201130,"14173 Stone Eagle Place",,"Colorado Springs",Colorado,80921,,Active,4262,"Property in good standing",143142,94162280ac69b560356357424,Dawn,Krupa,,,2022-01-01,
1,"15125 Thornbird Ct",6131206088,"15125 Thornbird Ct",,"Colorado Springs",Colorado,80921,,Active,4262,"Property in good standing",142879,45860e99d565ec0f773147880,Max,Cameron,,,,
1,"115 Mission Hill Way",6206201080,"115 Mission Hill Way",,"Colorado Springs",Colorado,80921,,Active,4262,"Property in good standing",142656,6916434710e1e755765631946,Steven,Parker,,,,
1,"90 Huntington Beach Dr",6206201060,"90 Huntington Beach Dr",,"Colorado Springs",Colorado,80921,,Active,4262,"Property in good standing",142487,17160e99d448e9e2153775241,Gregg,Singer,,,,
1,"475 Wuthering Heights Dr",6131104003,"475 Wuthering Heights Dr",,"Colorado Springs",Colorado,80921,,Active,4262,"Property in good standing",143066,73460e99d5eaf953715870758,Joel,Sharratt,,732,2012-03-22,
1,"14525 Bermuda Dunes Way",6131304008,"14525 Bermuda Dunes Way",,"Colorado Springs",Colorado,80921,,Active,4270,"Property Dues Delinquent",142585,34160e99d48cced9029590264,John,Nelson,,,,
1,"425 Cherry Hills Way",6131406004,"425 Cherry Hills Way",,"Colorado Springs",Colorado,80921,,Active,4262,"Property in good standing",142891,74460e99d56e2009600668942,Marty,Stoehr,,,,
1,"210 Mission Hill Way",6206201104,"210 Mission Hill Way",,"Colorado Springs",Colorado,80921,,Active,4262,"Property in good standing",142665,61661cf881598637082990268,Dane,Dewberrry,,,2021-12-23,
1,"190 Huntington Beach Dr",6206201060,"190 Huntington Beach Dr",,"Colorado Springs",Colorado,80921,,Active,4262,"Property in good standing",142498,83760e99d44ee1b1462525357,Kevin,Schutz,,63,,
1,"15020 Hilton Head Court",6131104013,"15020 Hilton Head Court",,"Colorado Springs",Colorado,80921,,Active,4262,"Property in good standing",143075,94660e99d5f198c3633230563,Sonu,Verghese,,,,
1,"120 Pauma Valley Dr",6131302017,"120 Pauma Valley Dr",,"Colorado Springs",Colorado,80921,,Active,4270,"Property Dues Delinquent",142711,56260e99d4e92c82136901291,Vincent,Jenkins,,317,2009-05-26,
1,"14695 Latrobe Dr",6131402044,"14695 Latrobe Dr",,"Colorado Springs",Colorado,80921,,Active,4262,"Property in good standing",142901,25460e99d5769b83628154101,John,Puffenbarger,,,,
1,"14532 Latrobe Dr",6131406014,"14532 Latrobe Dr",,"Colorado Springs",Colorado,80921,,Active,4262,"Property in good standing",142675,50760e99d4d00002790533795,Shane,Ferguson,,275,2013-05-30,
1,"14085 Gleneagle Dr",6206205002,"14085 Gleneagle Dr",,"Colorado Springs",Colorado,80921,,Active,4262,"Property in good standing",142509,30860e99d457fc94403287049,Christopher,Doniec,,,,
1,"20 Rangely Dr",6131401009,"20 Rangely Dr",,"Colorado Springs",Colorado,80921,,Active,4270,"Property Dues Delinquent",142799,76760e99d52b4670157226028,Craig,Trask,,,,
1,"14797 Latrobe Court",6131402038,"14797 Latrobe Court",,"Colorado Springs",Colorado,80921,,Active,4262,"Property in good standing",142914,96660e99d580c245772418072,Kent,Miller,,,,
1,"14615 Latrobe Dr",6131402048,"14615 Latrobe Dr",,"Colorado Springs",Colorado,80921,,Active,4262,"Property in good standing",142684,516622d3730bbf12739054700,Gary,Sheffield,,,,
1,"210 Doral Way",6206206004,"210 Doral Way",,"Colorado Springs",Colorado,80921,,Active,4262,"Property in good standing",142520,65360e99d4607c90883323827,Robert,Bartron,,,,
1,"475 Palm Springs Way",6131402026,"475 Palm Springs Way",,"Colorado Springs",Colorado,80921,,Active,4270,"Property Dues Delinquent",142932,12760e99d58b7cfe341989842,"Douglas L.",Hahn,,576,2005-08-31,
1,"14825 Gleneagle Dr",6131402031,"14825 Gleneagle Dr",,"Colorado Springs",Colorado,80921,,Active,4262,"Property in good standing",142924,40060e99d58726e3084091105,"Howard L",Pflugh,lisapflugh@gmail.com,,,
1,"260 Pauma Valley Dr",6131302024,"260 Pauma Valley Dr",,"Colorado Springs",Colorado,80921,,Active,4262,"Property in good standing",142697,39160e99d4de2d9a405725016,Keith,Williams,,,,
1,"305 Doral Way",6206104016,"305 Doral Way",,"Colorado Springs",Colorado,80921,,Active,4262,"Property in good standing",142530,39160e99d4673855537197388,David,Langlois,,101,2012-06-14,
1,"815 Wuthering Heights Dr",6131101104,"815 Wuthering Heights Dr",,"Colorado Springs",Colorado,80921,,Active,4270,"Property Dues Delinquent",142999,31360e99d5bc2699817087206,Doug,Bowman,,,,
1,"490 Palm Springs Way",6131402024,"490 Palm Springs Way",,"Colorado Springs",Colorado,80921,,Active,4262,"Property in good standing",142935,28260e99d58d31e0978284855,Tara,Ambuul,,,,
1,"375 Pauma Valley Dr",6131408001,"375 Pauma Valley Dr",,"Colorado Springs",Colorado,80921,,Active,4262,"Property in good standing",142705,932693321b445cad825653169,Dakota,Burklund,,,,
1,"14180 Gleneagle Dr",6206103012,"14180 Gleneagle Dr",,"Colorado Springs",Colorado,80921,,Active,4262,"Property in good standing",142541,44760e99d46df484364276874,Henry,Mitchell,,115,1993-10-27,
1,"345 Cherry Hills Way",6131407001,"345 Cherry Hills Way",,"Colorado Springs",Colorado,80921,,Active,4262,"Property in good standing",142757,89068c21f4c17a14601572505,"Maria Leticia",Robel,,,,
1,"14386 Spyglass Hill Pl",6206201109,"14386 Spyglass Hill Pl",,"Colorado Springs",Colorado,80921,,Active,4270,"Property Dues Delinquent",143121,80565b46a6516a07051146179,Kimberly,Newton,,,,
1,"14945 Gleneagle Dr",6131402013,"14945 Gleneagle Dr",,"Colorado Springs",Colorado,80921,,Active,4262,"Property in good standing",142945,33768f1817cad441584336531,Greg,Penney,,,,
1,"150 Pauma Valley Dr",6131302020,"150 Pauma Valley Dr",,"Colorado Springs",Colorado,80921,,Active,4262,"Property in good standing",142715,34860e99d4eb5438565863097,Benjamin,Shanks,,321,2012-05-29,
1,"14239 Gleneagle Dr",6206104025,"14239 Gleneagle Dr",,"Colorado Springs",Colorado,80921,,Active,4262,"Property in good standing",142550,97960e99d47493b2760571959,Matthew,Oliver,,,,
1,"290 Palm Springs Dr",6131301001,"290 Palm Springs Dr",,"Colorado Springs",Colorado,80921,,Active,4262,"Property in good standing",142768,16260e99d513e2f5184339505,William,Hopkins,,,,
1,"450 Rangely Dr",6131401004,"450 Rangely Dr",,"Colorado Springs",Colorado,80921,,Active,4262,"Property in good standing",142956,34860e99d59d299b462967978,Ken,Mellott,,,,
1,"50 Palm Springs Dr",6131301004,"50 Palm Springs Dr",,"Colorado Springs",Colorado,80921,,Active,4262,"Property in good standing",142722,46760e99d4f0c5eb035035016,Darci,Strecker,,,,
1,"14115 Candlewood Court",6206104007,"14115 Candlewood Court",,"Colorado Springs",Colorado,80921,,Active,4262,"Property in good standing",142558,16060e99d479fe4c664271061,John,Morrison,,,,
1,"385 Palm Springs Dr",6131404020,"385 Palm Springs Dr",,"Colorado Springs",Colorado,80921,,Active,4262,"Property in good standing",142779,4516169f9be7a188392549296,Armando,Lucero,,,2021-10-04,
1,"620 Wuthering Heights Dr",6131103102,"620 Wuthering Heights Dr",,"Colorado Springs",Colorado,80921,,Active,4262,"Property in good standing",142968,16460e99d5a5e6bd601619162,Jerry,Krueger,,,,
1,"140 Palm Springs Dr",6131301011,"140 Palm Springs Dr",,"Colorado Springs",Colorado,80921,,Active,4262,"Property in good standing",142733,73860e99d4f9d476126500176,Larry,Andrus,,345,1995-10-20,
1,"14175 Candlewood Court",6206104003,"14175 Candlewood Court",,"Colorado Springs",Colorado,80921,,Active,4262,"Property in good standing",142566,381622280f54a4d5742829754,Alexander,Taus,,,,
1,"225 Rangely Dr",6131301030,"225 Rangely Dr",,"Colorado Springs",Colorado,80921,,Active,4262,"Property in good standing",142792,12260e99d525a435306960443,Gary,Moe,,414,2002-09-27,
1,"15260 Renoir Place",6131101100,"15260 Renoir Place",,"Colorado Springs",Colorado,80921,,Active,4262,"Property in good standing",142981,98560e99d5b06c62600807563,"Barry G.",Zile,,634,2017-11-09,
1,"250 Palm Springs Dr",6131301004,"250 Palm Springs Dr",,"Colorado Springs",Colorado,80921,,Active,4262,"Property in good standing",142744,22260e99d503226a511852493,Rod,Kuharich,,357,1997-09-04,
1,"65 Rangely Dr",6131402016,"65 Rangely Dr",,"Colorado Springs",Colorado,80921,,Active,4262,"Property in good standing",142804,20060e99d52eac1c094328457,Jeff,Rhoda,,,,
1,"14425 Westchester Dr",6206201021,"14425 Westchester Dr",,"Colorado Springs",Colorado,80921,,Active,4262,"Property in good standing",142576,35460e99d4874791983234377,Edward,Jackson,,,,
1,"770 Wuthering Heights Dr",6131103056,"770 Wuthering Heights Dr",,"Colorado Springs",Colorado,80921,,Active,4262,"Property in good standing",142996,41960e99d5ba81bf918385545,,,"Dominy Properties Inc, a Colorado Corporation",650,1998-07-16,
1,"265 Cherry Hills Way",6131302030,"265 Cherry Hills Way",,"Colorado Springs",Colorado,80921,,Active,4262,"Property in good standing",142753,98064014e145f1ef632621364,Carol,Kujawa,,,,
1,"85 Wuthering Heights Dr",6131110055,"85 Wuthering Heights Dr",,"Colorado Springs",Colorado,80921,,Active,4262,"Property in good standing",142814,95262ee9a7438c57396381194,Barbara,Tise,,,,
1,"14530 Bermuda Dunes Way",6131308046,"14530 Bermuda Dunes Way",,"Colorado Springs",Colorado,80921,,Active,4262,"Property in good standing",142586,28960e99d48dab9e706149190,Brandon,Hunt,,168,2005-05-25,
1,"140 Wuthering Heights Dr",6131206070,"140 Wuthering Heights Dr",,"Colorado Springs",Colorado,80921,,Active,4262,"Property in good standing",142861,57760e99d5582f08500692823,Virginie,Cedotal,,495,2009-09-01,
1,"14539 River Oaks Dr",6131306013,"14539 River Oaks Dr",,"Colorado Springs",Colorado,80921,,Active,4262,"Property in good standing",142639,54260e99d4b4f593196827666,Amanda,Kennell,,,,
1,"14320 Westchester Dr",6206204004,"14320 Westchester Dr",,"Colorado Springs",Colorado,80921,,Active,4262,"Property in good standing",142471,24560e99d43cac59240119349,"Tom L",Simpson,,,,
1,"975 Wuthering Heights Dr",6131106020,"975 Wuthering Heights Dr",,"Colorado Springs",Colorado,80921,,Active,4262,"Property in good standing",143051,97660e99d5e116c5200252110,Dave,McCone,,714,1998-06-29,
1,"14112 Stone Eagle Place",6206201123,"14112 Stone Eagle Place",,"Colorado Springs",Colorado,80921,,Active,4262,"Property in good standing",143134,35961d0b74ca16a1932841502,Kenneth,Nieland,,,,
1,"245 Wuthering Heights Dr",6131209004,"245 Wuthering Heights Dr",,"Colorado Springs",Colorado,80921,,Active,4262,"Property in good standing",142872,28760e99d5617c87189196407,Mark,Worthington,,506,2020-04-27,
1,"14605 River Oaks Dr",6131306007,"14605 River Oaks Dr",,"Colorado Springs",Colorado,80921,,Active,4262,"Property in good standing",142650,8446101d3eb4deef262322819,Luke,Fulghum,,,,
1,"15 Huntington Beach Dr",6206201067,"15 Huntington Beach Dr",,"Colorado Springs",Colorado,80921,,Active,4262,"Property in good standing",142479,16161252829d6c9f613152523,Teresa,Cochran,,,,
1,"415 Wuthering Heights Dr",6131104006,"415 Wuthering Heights Dr",,"Colorado Springs",Colorado,80921,,Active,4262,"Property in good standing",143060,19465f2076f627fc435594425,Holly,Rupprecht,,,,
1,"14035 Westchester Dr",6206201038,"14035 Westchester Dr",,"Colorado Springs",Colorado,80921,,Active,4270,"Property Dues Delinquent",142448,68460e99d42c230c094694211,Floyd,Kerr,,,,
1,"15150 Thornbird Ct",6131206083,"15150 Thornbird Ct",,"Colorado Springs",Colorado,80921,,Active,4262,"Property in good standing",142881,83460e99d567a3ce456651115,Steve,Johnson,,,,
1,"125 Mission Hill Way",6206201079,"125 Mission Hill Way",,"Colorado Springs",Colorado,80921,,Active,4262,"Property in good standing",142658,45460e99d4c431e6758103171,Lance,Brown,,252,2018-03-01,
1,"110 Huntington Beach Dr",6206201055,"110 Huntington Beach Dr",,"Colorado Springs",Colorado,80921,,Active,4262,"Property in good standing",142489,29368dc15d80d2ae822173748,"Michael & Rebecca",O'Rourke,,,,
1,"505 Wuthering Heights Dr",6131104002,"505 Wuthering Heights Dr",,"Colorado Springs",Colorado,80921,,Active,4262,"Property in good standing",143068,776641779825b7f0646494684,Patricia,Kane,,,,
1,"14405 River Oaks Dr",6206201010,"14405 River Oaks Dr",,"Colorado Springs",Colorado,80921,,Active,4270,"Property Dues Delinquent",142617,32260e99d4a51d65972207264,Ron,Conder,,,,
1,"450 Cherry Hills Way",6131405009,"450 Cherry Hills Way",,"Colorado Springs",Colorado,80921,,Active,4262,"Property in good standing",142894,73060e99d570ee78663763950,Randy,Roozeboom,,531,1992-03-06,
1,"230 Mission Hill Way",6206201103,"230 Mission Hill Way",,"Colorado Springs",Colorado,80921,,Active,4262,"Property in good standing",142667,81460e99d4c9ddb5151457841,Thomas,Westfall,,,,
1,"14035 Gleneagle Dr",6206205007,"14035 Gleneagle Dr",,"Colorado Springs",Colorado,80921,,Active,4262,"Property in good standing",142500,83960e99d451448e667698117,Alice,Ward,,68,1991-08-23,
1,"15025 Hilton Head Court",6131104015,"15025 Hilton Head Court",,"Colorado Springs",Colorado,80921,,Active,4262,"Property in good standing",143076,31160e99d5f26c3f505823392,Michael,Bennett,,745,2005-06-27,
1,"40 Pauma Valley Dr",6131302042,"40 Pauma Valley Dr",,"Colorado Springs",Colorado,80921,,Active,4270,"Property Dues Delinquent",142729,6296849af6b92d45419765812,Ashley,Klaus,,,,
1,"14715 Latrobe Dr",6131402043,"14715 Latrobe Dr",,"Colorado Springs",Colorado,80921,,Active,4262,"Property in good standing",142903,94860e99d577d622151273317,"Ryan C",Herter,,,,
1,"14540 Latrobe Dr",6131406016,"14540 Latrobe Dr",,"Colorado Springs",Colorado,80921,,Active,4262,"Property in good standing",142677,84160e99d4cd0eaf892274530,Mary,Obenauf,,,,
1,"14095 Gleneagle Dr",6206205001,"14095 Gleneagle Dr",,"Colorado Springs",Colorado,80921,,Active,4262,"Property in good standing",142511,15268c8a02bb0bc6233732033,Patrick,Gruber,,,,
1,"210 Wuthering Heights Dr",6131206076,"210 Wuthering Heights Dr",,"Colorado Springs",Colorado,80921,,Active,4270,"Property Dues Delinquent",142867,91860e99d55cc0ce233409374,Janet,Allen,,,,
1,"14715 Gleneagle Dr",6131405006,"14715 Gleneagle Dr",,"Colorado Springs",Colorado,80921,,Active,4262,"Property in good standing",142916,32960e99d5827f32310595448,Scott,Saunders,,,,
1,"14435 Gleneagle Dr",6206101004,"14435 Gleneagle Dr",,"Colorado Springs",Colorado,80921,,Active,4262,"Property in good standing",142688,99960e99d4d834a8134865649,Bernard,Jene,,,,
1,"245 Doral Way",6206205016,"245 Doral Way",,"Colorado Springs",Colorado,80921,,Active,4262,"Property in good standing",142523,83660e99d4622772359950018,Stephen,Fischer,,,,
1,"320 Rangely Dr",6131401009,"320 Rangely Dr",,"Colorado Springs",Colorado,80921,,Active,4270,"Property Dues Delinquent",142946,73260e99d5960109811907602,Jonathan,Wingate,,593,2020-09-16,
1,"410 Palm Springs Way",6131402010,"410 Palm Springs Way",,"Colorado Springs",Colorado,80921,,Active,4262,"Property in good standing",142926,68760e99d5887544899456980,Joe,Arroyo,,570,2012-03-04,
1,"280 Pauma Valley Dr",6131302025,"280 Pauma Valley Dr",,"Colorado Springs",Colorado,80921,,Active,4262,"Property in good standing",142698,28360e99d4df13d6148019543,Doug,Henderson,,,,
1,"345 Doral Way",6206104014,"345 Doral Way",,"Colorado Springs",Colorado,80921,,Active,4262,"Property in good standing",142534,46360e99d469613d274700250,"Robert Howard",Patterson,,,,
1,"645 Rembrandt Court",6131103099,"645 Rembrandt Court",,"Colorado Springs",Colorado,80921,,Active,4270,"Property Dues Delinquent",143005,63269e6972ac2f15060784630,Dan,Krawzyk,,,,
1,"428 Torrey Pines Way",6131402007,"428 Torrey Pines Way",,"Colorado Springs",Colorado,80921,,Active,4262,"Property in good standing",142938,51760e99d5907044120698373,Thomas,Hunter,,582,2019-01-18,
1,"55 Pauma Valley Dr",6131303009,"55 Pauma Valley Dr",,"Colorado Springs",Colorado,80921,,Active,4262,"Property in good standing",142707,2366a5563715016f349340084,Gabby,Parish,,,,
1,"14205 Gleneagle Dr",6206104021,"14205 Gleneagle Dr",,"Colorado Springs",Colorado,80921,,Active,4262,"Property in good standing",142543,558656fa0a8350eb028758612,Donald,Apelo,,,,
1,"14730 Cherry Hills Place",6131302038,"14730 Cherry Hills Place",,"Colorado Springs",Colorado,80921,,Active,4262,"Property in good standing",142761,62160e99d50ed3d9285609912,Jim,Taylor,,,,
1,"345 Rangely Dr",6131402015,"345 Rangely Dr",,"Colorado Springs",Colorado,80921,,Active,4262,"Property in good standing",142949,13860e99d597afcd237197076,Stephanie,Rouire,,596,2019-02-28,
1,"205 Pauma Valley Dr",6131303004,"205 Pauma Valley Dr",,"Colorado Springs",Colorado,80921,,Active,4262,"Property in good standing",142716,81768dab62e37138117621567,Mark,McGrath,,,,
1,"14240 Gleneagle Dr",6206103007,"14240 Gleneagle Dr",,"Colorado Springs",Colorado,80921,,Active,4262,"Property in good standing",142551,558633460d12ebb5386706524,Lindsay,Knell,,,,
1,"320 Palm Springs Dr",6131403004,"320 Palm Springs Dr",,"Colorado Springs",Colorado,80921,,Active,4262,"Property in good standing",142770,3176902dbcc22c6f355905108,Sarah,Hinds,,,,
1,"540 Rangely Dr",6131401002,"540 Rangely Dr",,"Colorado Springs",Colorado,80921,,Active,4262,"Property in good standing",142960,63660e99d5a08bee238130884,Dave,Cross,,,,
1,"70 Palm Springs Dr",6131301015,"70 Palm Springs Dr",,"Colorado Springs",Colorado,80921,,Active,4262,"Property in good standing",142724,835644ebdd1c1f48385317333,Chris,Williams,,,,
1,"14130 Candlewood Court",6206104031,"14130 Candlewood Court",,"Colorado Springs",Colorado,80921,,Active,4262,"Property in good standing",142561,53760e99d47c15df065362453,Stephen,Toldy,,,,
1,"275 Desert Inn Way",6131403006,"275 Desert Inn Way",,"Colorado Springs",Colorado,80921,,Active,4262,"Property in good standing",142782,55460e99d51d3e87724815925,Andrew,Breyton,,404,1999-10-04,
1,"635 Wuthering Heights Dr",6131101063,"635 Wuthering Heights Dr",,"Colorado Springs",Colorado,80921,,Active,4262,"Property in good standing",142971,54360e99d5a87aa1921828870,Gordon,Mellema,,621,1991-09-24,
1,"155 Palm Springs Dr",6131302007,"155 Palm Springs Dr",,"Colorado Springs",Colorado,80921,,Active,4262,"Property in good standing",142735,43064318a0640ff7382522169,Lisa,Robinson,,,,
1,"265 Rangely Dr",6131403011,"265 Rangely Dr",,"Colorado Springs",Colorado,80921,,Active,4262,"Property in good standing",142795,72760e99d527d72c675812277,Bob,Gravelle,,,,
1,"14185 Candlewood Court",6206104002,"14185 Candlewood Court",,"Colorado Springs",Colorado,80921,,Active,4262,"Property in good standing",142567,748692df4c4a7306913252071,Jennica,Schofield,,,,
1,"695 Wuthering Heights Dr",6131101067,"695 Wuthering Heights Dr",,"Colorado Springs",Colorado,80921,,Active,4262,"Property in good standing",142986,92160e99d5b35906747287684,"John H.",Papuga,,640,1988-03-31,
1,"220 Cherry Hills Way",6131302033,"220 Cherry Hills Way",,"Colorado Springs",Colorado,80921,,Active,4262,"Property in good standing",142747,45160e99d504df46670324346,Isaac,"Martinez Garcia",,,,
1,"115 Rangely Dr",6131301025,"115 Rangely Dr",,"Colorado Springs",Colorado,80921,,Active,4262,"Property in good standing",142806,5996aa59565ad0ed547756948,Kyle,Ziegler,,,,
1,"14450 Westchester Dr",6206202005,"14450 Westchester Dr",,"Colorado Springs",Colorado,80921,,Active,4262,"Property in good standing",142578,86560e99d4888a79198691039,Ann,Reagan,,159,2002-06-20,
1,"775 Wuthering Heights Dr",6131101074,"775 Wuthering Heights Dr",,"Colorado Springs",Colorado,80921,,Active,4262,"Property in good standing",142997,3356901407203fc8227577818,Kevin,Hamblin,,,,
1,"15 Desert Inn Way",6131309009,"15 Desert Inn Way",,"Colorado Springs",Colorado,80921,,Active,4262,"Property in good standing",142816,83860e99d537a3fa934645472,"Mark H.",Schaible,,,,
1,"14565 Bermuda Dunes Way",6131304006,"14565 Bermuda Dunes Way",,"Colorado Springs",Colorado,80921,,Active,4262,"Property in good standing",142589,88860e99d49096f8282368742,David,Lester,,,,
1,"655 Rembrandt Court",6131103098,"655 Rembrandt Court",,"Colorado Springs",Colorado,80921,,Active,4262,"Property in good standing",143007,5506836fd9ec3183417997682,Glenn,Brock,,,,
1,"13940 Westchester Dr",6206301008,"13940 Westchester Dr",,"Colorado Springs",Colorado,80921,,Active,4262,"Property in good standing",143084,70960e99d5f7818e564831066,Morgan,Summers,,,,
1,"95 Desert Inn Way",6131403008,"95 Desert Inn Way",,"Colorado Springs",Colorado,80921,,Active,4262,"Property in good standing",142826,37964346d1c23af9258148203,JOHN,COULAHAN,,,,
1,"14530 Westchester Dr",6131304010,"14530 Westchester Dr",,"Colorado Springs",Colorado,80921,,Active,4262,"Property in good standing",142600,38260e99d49866a8408397450,"James L",McVay,,185,2015-05-27,
1,"840 Wuthering Heights Dr",6131103060,"840 Wuthering Heights Dr",,"Colorado Springs",Colorado,80921,,Active,4262,"Property in good standing",143017,64960e99d5c965da746305724,Ron,Wiley,,677,1986-12-01,
1,"360 Doral Way",6206104050,"360 Doral Way",,"Colorado Springs",Colorado,80921,,Active,4262,"Property in good standing",143096,43760e99d601ee17027793251,Travis,Mark,,,,
1,"205 Desert Inn Way",6131309002,"205 Desert Inn Way",,"Colorado Springs",Colorado,80921,,Active,4262,"Property in good standing",142836,92761d0b9f63fb34553429650,Joshua,Reed,,,,
1,"14580 Westchester Dr",6131304004,"14580 Westchester Dr",,"Colorado Springs",Colorado,80921,,Active,4262,"Property in good standing",142613,73460e99d4a274c8612242732,Marianna,Bailey,,198,2006-08-28,
1,"13975 Westchester Dr",6206302002,"13975 Westchester Dr",,"Colorado Springs",Colorado,80921,,Active,4262,"Property in good standing",142443,66960e99d427c4cc853937481,Bruce,Luckett,,,,
1,"915 Wuthering Heights Dr",6131110053,"915 Wuthering Heights Dr",,"Colorado Springs",Colorado,80921,,Active,4262,"Property in good standing",143028,62160e99d5d20a2e001256134,Benjamin,Crossley,,,,
1,"14195 Gleneagle Dr",6206104047,"14195 Gleneagle Dr",,"Colorado Springs",Colorado,80921,,Active,4262,"Property in good standing",143103,21560e99d606b064550131898,Krista,Spear,,,,
1,"15026 LaJolla Place",,"15026 LaJolla Place",,"Colorado Springs",Colorado,80921,,Active,4262,"Property in good standing",142846,65560e99d54bdfb2583911793,Heidi,Miller,,,,
1,"14445 River Oaks Dr",6206201007,"14445 River Oaks Dr",,"Colorado Springs",Colorado,80921,,Active,4262,"Property in good standing",142624,80960e99d4aa5412855564132,James,Bullock,Shannon,212,2020-03-20,
1,"14095 Westchester Dr",6206201035,"14095 Westchester Dr",,"Colorado Springs",Colorado,80921,,Active,4262,"Property in good standing",142453,97360e99d430dd64139736212,Randy,Johnson,,12,2011-04-01,
1,"410 Picasso Court",6131103068,"410 Picasso Court",,"Colorado Springs",Colorado,80921,,Active,4262,"Property in good standing",143036,89160e99d5d65ed8411798659,Bob,Williams,,699,1994-07-06,
1,"14344 Spyglass Hill Pl",6206201112,"14344 Spyglass Hill Pl",,"Colorado Springs",Colorado,80921,,Active,4262,"Property in good standing",143115,50468d19e74b5cc7461828112,Kathleen,Gutnayer,,,,
1,"125 Wuthering Heights Dr",6131307010,"125 Wuthering Heights Dr",,"Colorado Springs",Colorado,80921,,Active,4262,"Property in good standing",142856,18560e99d5539d37638425786,Susan,Logan,,,,
1,"14510 River Oaks Dr",6131303028,"14510 River Oaks Dr",,"Colorado Springs",Colorado,80921,,Active,4262,"Property in good standing",142632,7376423942d92a73577650615,Liz,Loring,,,,
1,"14225 Westchester Dr",6206201029,"14225 Westchester Dr",,"Colorado Springs",Colorado,80921,,Active,4262,"Property in good standing",142464,64060e99d437dfc7212426149,Michael,Smith,,26,2019-12-27,
1,"450 Picasso Court",6131103072,"450 Picasso Court",,"Colorado Springs",Colorado,80921,,Active,4262,"Property in good standing",143044,1756a583144cfaa5271674170,Theresa,"Doyle Sloan",,,,
1,"350 Silver Rock Pl",6206103056,"350 Silver Rock Pl",,"Colorado Springs",Colorado,80921,,Active,4262,"Property in good standing",143126,118633dab63c5333582245523,Tandem,Enterprises,,,,
1,"170 Wuthering Heights Dr",6131206073,"170 Wuthering Heights Dr",,"Colorado Springs",Colorado,80921,,Active,4262,"Property in good standing",142864,73168caff39c3daf928068043,Carolyn,Deaderick,,,,
1,"14555 River Oaks Dr",6131306011,"14555 River Oaks Dr",,"Colorado Springs",Colorado,80921,,Active,4262,"Property in good standing",142642,72260e99d4b7996d623654280,Joe,Ennis,,,,
1,"14395 Westchester Dr",6206201023,"14395 Westchester Dr",,"Colorado Springs",Colorado,80921,,Active,4262,"Property in good standing",142475,72660e99d440666e869108306,Lisa,Owenby,,,,
1,"340 Wuthering Heights Dr",6131106023,"340 Wuthering Heights Dr",,"Colorado Springs",Colorado,80921,,Active,4262,"Property in good standing",143055,25060e99d5e35552172943465,"Michael S",Klabon,,,,
1,"14149 Stone Eagle Place",6206201132,"14149 Stone Eagle Place",,"Colorado Springs",Colorado,80921,,Active,4262,"Property in good standing",143138,94465fb3b65295fc995399787,"Marc & Louise",Stapley,,,,
1,"255 Wuthering Heights Dr",6131209003,"255 Wuthering Heights Dr",,"Colorado Springs",Colorado,80921,,Active,4262,"Property in good standing",142874,82364b026aa99ff6188156102,Nicholas,Rawe,,,,
1,"14635 River Oaks Dr",6131306004,"14635 River Oaks Dr",,"Colorado Springs",Colorado,80921,,Active,4262,"Property in good standing",142654,8186147c42ca2c65998716447,Brandon,McDowell,,,,
1,"50 Huntington Beach Dr",6206201049,"50 Huntington Beach Dr",,"Colorado Springs",Colorado,80921,,Active,4262,"Property in good standing",142482,26260e99d445889c854907135,"Sean A",Collins,,47,2016-12-27,
1,"435 Wuthering Heights Dr",6131104005,"435 Wuthering Heights Dr",,"Colorado Springs",Colorado,80921,,Active,4262,"Property in good standing",143062,20963307a1b429f7250384084,Jim,Kogler,,,,
1,"225 Doral Way",6206205015,"225 Doral Way",,"Colorado Springs",Colorado,80921,,Active,4270,"Property Dues Delinquent",142521,36260fb09f2c0845665692044,Chris,Renn,,,,
1,"14565 Gleneagle Dr",6131406007,"14565 Gleneagle Dr",,"Colorado Springs",Colorado,80921,,Active,4262,"Property in good standing",142887,92760e99d56b95aa565510419,Dale,Townsend,,524,1997-09-02,
1,"145 Mission Hill Way",6206201078,"145 Mission Hill Way",,"Colorado Springs",Colorado,80921,,Active,4262,"Property in good standing",142660,82160e99d4c579a1327998214,"Timothy B",Coy,,,,
1,"145 Huntington Beach Dr",6206201064,"145 Huntington Beach Dr",,"Colorado Springs",Colorado,80921,,Active,4262,"Property in good standing",142492,1296a2c2cb56d971368311327,Tim,Freier,,,,
1,"535 Wuthering Heights Dr",6131104001,"535 Wuthering Heights Dr",,"Colorado Springs",Colorado,80921,,Active,4262,"Property in good standing",143071,14060e99d5ee5013340112891,William,Kelly,,737,1994-09-05,
1,"14620 Latrobe Dr",6131406019,"14620 Latrobe Dr",,"Colorado Springs",Colorado,80921,,Active,4270,"Property Dues Delinquent",142685,91160e99d4d677af256224991,Douglas,Warren,,,,
1,"14655 Latrobe Dr",6131402046,"14655 Latrobe Dr",,"Colorado Springs",Colorado,80921,,Active,4262,"Property in good standing",142897,87660e99d57232ec249225150,Roger,Call,,,,
1,"14510 Latrobe Dr",6131406010,"14510 Latrobe Dr",,"Colorado Springs",Colorado,80921,,Active,4262,"Property in good standing",142670,997623b3c9687d21501141100,Valentina,Piedrahita,,,,
1,"14060 Gleneagle Dr",6206201042,"14060 Gleneagle Dr",,"Colorado Springs",Colorado,80921,,Active,4262,"Property in good standing",142504,35960e99d4549684259681723,Barney,Parker,,,,
1,"13915 Westchester Dr",6206301004,"13915 Westchester Dr",,"Colorado Springs",Colorado,80921,,Active,4262,"Property in good standing",143079,840691816ab2e4d4191802500,Christopher,Ratcliff,,,,
1,"305 Cherry Hills Way",6131302029,"305 Cherry Hills Way",,"Colorado Springs",Colorado,80921,,Active,4270,"Property Dues Delinquent",142754,604688bb0f50e66d704061436,Barbara,Bishop,,,,
1,"14780 Latrobe Dr",6131405003,"14780 Latrobe Dr",,"Colorado Springs",Colorado,80921,,Active,4262,"Property in good standing",142906,61760e99d57a6e37688661220,Bill,Welde,,,,
1,"14565 Latrobe Dr",6131402051,"14565 Latrobe Dr",,"Colorado Springs",Colorado,80921,,Active,4262,"Property in good standing",142681,29760e99d4d3062f688190936,Doug,Feller,,,,
1,"125 Doral Way",6206205011,"125 Doral Way",,"Colorado Springs",Colorado,80921,,Active,4262,"Property in good standing",142516,17060e99d45d157f496801645,Brian,Rice,,,,
1,"14545 Gleneagle Dr",6131406008,"14545 Gleneagle Dr",,"Colorado Springs",Colorado,80921,,Active,4270,"Property Dues Delinquent",142886,94661ca305167b2a612167710,Eric,Robbins,,,,
1,"14750 Gleneagle Dr",6131404017,"14750 Gleneagle Dr",,"Colorado Springs",Colorado,80921,,Active,4262,"Property in good standing",142920,49860e99d584a290941939148,Kendal,Armstrong,,,,
1,"14465 Gleneagle Dr",6206101006,"14465 Gleneagle Dr",,"Colorado Springs",Colorado,80921,,Active,4262,"Property in good standing",142691,46360e99d4da5513352290365,Don,"Swetz II",,291,2006-12-15,
1,"265 Doral Way",6206205018,"265 Doral Way",,"Colorado Springs",Colorado,80921,,Active,4262,"Property in good standing",142526,1376892667bea3ea613725446,Zackery,Reeser,,,,
1,"575 Wuthering Heights Dr",6131101060,"575 Wuthering Heights Dr",,"Colorado Springs",Colorado,80921,,Active,4270,"Property Dues Delinquent",142965,41260e99d5a442d6649914516,Dennis,Ferris,,,,
1,"470 Palm Springs Way",6131402003,"470 Palm Springs Way",,"Colorado Springs",Colorado,80921,,Active,4262,"Property in good standing",142931,42761ba50d91f180221471639,Rachelle,Kosik,,,,
1,"335 Pauma Valley Dr",6131306002,"335 Pauma Valley Dr",,"Colorado Springs",Colorado,80921,,Active,4262,"Property in good standing",142702,89060e99d4e266f2256098276,Tim,Buchanan,,,,
1,"14150 Gleneagle Dr",6206201071,"14150 Gleneagle Dr",,"Colorado Springs",Colorado,80921,,Active,4262,"Property in good standing",142538,29860e99d46bdf9e088750012,Ed,Toner,,112,2000-10-02,
1,"25 Huntington Beach Dr",6206201065,"25 Huntington Beach Dr",,"Colorado Springs",Colorado,80921,,Active,4270,"Property Dues Delinquent",143088,5646168a0adef87f356156384,,,"Avant Homes LLC",,,
1,"14915 Gleneagle Dr",6131402011,"14915 Gleneagle Dr",,"Colorado Springs",Colorado,80921,,Active,4262,"Property in good standing",142943,28360e99d5936cf8883670243,"Mickel S",Hodgson,,,,
1,"110 Pauma Valley Dr",6131302016,"110 Pauma Valley Dr",,"Colorado Springs",Colorado,80921,,Active,4262,"Property in good standing",142710,41960e99d4e8baca483867225,Joseph,Navalesi,,316,2019-07-22,
1,"14220 Gleneagle Dr",6206103009,"14220 Gleneagle Dr",,"Colorado Springs",Colorado,80921,,Active,4262,"Property in good standing",142546,569630b88c9c4468534156888,Louie,Mendoza,,,,
1,"14750 Cherry Hills Place",6131404008,"14750 Cherry Hills Place",,"Colorado Springs",Colorado,80921,,Active,4262,"Property in good standing",142763,14860e99d510d710728558148,Warren,Tustin,,,,
1,"365 Rangely Dr",6131402016,"365 Rangely Dr",,"Colorado Springs",Colorado,80921,,Active,4262,"Property in good standing",142951,83060e99d598f8c4946202463,"James E",Payne,,,,
1,"15 Palm Springs Dr",6131404007,"15 Palm Springs Dr",,"Colorado Springs",Colorado,80921,,Active,4262,"Property in good standing",142719,40160e99d4ee4d32818464844,William,Fargo,,,,
1,"14247 Gleneagle Dr",6206104027,"14247 Gleneagle Dr",,"Colorado Springs",Colorado,80921,,Active,4262,"Property in good standing",142553,73766310e9e9f11e254032706,Weston,Moran,,,,
1,"340 Palm Springs Dr",6131403003,"340 Palm Springs Dr",,"Colorado Springs",Colorado,80921,,Active,4262,"Property in good standing",142773,1826888210556cc0194171988,Alan,Daines,,,,
1,"585 Rangely Dr",6131402022,"585 Rangely Dr",,"Colorado Springs",Colorado,80921,,Active,4262,"Property in good standing",142962,95160e99d5a1cc8f475306346,Walter,Sexauer,,,,
1,"95 Palm Springs Dr",6131404001,"95 Palm Springs Dr",,"Colorado Springs",Colorado,80921,,Active,4262,"Property in good standing",142727,73960e99d4f4604c663484312,Joel,Maynard,,,,
1,"14150 Candlewood Court",6206104030,"14150 Candlewood Court",,"Colorado Springs",Colorado,80921,,Active,4262,"Property in good standing",142563,84360e99d47d4dfb925615653,"Marvel L.",Thomson,,,,
1,"295 Desert Inn Way",6131403008,"295 Desert Inn Way",,"Colorado Springs",Colorado,80921,,Active,4262,"Property in good standing",142785,4206127e9cda80a9195595492,Andrew,Meyer,,,,
1,"675 Wuthering Heights Dr",6131101065,"675 Wuthering Heights Dr",,"Colorado Springs",Colorado,80921,,Active,4262,"Property in good standing",142975,44660e99d5aa9d7f121932335,Dennis,Eagan,,,,
1,"205 Palm Springs Dr",6131302005,"205 Palm Springs Dr",,"Colorado Springs",Colorado,80921,,Active,4262,"Property in good standing",142739,75560e99d4fe8b73788652683,Christopher,Koeninger,,,,
1,"25 Rangely Dr",6131301030,"25 Rangely Dr",,"Colorado Springs",Colorado,80921,,Active,4262,"Property in good standing",142800,187611535992fc6b633156416,"Dan and Sharon",Leisering,,,,
1,"14280 Gleneagle Dr",6206103002,"14280 Gleneagle Dr",,"Colorado Springs",Colorado,80921,,Active,4262,"Property in good standing",142571,80360e99d4830c13176843296,Jennifer,Holmes,,,,
1,"735 Wuthering Heights Dr",6131101070,"735 Wuthering Heights Dr",,"Colorado Springs",Colorado,80921,,Active,4262,"Property in good standing",142991,72360e99d5b64529150088237,Gregory,Kamer,,,,
1,"240 Cherry Hills Way",6131302035,"240 Cherry Hills Way",,"Colorado Springs",Colorado,80921,,Active,4262,"Property in good standing",142750,896648a2040f0b38911372853,Rachel,Aguilar,,,,
1,"25 Wuthering Heights Dr",6131101069,"25 Wuthering Heights Dr",,"Colorado Springs",Colorado,80921,,Active,4262,"Property in good standing",142810,34160e99d533bbfa788450564,Bryan,Ackerman,,,,
1,"14475 Bermuda Dunes Way",6206202004,"14475 Bermuda Dunes Way",,"Colorado Springs",Colorado,80921,,Active,4262,"Property in good standing",142582,58060e99d48aaacc677678521,Thomas,McKeon,,,,
1,"610 Rembrandt Court",6131103087,"610 Rembrandt Court",,"Colorado Springs",Colorado,80921,,Active,4262,"Property in good standing",143000,58364f75205827f0890886710,Megan,Rogers,,,,
1,"45 Desert Inn Way",6131309008,"45 Desert Inn Way",,"Colorado Springs",Colorado,80921,,Active,4262,"Property in good standing",142820,63560e99d539ced0018859321,Timothy,Falk,,448,1993-07-06,
1,"14485 Westchester Dr",6206201018,"14485 Westchester Dr",,"Colorado Springs",Colorado,80921,,Active,4262,"Property in good standing",142594,523611520dec6e04854259878,Kim,Gidley,,,,
1,"670 Rembrandt Court",6131103093,"670 Rembrandt Court",,"Colorado Springs",Colorado,80921,,Active,4262,"Property in good standing",143010,10560e99d5c4a958248538867,Mick,Hunter,,,,
1,"20 Huntington Beach Dr",6206201106,"20 Huntington Beach Dr",,"Colorado Springs",Colorado,80921,,Active,4262,"Property in good standing",143087,53860e99d5fa927d507886635,Cynthia,Freeman,,,,
1,"135 Desert Inn Way",6131309025,"135 Desert Inn Way",,"Colorado Springs",Colorado,80921,,Active,4262,"Property in good standing",142829,160695ef0eec5296305225936,carrie,Solano,,,,
1,"14553 Westchester Dr",6131303023,"14553 Westchester Dr",,"Colorado Springs",Colorado,80921,,Active,4262,"Property in good standing",142604,70760e99d49b040d727192258,Christopher,Harper,,189,2014-06-02,
1,"865 Wuthering Heights Dr",6131110057,"865 Wuthering Heights Dr",,"Colorado Springs",Colorado,80921,,Active,4262,"Property in good standing",143021,24960e99d5cc0d69558265603,Steven,Moran,,681,1992-01-01,
1,"14145 Gleneagle Dr",6206206006,"14145 Gleneagle Dr",,"Colorado Springs",Colorado,80921,,Active,4262,"Property in good standing",143098,2386435755c2837c703741775,Adam,Williams,,,,
1,"235 Desert Inn Way",6131309001,"235 Desert Inn Way",,"Colorado Springs",Colorado,80921,,Active,4262,"Property in good standing",142838,81668e704a2ad39e322847205,David,Meier,,,,
1,"14595 Westchester Dr",6131303057,"14595 Westchester Dr",,"Colorado Springs",Colorado,80921,,Active,4262,"Property in good standing",142616,8646168a51495720233199137,Rodger,Tennant,,,2021-09-29,
1,"14005 Westchester Dr",6206201040,"14005 Westchester Dr",,"Colorado Springs",Colorado,80921,,Active,4262,"Property in good standing",142446,20960e99d42a6667959237972,Baxter,Garside,,,,
1,"925 Wuthering Heights Dr",6131110052,"925 Wuthering Heights Dr",,"Colorado Springs",Colorado,80921,,Active,4262,"Property in good standing",143030,60569c3ec6174d58395057344,Jacob,Leggett,,,,
1,"14455 River Oaks Dr",6206201105,"14455 River Oaks Dr",,"Colorado Springs",Colorado,80921,,Active,4262,"Property in good standing",143108,94360e99d6093665377232112,Jason,Hayman,,,,
1,"15041 LaJolla Place",,"15041 LaJolla Place",,"Colorado Springs",Colorado,80921,,Active,4262,"Property in good standing",142849,74260e99d54e73d7775096843,Silvana,"Souza Nunes",,480,2020-06-12,
1,"14460 River Oaks Dr",6206201016,"14460 River Oaks Dr",,"Colorado Springs",Colorado,80921,,Active,4262,"Property in good standing",142626,99160e99d4ab908c996905895,Robert,Kirkpatrick,,,,
1,"14140 Westchester Dr",6206204011,"14140 Westchester Dr",,"Colorado Springs",Colorado,80921,,Active,4262,"Property in good standing",142457,43160e99d4331851968708155,Alyson,Smith,,19,2020-03-02,
1,"430 Picasso Court",6131103070,"430 Picasso Court",,"Colorado Springs",Colorado,80921,,Active,4262,"Property in good standing",143040,46360e99d5d885f6774686663,"Larry E.",Wildasin,,,,
1,"14359 Spyglass Hill Pl",6206103048,"14359 Spyglass Hill Pl",,"Colorado Springs",Colorado,80921,,Active,4262,"Property in good standing",143118,39562e2aa230e7e1537828983,Janna,Jacobs,,,,
1,"185 Wuthering Heights Dr",6131209018,"185 Wuthering Heights Dr",,"Colorado Springs",Colorado,80921,,Active,4262,"Property in good standing",142859,32061d0bc9226df1659485869,Tracy,Bristol,,,,
1,"14527 River Oaks Dr",6206201003,"14527 River Oaks Dr",,"Colorado Springs",Colorado,80921,,Active,4262,"Property in good standing",142636,53460e99d4b29e92261027068,"Sharleen and Glenn",Leimbach,,,,
1,"14265 Westchester Dr",6206201102,"14265 Westchester Dr",,"Colorado Springs",Colorado,80921,,Active,4262,"Property in good standing",142468,32164246ef249619582663065,Stephen,Turner,,,,
1,"465 Picasso Court",6131103074,"465 Picasso Court",,"Colorado Springs",Colorado,80921,,Active,4262,"Property in good standing",143047,58464badbd64be99399073188,barrett,lamb,,,,
1,"390 Silver Rock Pl",6206103054,"390 Silver Rock Pl",,"Colorado Springs",Colorado,80921,,Active,4262,"Property in good standing",143130,38762379029127f6100365820,,,"Westbrook Capital Holdings, LLC",,,
1,"230 Wuthering Heights Dr",6131206078,"230 Wuthering Heights Dr",,"Colorado Springs",Colorado,80921,,Active,4262,"Property in good standing",142869,18460e99d55e7a2a269672019,Cheri,Orr,,,,
1,"14580 River Oaks Dr",6131303035,"14580 River Oaks Dr",,"Colorado Springs",Colorado,80921,,Active,4262,"Property in good standing",142646,21660e99d4ba8189312629539,Kevin,LaPierre,,,,
1,"215 Scottsdale Dr",6206204002,"215 Scottsdale Dr",,"Colorado Springs",Colorado,80921,,Active,4262,"Property in good standing",142477,535651cac3c10550686280988,George,Urteaga,,,,
1,"365 Wuthering Heights Dr",6131104008,"365 Wuthering Heights Dr",,"Colorado Springs",Colorado,80921,,Active,4262,"Property in good standing",143058,85860e99d5e5631c988840447,Steven,Hinze,,,,
1,"14172 Stone Eagle Place",6206201128,"14172 Stone Eagle Place",,"Colorado Springs",Colorado,80921,,Active,4262,"Property in good standing",143141,97464f261d91fb2d010346399,Ralph,Castain,,,,
1,"295 Wuthering Heights Dr",6131209001,"295 Wuthering Heights Dr",,"Colorado Springs",Colorado,80921,,Active,4262,"Property in good standing",142878,64660e99d5650d4a233690121,Ronald,Born,,,,
1,"115 Mission Hill Way",6206201080,"115 Mission Hill Way",,"Colorado Springs",Colorado,80921,,Active,4262,"Property in good standing",142656,3796168a66a9a6b8273341740,Steven,Parker,"Carol (spouse)",,2021-09-27,
1,"80 Huntington Beach Dr",6206201053,"80 Huntington Beach Dr",,"Colorado Springs",Colorado,80921,,Active,4262,"Property in good standing",142486,44960e99d4481221264321700,Michael,Biedermann,,,,
1,"460 Wuthering Heights Dr",6131103083,"460 Wuthering Heights Dr",,"Colorado Springs",Colorado,80921,,Active,4262,"Property in good standing",143065,90560e99d5e9b94b988652666,Grady,McNeill,,,,
1,"14243 Gleneagle Dr",6206104026,"14243 Gleneagle Dr",,"Colorado Springs",Colorado,80921,,Active,4270,"Property Dues Delinquent",142552,41760e99d475d6eb323015535,Dick,Maday,,,,
1,"410 Cherry Hills Way",6131405007,"410 Cherry Hills Way",,"Colorado Springs",Colorado,80921,,Active,4262,"Property in good standing",142890,20464fa0b3492b51890561070,Krystal,Atkinson,,,,
1,"185 Mission Hill Way",6206201076,"185 Mission Hill Way",,"Colorado Springs",Colorado,80921,,Active,4262,"Property in good standing",142664,41260e99d4c822f3685775775,Lisa,Schmitz,,258,2017-07-01,
1,"185 Huntington Beach Dr",6206201062,"185 Huntington Beach Dr",,"Colorado Springs",Colorado,80921,,Active,4262,"Property in good standing",142497,72360e99d44e6eab861305467,"Aaron K",Tallman,,62,2015-12-23,
1,"15015 Hilton Head Court",6131104016,"15015 Hilton Head Court",,"Colorado Springs",Colorado,80921,,Active,4262,"Property in good standing",143074,50260e99d5f12a6f004607771,Hector,Chavez,,743,1989-07-26,
1,"75 Pauma Valley Dr",6131408001,"75 Pauma Valley Dr",,"Colorado Springs",Colorado,80921,,Active,4270,"Property Dues Delinquent",142708,68465ef222095684965652663,Brian,Lumberg,,,,
1,"14680 Latrobe Dr",6131406001,"14680 Latrobe Dr",,"Colorado Springs",Colorado,80921,,Active,4262,"Property in good standing",142900,632654548d5dc763807211199,Shannon,Moore,,,,
1,"14528 Latrobe Dr",6131406013,"14528 Latrobe Dr",,"Colorado Springs",Colorado,80921,,Active,4262,"Property in good standing",142674,82160e99d4ced107656621197,Susan,Boudreaux,,274,2004-03-10,
1,"14080 Gleneagle Dr",6206201044,"14080 Gleneagle Dr",,"Colorado Springs",Colorado,80921,,Active,4262,"Property in good standing",142508,55260e99d4571ce1277720240,Bill,Hume,,,,
1,"160 Rangely Dr",6131309019,"160 Rangely Dr",,"Colorado Springs",Colorado,80921,,Active,4270,"Property Dues Delinquent",142787,61860e99d5222a7a177120148,"Dawn M.",Rowe,,,,
1,"14790 Latrobe Court",6131402037,"14790 Latrobe Court",,"Colorado Springs",Colorado,80921,,Active,4262,"Property in good standing",142913,41560e99d57f301c440602999,Marion,Luke,,,,
1,"14585 Latrobe Dr",6131402062,"14585 Latrobe Dr",,"Colorado Springs",Colorado,80921,,Active,4262,"Property in good standing",142683,7456983fbf5375f2277803069,Chris,Clabaugh,,,,
1,"170 Doral Way",6206206005,"170 Doral Way",,"Colorado Springs",Colorado,80921,,Active,4262,"Property in good standing",142519,37860e99d45eec5d846938861,Jeffrey,McLemore,,,,
1,"458 Palm Springs Way",6131402002,"458 Palm Springs Way",,"Colorado Springs",Colorado,80921,,Active,4270,"Property Dues Delinquent",142929,68560e99d58a3cb2634895275,Omar,Perreira,,573,2013-12-11,
1,"14815 Gleneagle Dr",6131402032,"14815 Gleneagle Dr",,"Colorado Springs",Colorado,80921,,Active,4262,"Property in good standing",142923,27160e99d586b8cd325358913,Alexander,Cook,,564,2017-10-01,
1,"250 Pauma Valley Dr",6131302023,"250 Pauma Valley Dr",,"Colorado Springs",Colorado,80921,,Active,4262,"Property in good standing",142696,84760e99d4dd512b830732126,David,Anderson,,,,
1,"290 Doral Way",6206104018,"290 Doral Way",,"Colorado Springs",Colorado,80921,,Active,4262,"Property in good standing",142529,54768f8b6310a1c6709390929,John,Bolin,,,,
1,"730 Wuthering Heights Dr",6131103054,"730 Wuthering Heights Dr",,"Colorado Springs",Colorado,80921,,Active,4270,"Property Dues Delinquent",142990,99660e99d5b5d02a770380639,Daniel,Frasier,,644,2013-11-20,
1,"485 Palm Springs Way",6131402025,"485 Palm Springs Way",,"Colorado Springs",Colorado,80921,,Active,4262,"Property in good standing",142934,488689b8a061aa38669167142,Mark,Sargent,,,,
1,"375 Pauma Valley Dr",6131408001,"375 Pauma Valley Dr",,"Colorado Springs",Colorado,80921,,Active,4262,"Property in good standing",142705,211649349a8eb4e9785436772,Tyler,Tidwell,,,,
1,"14170 Gleneagle Dr",6206201073,"14170 Gleneagle Dr",,"Colorado Springs",Colorado,80921,,Active,4262,"Property in good standing",142540,38260e99d46d1d9d776660884,Kevin,Tanner,,,,
1,"345 Cherry Hills Way",6131407001,"345 Cherry Hills Way",,"Colorado Springs",Colorado,80921,,Active,4262,"Property in good standing",142757,12360e99d50b5e8c511153263,Michael,Lang,,373,,
1,"14386 Spyglass Hill Pl",6206201109,"14386 Spyglass Hill Pl",,"Colorado Springs",Colorado,80921,,Active,4270,"Property Dues Delinquent",143121,37460e99d61171ed379346351,David,Newton,,,,
1,"14945 Gleneagle Dr",6131402013,"14945 Gleneagle Dr",,"Colorado Springs",Colorado,80921,,Active,4262,"Property in good standing",142945,83460e99d5951c43564989117,"Gregory J.",Penney,,,,
1,"145 Pauma Valley Dr",6131303005,"145 Pauma Valley Dr",,"Colorado Springs",Colorado,80921,,Active,4262,"Property in good standing",142714,80960e99d4eae3da565187316,Spencer,Smith,,320,2020-07-22,
1,"14235 Gleneagle Dr",6206104024,"14235 Gleneagle Dr",,"Colorado Springs",Colorado,80921,,Active,4262,"Property in good standing",142549,51764cc700435d10999357793,Edmund,Stegner,,,,
1,"285 Palm Springs Dr",6131302001,"285 Palm Springs Dr",,"Colorado Springs",Colorado,80921,,Active,4262,"Property in good standing",142767,25260e99d512fde5298667201,Daniel,Denning,,,,
1,"445 Rangely Dr",6131402018,"445 Rangely Dr",,"Colorado Springs",Colorado,80921,,Active,4262,"Property in good standing",142955,7156168a211396ce576513010,Todd,Rowe,,,,
1,"35 Palm Springs Dr",6131404005,"35 Palm Springs Dr",,"Colorado Springs",Colorado,80921,,Active,4262,"Property in good standing",142721,49360e99d4f05848026859802,"Christopher W",Wilson,,330,2016-09-26,
1,"14108 Candlewood Court",6206104043,"14108 Candlewood Court",,"Colorado Springs",Colorado,80921,,Active,4262,"Property in good standing",142557,58960e99d4799499648335924,Tom,Graham,,134,2017-07-31,
1,"380 Palm Springs Dr",6131403001,"380 Palm Springs Dr",,"Colorado Springs",Colorado,80921,,Active,4262,"Property in good standing",142778,66860e99d51aad2f182473990,Leah,"Butler Molnar",,397,2019-09-13,
1,"595 Wuthering Heights Dr",6131101061,"595 Wuthering Heights Dr",,"Colorado Springs",Colorado,80921,,Active,4262,"Property in good standing",142967,985618a942eccbca868080388,Teri,McGrath,,,,
1,"135 Palm Springs Dr",6131302008,"135 Palm Springs Dr",,"Colorado Springs",Colorado,80921,,Active,4262,"Property in good standing",142732,88160e99d4f8f00f944534789,Charles,Delich,,,,
1,"14170 Candlewood Court",6206104004,"14170 Candlewood Court",,"Colorado Springs",Colorado,80921,,Active,4262,"Property in good standing",142565,77464012194b67ef133201448,Robin,"Chambon Kerr",,,,
1,"210 Rangely Dr",6131309021,"210 Rangely Dr",,"Colorado Springs",Colorado,80921,,Active,4262,"Property in good standing",142791,53960e99d5253b37541107168,Kirk,Hennen,,413,2021-03-11,
1,"15250 Renoir Place",6131101101,"15250 Renoir Place",,"Colorado Springs",Colorado,80921,,Active,4262,"Property in good standing",142979,76760e99d5adeab1370527409,Stephen,Swift,,,,
1,"245 Palm Springs Dr",6131302003,"245 Palm Springs Dr",,"Colorado Springs",Colorado,80921,,Active,4262,"Property in good standing",142743,71260e99d5024d2a266030540,Kelly,Scriber,,,,
1,"60 Rangely Dr",6131309015,"60 Rangely Dr",,"Colorado Springs",Colorado,80921,,Active,4262,"Property in good standing",142803,63860e99d52dd620289991053,"Jeffrey W",Chandler,,,,
1,"14405 Westchester Dr",6206201022,"14405 Westchester Dr",,"Colorado Springs",Colorado,80921,,Active,4262,"Property in good standing",142575,91260e99d4866958848884695,Gary,Walenga,,,,
1,"765 Wuthering Heights Dr",6131101073,"765 Wuthering Heights Dr",,"Colorado Springs",Colorado,80921,,Active,4262,"Property in good standing",142995,65260e99d5b9a884035820090,Marty,Slivka,,,,
1,"265 Cherry Hills Way",6131302030,"265 Cherry Hills Way",,"Colorado Springs",Colorado,80921,,Active,4262,"Property in good standing",142753,29661d0b376d7c10537183261,Carol,Kujawa,,,,
1,"85 Wuthering Heights Dr",6131110055,"85 Wuthering Heights Dr",,"Colorado Springs",Colorado,80921,,Active,4262,"Property in good standing",142814,62760e99d5364bf1068142602,Victor,Tise,,439,1999-06-16,
1,"14505 Bermuda Dunes Way",6206202003,"14505 Bermuda Dunes Way",,"Colorado Springs",Colorado,80921,,Active,4262,"Property in good standing",142584,89260e99d48c614f278951526,Kenneth,Clemons,,165,2016-09-14,
1,"630 Rembrandt Court",6131103089,"630 Rembrandt Court",,"Colorado Springs",Colorado,80921,,Active,4262,"Property in good standing",143003,675661053e1d5889588349800,David,Savage,,,,
1,"13930 Westchester Dr",6206301007,"13930 Westchester Dr",,"Colorado Springs",Colorado,80921,,Active,4262,"Property in good standing",143082,99965204432a5f52771017956,Scott,Robb,,,,
1,"75 Desert Inn Way",6131403006,"75 Desert Inn Way",,"Colorado Springs",Colorado,80921,,Active,4262,"Property in good standing",142824,4476646e3098ea5a276075678,Tasha,Jeffcoat,,,,
1,"14505 Westchester Dr",6206201017,"14505 Westchester Dr",,"Colorado Springs",Colorado,80921,,Active,4262,"Property in good standing",142596,553631e65584df07922311835,Valerie,Stewart,,,,
1,"685 Rembrandt Court",6131103095,"685 Rembrandt Court",,"Colorado Springs",Colorado,80921,,Active,4262,"Property in good standing",143013,29560e99d5c6d077341762580,Samuel,Szarka,,670,2010-12-07,
1,"45 Doral Way",6206205013,"45 Doral Way",,"Colorado Springs",Colorado,80921,,Active,4262,"Property in good standing",143093,22760e99d5fefb41343564923,Darrell,Burghard,,,,
1,"150 Desert Inn Way",6131307007,"150 Desert Inn Way",,"Colorado Springs",Colorado,80921,,Active,4262,"Property in good standing",142831,68760e99d540cc65584767824,Joe,Wallroth,,,,
1,"14565 Westchester Dr",6131303011,"14565 Westchester Dr",,"Colorado Springs",Colorado,80921,,Active,4262,"Property in good standing",142609,74660e99d49ea1e3645818671,Michael,Bochnak,,,,
1,"885 Wuthering Heights Dr",6131110055,"885 Wuthering Heights Dr",,"Colorado Springs",Colorado,80921,,Active,4262,"Property in good standing",143025,85460e99d5cf195c160582757,Michael,Wheeler,,,,
1,"14165 Gleneagle Dr",6206206008,"14165 Gleneagle Dr",,"Colorado Springs",Colorado,80921,,Active,4262,"Property in good standing",143100,91566070f44b013e658500694,Melanie,Bernhardt,,,,
1,"15011 LaJolla Place",,"15011 LaJolla Place",,"Colorado Springs",Colorado,80921,,Active,4262,"Property in good standing",142842,67460e99d5487444649892334,Bronwyn,Davis,,,,
1,"14415 River Oaks Dr",6206201009,"14415 River Oaks Dr",,"Colorado Springs",Colorado,80921,,Active,4262,"Property in good standing",142619,16560e99d4a6e0ba362926225,Mark,Connell,,207,1998-06-09,
1,"14080 Westchester Dr",6206204014,"14080 Westchester Dr",,"Colorado Springs",Colorado,80921,,Active,4262,"Property in good standing",142451,76660e99d42ece59856702467,Sue,Beam,,10,2004-04-04,
1,"15215 Diamondhead Court",6131110051,"15215 Diamondhead Court",,"Colorado Springs",Colorado,80921,,Active,4262,"Property in good standing",143033,408618dbab29b913926052168,Peter,Moran,,,,
1,"14317 Spyglass Hill Pl",6206201115,"14317 Spyglass Hill Pl",,"Colorado Springs",Colorado,80921,,Active,4262,"Property in good standing",143112,577610934f829cbd150206747,Brett,Plentl,,804,,
1,"15056 LaJolla Place",,"15056 LaJolla Place",,"Colorado Springs",Colorado,80921,,Active,4262,"Property in good standing",142853,68060e99d5510374080143780,Harold,Gordon,,,,
1,"14475 River Oaks Dr",6206201005,"14475 River Oaks Dr",,"Colorado Springs",Colorado,80921,,Active,4262,"Property in good standing",142629,25760e99d4ad3eac630260683,Bill,Jordeth,,,,
1,"14195 Westchester Dr",6206201031,"14195 Westchester Dr",,"Colorado Springs",Colorado,80921,,Active,4262,"Property in good standing",142461,38560e99d435b718468918573,Nathan,Randall,,,,
1,"445 Picasso Court",6131103076,"445 Picasso Court",,"Colorado Springs",Colorado,80921,,Active,4262,"Property in good standing",143043,55260e99d5db245c580937089,Josie,Acosta,,,,
1,"311 Silver Rock Pl",6206103050,"311 Silver Rock Pl",,"Colorado Springs",Colorado,80921,,Active,4262,"Property in good standing",143123,392641d1dfcea67e773310103,Sharleen,Leimbach,,,,
1,"14095 Gleneagle Dr",6206205001,"14095 Gleneagle Dr",,"Colorado Springs",Colorado,80921,,Active,4262,"Property in good standing",142511,37560e99d45946c1898680580,Patrick,Gruber,,79,2016-07-28,
1,"190 Desert Inn Way",6131307021,"190 Desert Inn Way",,"Colorado Springs",Colorado,80921,,Active,4270,"Property Dues Delinquent",142835,25260e99d543cc90369065140,Daniel,Swecker,,,,
1,"14710 Gleneagle Dr",6131404015,"14710 Gleneagle Dr",,"Colorado Springs",Colorado,80921,,Active,4262,"Property in good standing",142915,72368a0c088686f5655394512,Philip,Catalfamo,,,,
1,"14640 Latrobe Dr",6131406020,"14640 Latrobe Dr",,"Colorado Springs",Colorado,80921,,Active,4262,"Property in good standing",142687,62860e99d4d7c4ca592377423,"Sandra L.",Paul-Sheasley,,287,2018-02-06,
1,"230 Doral Way",6206206003,"230 Doral Way",,"Colorado Springs",Colorado,80921,,Active,4262,"Property in good standing",142522,46661143fe53b12b252766145,Gordon,Streich,,,,
1,"452 Torrey Pines Way",6131402001,"452 Torrey Pines Way",,"Colorado Springs",Colorado,80921,,Active,4270,"Property Dues Delinquent",142942,78060e99d59295b7102376826,Wayne,Kiel,,,,
1,"14835 Gleneagle Dr",6131402030,"14835 Gleneagle Dr",,"Colorado Springs",Colorado,80921,,Active,4262,"Property in good standing",142925,37064299e7948e83736937661,Todd,Gihring,,,,
1,"260 Pauma Valley Dr",6131302024,"260 Pauma Valley Dr",,"Colorado Springs",Colorado,80921,,Active,4262,"Property in good standing",142697,1906a1cb6f61a26b442092448,Adam,Frank,,,,
1,"330 Doral Way",6206104020,"330 Doral Way",,"Colorado Springs",Colorado,80921,,Active,4262,"Property in good standing",142533,94860e99d46888cb252703239,Joe,Kesting,,,,
1,"645 Rembrandt Court",6131103099,"645 Rembrandt Court",,"Colorado Springs",Colorado,80921,,Active,4270,"Property Dues Delinquent",143005,60260e99d5c0f882208434754,"Stephanie D",Krawzyk,,,,
1,"422 Torrey Pines Way",6131402008,"422 Torrey Pines Way",,"Colorado Springs",Colorado,80921,,Active,4262,"Property in good standing",142937,96160e99d58edf86585789356,Douglas,Guilzon,,,,
1,"55 Pauma Valley Dr",6131303009,"55 Pauma Valley Dr",,"Colorado Springs",Colorado,80921,,Active,4262,"Property in good standing",142707,60860e99d4e60f3b739939206,Carmen,Decker,"Robert and Guia",313,2013-05-20,
1,"14205 Gleneagle Dr",6206104021,"14205 Gleneagle Dr",,"Colorado Springs",Colorado,80921,,Active,4262,"Property in good standing",142543,324645eaecac6ae7518140679,Melissa,Liljestrand,,,,
1,"14725 Cherry Hills Place",6131404012,"14725 Cherry Hills Place",,"Colorado Springs",Colorado,80921,,Active,4262,"Property in good standing",142760,16360e99d50dfc59301877274,Joe,Brouillard,,,,
1,"340 Rangely Dr",6131401008,"340 Rangely Dr",,"Colorado Springs",Colorado,80921,,Active,4262,"Property in good standing",142948,69060e99d5974274289688503,Leslie,Thompson,,595,2019-07-10,
1,"205 Pauma Valley Dr",6131303004,"205 Pauma Valley Dr",,"Colorado Springs",Colorado,80921,,Active,4262,"Property in good standing",142716,77160e99d4ebc1d3849644265,Mark,McGrath,,,,
1,"14240 Gleneagle Dr",6206103007,"14240 Gleneagle Dr",,"Colorado Springs",Colorado,80921,,Active,4262,"Property in good standing",142551,26260e99d4756a1f608556564,"Michael D",Watts,,125,2017-05-01,
1,"320 Palm Springs Dr",6131403004,"320 Palm Springs Dr",,"Colorado Springs",Colorado,80921,,Active,4262,"Property in good standing",142770,77260e99d5152f03200815204,Julius,Grant,,,,
1,"520 Rangely Dr",6131401003,"520 Rangely Dr",,"Colorado Springs",Colorado,80921,,Active,4262,"Property in good standing",142958,18460e99d59e85c0972691043,Peggy,Riggen,,605,2001-05-29,
1,"70 Palm Springs Dr",6131301015,"70 Palm Springs Dr",,"Colorado Springs",Colorado,80921,,Active,4262,"Property in good standing",142724,66660e99d4f23181329845932,Kambriel,Macaluso-Williams,,333,2013-06-07,
1,"14125 Candlewood Court",6206104006,"14125 Candlewood Court",,"Colorado Springs",Colorado,80921,,Active,4262,"Property in good standing",142560,53260e99d47b3e78121001645,Chris,Kane,,138,2002-07-05,
1,"255 Desert Inn Way",6131301031,"255 Desert Inn Way",,"Colorado Springs",Colorado,80921,,Active,4262,"Property in good standing",142781,42260e99d51c5686435782986,Don,Wallace,,,,
1,"630 Wuthering Heights Dr",6131103103,"630 Wuthering Heights Dr",,"Colorado Springs",Colorado,80921,,Active,4262,"Property in good standing",142970,90762156d449ffea025713088,Kevin,Baker,,,,
1,"155 Palm Springs Dr",6131302007,"155 Palm Springs Dr",,"Colorado Springs",Colorado,80921,,Active,4262,"Property in good standing",142735,18460e99d4fb3aa3461598406,Hans,Robinson,,,,
1,"250 Rangely Dr",6131307023,"250 Rangely Dr",,"Colorado Springs",Colorado,80921,,Active,4262,"Property in good standing",142794,86661b8e82d086c1504426223,Jonathan,Baldwin,,,,
1,"14185 Candlewood Court",6206104002,"14185 Candlewood Court",,"Colorado Springs",Colorado,80921,,Active,4262,"Property in good standing",142567,60160e99d480e9f0140267530,"Steven William",Rempelos,,145,2017-11-28,
1,"690 Wuthering Heights Dr",,"690 Wuthering Heights Dr",,"Colorado Springs",Colorado,80921,,Active,4262,"Property in good standing",142985,1686240a36a454b9097118438,Robin,Krzykowski,,,,
1,"270 Palm Springs Dr",6131301037,"270 Palm Springs Dr",,"Colorado Springs",Colorado,80921,,Active,4262,"Property in good standing",142746,20660e99d503ff3d544760787,Larry,Hairhoger,,,,
1,"115 Rangely Dr",6131301025,"115 Rangely Dr",,"Colorado Springs",Colorado,80921,,Active,4262,"Property in good standing",142806,86960e99d530b678490733495,Kyle,Ziegler,,,,
1,"14445 Westchester Dr",6206201020,"14445 Westchester Dr",,"Colorado Springs",Colorado,80921,,Active,4262,"Property in good standing",142577,95160e99d4881bcb576067737,Pam,Padgett,,158,2001-05-16,
1,"775 Wuthering Heights Dr",6131101074,"775 Wuthering Heights Dr",,"Colorado Springs",Colorado,80921,,Active,4262,"Property in good standing",142997,15260e99d5baf0af761622763,Kevin,Hamblin,,651,2014-08-28,
1,"10 Desert Inn Way",6131307022,"10 Desert Inn Way",,"Colorado Springs",Colorado,80921,,Active,4262,"Property in good standing",142815,15369ab5ed4c2809657677826,Joseph,Besler,,,,
1,"14550 Bermuda Dunes Way",6131308045,"14550 Bermuda Dunes Way",,"Colorado Springs",Colorado,80921,,Active,4262,"Property in good standing",142588,48960e99d48ef735971839636,Daniel,Litwhiler,,,,
1,"655 Rembrandt Court",6131103098,"655 Rembrandt Court",,"Colorado Springs",Colorado,80921,,Active,4262,"Property in good standing",143007,10460e99d5c25da8327486621,"Robert D",Mullins,,,,
1,"13935 Westchester Dr",6206301002,"13935 Westchester Dr",,"Colorado Springs",Colorado,80921,,Active,4262,"Property in good standing",143083,45963248ec6df079408872585,Jean,Brown,,,,
1,"95 Desert Inn Way",6131403008,"95 Desert Inn Way",,"Colorado Springs",Colorado,80921,,Active,4262,"Property in good standing",142826,78960e99d53d41f0471915350,John,Coulahan,,454,2004-05-10,
1,"14525 Westchester Dr",6131303021,"14525 Westchester Dr",,"Colorado Springs",Colorado,80921,,Active,4262,"Property in good standing",142599,33560e99d497f251735529774,Paula,Berkel,,184,2020-07-10,
1,"835 Wuthering Heights Dr",6131101105,"835 Wuthering Heights Dr",,"Colorado Springs",Colorado,80921,,Active,4262,"Property in good standing",143016,83960e99d5c88fee371308392,Richard,Koshak,,,,
1,"350 Doral Way",6206104049,"350 Doral Way",,"Colorado Springs",Colorado,80921,,Active,4262,"Property in good standing",143095,24360e99d60179d0493409662,Barbara,Ping,,767,2018-08-15,
1,"170 Desert Inn Way",6131307020,"170 Desert Inn Way",,"Colorado Springs",Colorado,80921,,Active,4262,"Property in good standing",142834,21260e99d542f51b903931340,"Jessica Marie",Bachmeier,,,,
1,"14575 Westchester Dr",6131303013,"14575 Westchester Dr",,"Colorado Springs",Colorado,80921,,Active,4262,"Property in good standing",142612,25660e99d4a195aa811557900,Stephen,Steele,,,,
1,"13965 Westchester Dr",6206302001,"13965 Westchester Dr",,"Colorado Springs",Colorado,80921,,Active,4262,"Property in good standing",142442,68264d5548624fec026011907,Casey,West,,,,
1,"910 Wuthering Heights Dr",6131103065,"910 Wuthering Heights Dr",,"Colorado Springs",Colorado,80921,,Active,4262,"Property in good standing",143027,47169c098095caef353648778,Kevin,Siegrist,,,,
1,"14185 Gleneagle Dr",6206104046,"14185 Gleneagle Dr",,"Colorado Springs",Colorado,80921,,Active,4262,"Property in good standing",143102,2786328ba81aa1da664101667,Tricia,Mandeville,,,,
1,"15025 LaJolla Place",,"15025 LaJolla Place",,"Colorado Springs",Colorado,80921,,Active,4262,"Property in good standing",142845,45160e99d54b036e093529355,Fred,Gatz,,,,
1,"14440 River Oaks Dr",6206201014,"14440 River Oaks Dr",,"Colorado Springs",Colorado,80921,,Active,4262,"Property in good standing",142623,33560e99d4a97a4e291619933,James,Barager,,,,
1,"14090 Westchester Dr",6206204013,"14090 Westchester Dr",,"Colorado Springs",Colorado,80921,,Active,4262,"Property in good standing",142452,77460e99d42f3e40698636056,Joel,Brown,,11,,
1,"15235 Diamondhead Court",6131110050,"15235 Diamondhead Court",,"Colorado Springs",Colorado,80921,,Active,4262,"Property in good standing",143035,89060e99d5d5f60f902213031,Monique,Vollmer,,695,2003-05-12,
1,"14344 Spyglass Hill Pl",6206201112,"14344 Spyglass Hill Pl",,"Colorado Springs",Colorado,80921,,Active,4262,"Property in good standing",143115,504614486caae7ff399053828,Glenn,Gutnayer,,,,
1,"115 Wuthering Heights Dr",6131307011,"115 Wuthering Heights Dr",,"Colorado Springs",Colorado,80921,,Active,4262,"Property in good standing",142855,1176a9718bee65c7308144200,Michael,Brown,,,,
1,"14510 River Oaks Dr",6131303028,"14510 River Oaks Dr",,"Colorado Springs",Colorado,80921,,Active,4262,"Property in good standing",142632,12160e99d4b012ed221524566,Gurdeep,Singh,"Yagnaram Singh",,,
1,"14210 Westchester Dr",6206204008,"14210 Westchester Dr",,"Colorado Springs",Colorado,80921,,Active,4262,"Property in good standing",142463,76060e99d4376ffc736000698,Kevin,Deardorff,,25,2010-10-22,
1,"450 Picasso Court",6131103072,"450 Picasso Court",,"Colorado Springs",Colorado,80921,,Active,4262,"Property in good standing",143044,9076a540ae8ba085974609544,Joy,Doyle,,,,
1,"350 Silver Rock Pl",6206103056,"350 Silver Rock Pl",,"Colorado Springs",Colorado,80921,,Active,4262,"Property in good standing",143126,724610142c88bdab035301544,,,"G & S Development",,,
1,"170 Wuthering Heights Dr",6131206073,"170 Wuthering Heights Dr",,"Colorado Springs",Colorado,80921,,Active,4262,"Property in good standing",142864,72660e99d55a7abe064195979,Carolyn,Bird,,498,2019-10-11,
1,"14550 River Oaks Dr",6131303064,"14550 River Oaks Dr",,"Colorado Springs",Colorado,80921,,Active,4262,"Property in good standing",142641,96868fa43ac992dd693840330,Peggy,Sherick,,,,
1,"14350 Westchester Dr",6206204003,"14350 Westchester Dr",,"Colorado Springs",Colorado,80921,,Active,4262,"Property in good standing",142473,75168d16fc5908ab905873928,Steven,Traweek,,,,
1,"305 Wuthering Heights Dr",6131104011,"305 Wuthering Heights Dr",,"Colorado Springs",Colorado,80921,,Active,4262,"Property in good standing",143053,80260e99d5e202d6640092524,John,Little,,719,1994-06-07,
1,"14148 Stone Eagle Place",6206201126,"14148 Stone Eagle Place",,"Colorado Springs",Colorado,80921,,Active,4262,"Property in good standing",143137,205622812b0b6d38123164350,Thomas,Rogers,,,,
1,"255 Wuthering Heights Dr",6131209003,"255 Wuthering Heights Dr",,"Colorado Springs",Colorado,80921,,Active,4262,"Property in good standing",142874,29360e99d562627d556701676,Nicholas,Rawe,,,,
1,"14625 River Oaks Dr",6131306005,"14625 River Oaks Dr",,"Colorado Springs",Colorado,80921,,Active,4262,"Property in good standing",142653,7456a5bc4519d3ee396840523,KEVIN,Nunn,,,,
1,"40 Huntington Beach Dr",6206201048,"40 Huntington Beach Dr",,"Colorado Springs",Colorado,80921,,Active,4262,"Property in good standing",142481,55563fd2520684bf984958833,Casey,Stewart,,,,
1,"435 Wuthering Heights Dr",6131104005,"435 Wuthering Heights Dr",,"Colorado Springs",Colorado,80921,,Active,4262,"Property in good standing",143062,63160e99d5e7e671202353854,Jim,Kogler,,,,
1,"170 Huntington Beach Dr",6206201058,"170 Huntington Beach Dr",,"Colorado Springs",Colorado,80921,,Active,4270,"Property Dues Delinquent",142495,88760e99d44d2af1055027159,Kayla,Sweet,,,,
1,"15175 Thornbird Ct",6131206085,"15175 Thornbird Ct",,"Colorado Springs",Colorado,80921,,Active,4262,"Property in good standing",142884,56160e99d56a4384836960667,Josh,Lunn,,518,2012-02-28,
1,"140 Mission Hill Way",6206201082,"140 Mission Hill Way",,"Colorado Springs",Colorado,80921,,Active,4262,"Property in good standing",142659,2246847090a69ceb583358541,Rob,Carlson,,,,
1,"145 Huntington Beach Dr",6206201064,"145 Huntington Beach Dr",,"Colorado Springs",Colorado,80921,,Active,4262,"Property in good standing",142492,11860e99d44b73cd149051979,Bob,Minkus,,,,
1,"530 Wuthering Heights Dr",6131103086,"530 Wuthering Heights Dr",,"Colorado Springs",Colorado,80921,,Active,4262,"Property in good standing",143070,7486612feac15375151093728,Travis,Williams,,,,
1,"14620 River Oaks Dr",6131303037,"14620 River Oaks Dr",,"Colorado Springs",Colorado,80921,,Active,4270,"Property Dues Delinquent",142652,23860e99d4bedd9a515727915,Justin,Jenkins,,243,2020-03-23,
1,"470 Cherry Hills Way",6131405010,"470 Cherry Hills Way",,"Colorado Springs",Colorado,80921,,Active,4262,"Property in good standing",142896,90460e99d571c4e7116624438,Milton,Miller,,533,2004-08-13,
1,"14505 Latrobe Dr",6206101007,"14505 Latrobe Dr",,"Colorado Springs",Colorado,80921,,Active,4262,"Property in good standing",142669,39860e99d4cb316b629533635,Patricia,Roberts,,,,
1,"14055 Gleneagle Dr",6206205005,"14055 Gleneagle Dr",,"Colorado Springs",Colorado,80921,,Active,4262,"Property in good standing",142503,41260e99d453c209560201938,Daniel,Smith,,,,
1,"13915 Westchester Dr",6206301004,"13915 Westchester Dr",,"Colorado Springs",Colorado,80921,,Active,4262,"Property in good standing",143079,61060e99d5f41dc8015812368,Christopher,Ratcliff,,751,1992-10-20,
1,"305 Cherry Hills Way",6131302029,"305 Cherry Hills Way",,"Colorado Springs",Colorado,80921,,Active,4270,"Property Dues Delinquent",142754,54160e99d509a728282962422,"Barbara K.",Bishop,,370,1997-09-05,
1,"14740 Latrobe Dr",6131405002,"14740 Latrobe Dr",,"Colorado Springs",Colorado,80921,,Active,4262,"Property in good standing",142905,34060e99d579967f307564693,John,Ogden,,,,
1,"14560 Latrobe Dr",6131406018,"14560 Latrobe Dr",,"Colorado Springs",Colorado,80921,,Active,4262,"Property in good standing",142680,773614b80c07a110918601096,Kelly,Halligan,,,,
1,"85 Doral Way",6206205009,"85 Doral Way",,"Colorado Springs",Colorado,80921,,Active,4262,"Property in good standing",142514,749613ff458e2517296053510,Jill,Pellegrino,,,,
1,"14525 Gleneagle Dr",6131406009,"14525 Gleneagle Dr",,"Colorado Springs",Colorado,80921,,Active,4270,"Property Dues Delinquent",142885,50860e99d56abb99286335336,"Bradley Dale",Koch,,522,2015-05-05,
1,"14735 Gleneagle Dr",6131405004,"14735 Gleneagle Dr",,"Colorado Springs",Colorado,80921,,Active,4262,"Property in good standing",142919,62562157329b892d416817429,Rebecca,Shwen,,,,
1,"14455 Gleneagle Dr",6206101004,"14455 Gleneagle Dr",,"Colorado Springs",Colorado,80921,,Active,4262,"Property in good standing",142690,484656ec08fd9ed6605079574,"Jacob and Tarema",Riddle,,,,
1,"265 Doral Way",6206205018,"265 Doral Way",,"Colorado Springs",Colorado,80921,,Active,4262,"Property in good standing",142526,46360e99d4642906815192801,Zackery,Reeser,,,,
1,"535 Rangely Dr",6131402020,"535 Rangely Dr",,"Colorado Springs",Colorado,80921,,Active,4270,"Property Dues Delinquent",142959,25260e99d59ef97c547212377,Matthew,Windland,,,,
1,"465 Palm Springs Way",6131402027,"465 Palm Springs Way",,"Colorado Springs",Colorado,80921,,Active,4262,"Property in good standing",142930,51960e99d58aa54f051375579,Dennis,Roesler,,574,2007-12-12,
1,"330 Pauma Valley Dr",6131302027,"330 Pauma Valley Dr",,"Colorado Springs",Colorado,80921,,Active,4262,"Property in good standing",142701,57860e99d4e1fb8a700257128,ChoCho,DeSantis,,304,2019-05-08,
1,"14140 Gleneagle Dr",6206201070,"14140 Gleneagle Dr",,"Colorado Springs",Colorado,80921,,Active,4262,"Property in good standing",142537,2ca923bc-c45d-11eb-a165-246e967886f8,Bruce,Randall,,,,
1,"13920 Westchester Dr",6206301006,"13920 Westchester Dr",,"Colorado Springs",Colorado,80921,,Active,4270,"Property Dues Delinquent",143080,30760e99d5f48df8647500166,"Eric and Melissa",Taimanglo,,,,
1,"446 Torrey Pines Way",6131402004,"446 Torrey Pines Way",,"Colorado Springs",Colorado,80921,,Active,4262,"Property in good standing",142941,64960e99d592235f350642918,Jim,Myers,,585,1996-01-30,
1,"105 Pauma Valley Dr",6131303059,"105 Pauma Valley Dr",,"Colorado Springs",Colorado,80921,,Active,4262,"Property in good standing",142709,97464ce829a35e0d414740859,Michael,Gray,,,,
1,"14220 Gleneagle Dr",6206103009,"14220 Gleneagle Dr",,"Colorado Springs",Colorado,80921,,Active,4262,"Property in good standing",142546,93560e99d471e015537380655,Louie,Mendoza,,120,2015-12-29,
1,"14750 Cherry Hills Place",6131404008,"14750 Cherry Hills Place",,"Colorado Springs",Colorado,80921,,Active,4262,"Property in good standing",142763,89463e1c5dfb15c4311698254,"W & C",Tustin,,,,
1,"360 Rangely Dr",6131401007,"360 Rangely Dr",,"Colorado Springs",Colorado,80921,,Active,4262,"Property in good standing",142950,7476890f3a156a82305554639,Glen,Westcott,,,,
1,"225 Pauma Valley Dr",6131303003,"225 Pauma Valley Dr",,"Colorado Springs",Colorado,80921,,Active,4262,"Property in good standing",142718,20560e99d4eddbd2367124932,Frank,Falvo,,,,
1,"14247 Gleneagle Dr",6206104027,"14247 Gleneagle Dr",,"Colorado Springs",Colorado,80921,,Active,4262,"Property in good standing",142553,808662abc881f8a1112840382,Weston,Moran,,,,
1,"340 Palm Springs Dr",6131403003,"340 Palm Springs Dr",,"Colorado Springs",Colorado,80921,,Active,4262,"Property in good standing",142773,83260e99d5174737150780111,Alan,Daines,,,,
1,"565 Rangely Dr",6131402021,"565 Rangely Dr",,"Colorado Springs",Colorado,80921,,Active,4262,"Property in good standing",142961,4026892c18d1f63e423362915,Kathleen,Potter,,,,
1,"90 Palm Springs Dr",6131301001,"90 Palm Springs Dr",,"Colorado Springs",Colorado,80921,,Active,4262,"Property in good standing",142726,38260e99d4f38253389204385,T.K.,Evans,,335,,
1,"14135 Candlewood Court",6206104005,"14135 Candlewood Court",,"Colorado Springs",Colorado,80921,,Active,4262,"Property in good standing",142562,1526aa768d7315b8535946789,Holly,Edward,,,,
1,"285 Desert Inn Way",6131403007,"285 Desert Inn Way",,"Colorado Springs",Colorado,80921,,Active,4262,"Property in good standing",142784,52660e99d51e9a41734729115,Kathleen,Apel,,,,
1,"670 Wuthering Heights Dr",6131103105,"670 Wuthering Heights Dr",,"Colorado Springs",Colorado,80921,,Active,4262,"Property in good standing",142974,83860e99d5a9c625494266303,"Alan Robert",Joughin,,,,
1,"190 Palm Springs Dr",6131301008,"190 Palm Springs Dr",,"Colorado Springs",Colorado,80921,,Active,4262,"Property in good standing",142738,46460e99d4fd9891610538280,Jonathon,Slater,,,,
1,"290 Rangely Dr",6131307001,"290 Rangely Dr",,"Colorado Springs",Colorado,80921,,Active,4262,"Property in good standing",142798,87860e99d52a6c4a405216051,Barton,Jones,,,,
1,"14270 Gleneagle Dr",6206103003,"14270 Gleneagle Dr",,"Colorado Springs",Colorado,80921,,Active,4262,"Property in good standing",142570,20660e99d482340a538361432,Dennis,Finnessey,,,,
1,"725 Wuthering Heights Dr",6131101069,"725 Wuthering Heights Dr",,"Colorado Springs",Colorado,80921,,Active,4262,"Property in good standing",142989,98460e99d5b56403596202825,Young,Kim,,643,2008-06-27,
1,"240 Cherry Hills Way",6131302035,"240 Cherry Hills Way",,"Colorado Springs",Colorado,80921,,Active,4262,"Property in good standing",142750,55760e99d50779a5277745738,Edward,Aguilar,,,,
1,"140 Rangely Dr",6131309018,"140 Rangely Dr",,"Colorado Springs",Colorado,80921,,Active,4262,"Property in good standing",142809,81660e99d532dec5159442327,Kenneth,Childress,,,,
1,"14460 Bermuda Dunes Way",6206203002,"14460 Bermuda Dunes Way",,"Colorado Springs",Colorado,80921,,Active,4262,"Property in good standing",142581,61360e99d489d2e9997015177,Dan,Dueber,,,,
1,"610 Rembrandt Court",6131103087,"610 Rembrandt Court",,"Colorado Springs",Colorado,80921,,Active,4262,"Property in good standing",143000,73360e99d5bd067c674547274,"Richard (Rick)",Rogers,Megan,657,2006-07-27,
1,"40 Desert Inn Way",6131307018,"40 Desert Inn Way",,"Colorado Springs",Colorado,80921,,Active,4262,"Property in good standing",142819,86960e99d5395dc8598654345,Michael,Fucci,,447,2020-12-31,
1,"14465 Westchester Dr",6206201019,"14465 Westchester Dr",,"Colorado Springs",Colorado,80921,,Active,4262,"Property in good standing",142592,58660e99d492b3c8059171488,Eric,Seremet,,177,2010-12-17,
1,"665 Rembrandt Court",6131103097,"665 Rembrandt Court",,"Colorado Springs",Colorado,80921,,Active,4262,"Property in good standing",143009,79660e99d5c43480934249009,"Jay A",Dankoff,,666,2015-09-11,
1,"13950 Westchester Dr",6206301009,"13950 Westchester Dr",,"Colorado Springs",Colorado,80921,,Active,4262,"Property in good standing",143086,80560e99d5f9908c098725856,Michael,Wader,,,,
1,"135 Desert Inn Way",6131309025,"135 Desert Inn Way",,"Colorado Springs",Colorado,80921,,Active,4262,"Property in good standing",142829,33060e99d53f0760675686768,Malham,Wakin,,,,
1,"14550 Westchester Dr",6131304001,"14550 Westchester Dr",,"Colorado Springs",Colorado,80921,,Active,4262,"Property in good standing",142603,17260e99d49a902a358815097,Douglas,Murray,,188,2014-10-10,
1,"860 Wuthering Heights Dr",6131103062,"860 Wuthering Heights Dr",,"Colorado Springs",Colorado,80921,,Active,4262,"Property in good standing",143020,17065438ec06ff74193221109,Duane,Clingen,,,,
1,"14145 Gleneagle Dr",6206206006,"14145 Gleneagle Dr",,"Colorado Springs",Colorado,80921,,Active,4262,"Property in good standing",143098,89160e99d603a6fc029669986,Adam,Williams,,,,
1,"235 Desert Inn Way",6131309001,"235 Desert Inn Way",,"Colorado Springs",Colorado,80921,,Active,4262,"Property in good standing",142838,24460e99d5458a49291980426,David,Meier,,466,2010-07-26,
1,"14594 Westchester Dr",6131304005,"14594 Westchester Dr",,"Colorado Springs",Colorado,80921,,Active,4262,"Property in good standing",142615,34860e99d4a3c6fe168687134,Kenneth,Judd,,,,
1,"13995 Westchester Dr",6206302004,"13995 Westchester Dr",,"Colorado Springs",Colorado,80921,,Active,4262,"Property in good standing",142445,25060e99d42985d0543678914,Adam,Eggehorn,,,,
1,"925 Wuthering Heights Dr",6131110052,"925 Wuthering Heights Dr",,"Colorado Springs",Colorado,80921,,Active,4262,"Property in good standing",143030,42460e99d5d35684180295616,Brian,Scott,,690,2015-03-11,
1,"95 Pauma Valley Dr",6131303062,"95 Pauma Valley Dr",,"Colorado Springs",Colorado,80921,,Active,4262,"Property in good standing",143107,43160e99d608c4f6754673954,Richard,Hunt,,779,2019-01-23,
1,"15034 LaJolla Place",,"15034 LaJolla Place",,"Colorado Springs",Colorado,80921,,Active,4262,"Property in good standing",142848,28760e99d54d984d524557151,Phillip,Spry,,,,
1,"14450 River Oaks Dr",6206201015,"14450 River Oaks Dr",,"Colorado Springs",Colorado,80921,,Active,4262,"Property in good standing",142625,1136a039b332a34b476594240,Raymond,Micklewright,,,,
1,"14135 Westchester Dr",6206201033,"14135 Westchester Dr",,"Colorado Springs",Colorado,80921,,Active,4262,"Property in good standing",142456,37060e99d432a2b7514392443,James,Yagmin,,18,2013-05-31,
1,"425 Picasso Court",6131103078,"425 Picasso Court",,"Colorado Springs",Colorado,80921,,Active,4262,"Property in good standing",143039,63660e99d5d7a2a3502109322,Bradley,LaRousse,,,,
1,"14359 Spyglass Hill Pl",6206103048,"14359 Spyglass Hill Pl",,"Colorado Springs",Colorado,80921,,Active,4262,"Property in good standing",143118,71160e99d60f0774808103298,Janna,Jacobs,,810,2020-09-10,
1,"165 Wuthering Heights Dr",6131209019,"165 Wuthering Heights Dr",,"Colorado Springs",Colorado,80921,,Active,4262,"Property in good standing",142858,94664c6d10832b6d076278147,Geraldo,Desouza,,,,
1,"14521 River Oaks Dr",6206201004,"14521 River Oaks Dr",,"Colorado Springs",Colorado,80921,,Active,4262,"Property in good standing",142635,65860e99d4b22d67345576844,Mary,Nance,,226,2002-09-17,
1,"14265 Westchester Dr",6206201102,"14265 Westchester Dr",,"Colorado Springs",Colorado,80921,,Active,4262,"Property in good standing",142468,30960e99d43a8735840383082,Stephen,Turner,,,,
1,"465 Picasso Court",6131103074,"465 Picasso Court",,"Colorado Springs",Colorado,80921,,Active,4262,"Property in good standing",143047,87460e99d5de33e9203014584,Barrett,Lamb,,710,2018-06-20,
1,"371 Silver Rock Pl",6206103053,"371 Silver Rock Pl",,"Colorado Springs",Colorado,80921,,Active,4262,"Property in good standing",143129,724610142c88bdab035301544,,,"G & S Development",,,
1,"220 Wuthering Heights Dr",6131206077,"220 Wuthering Heights Dr",,"Colorado Springs",Colorado,80921,,Active,4262,"Property in good standing",142868,88960e99d55d9af8605559822,Dennis,Novich,,,,
1,"14570 River Oaks Dr",6131303034,"14570 River Oaks Dr",,"Colorado Springs",Colorado,80921,,Active,4262,"Property in good standing",142645,38760e99d4ba15fa872970114,Linda,Musarra,,236,2001-10-10,
1,"215 Scottsdale Dr",6206204002,"215 Scottsdale Dr",,"Colorado Springs",Colorado,80921,,Active,4262,"Property in good standing",142477,49663e3c33f46c4a087182003,"Home Partners","Of Americ",,,,
1,"360 Wuthering Heights Dr",6131106022,"360 Wuthering Heights Dr",,"Colorado Springs",Colorado,80921,,Active,4262,"Property in good standing",143057,49460e99d5e4f82d400086604,Jon,Reisinger,,723,2010-04-01,
1,"14161 Stone Eagle Place",6206201131,"14161 Stone Eagle Place",,"Colorado Springs",Colorado,80921,,Active,4262,"Property in good standing",143140,40464027041d2f30955137408,"Brian And Cindy",Veldhuizen,,,,
1,"275 Wuthering Heights Dr",6131209002,"275 Wuthering Heights Dr",,"Colorado Springs",Colorado,80921,,Active,4262,"Property in good standing",142876,26360e99d56421c5244883432,"Leonard D. Jr",Miller,,510,1987-08-01,
1,"14640 River Oaks Dr",6131303038,"14640 River Oaks Dr",,"Colorado Springs",Colorado,80921,,Active,4262,"Property in good standing",142655,11064d2fd18bbaa6328949894,Julia,Thomas,,,,
1,"72 Huntington Beach Dr",6206201052,"72 Huntington Beach Dr",,"Colorado Springs",Colorado,80921,,Active,4262,"Property in good standing",142485,64360e99d447a01a908117956,Catherine,Woods,,50,1989-03-09,
1,"455 Wuthering Heights Dr",6131104004,"455 Wuthering Heights Dr",,"Colorado Springs",Colorado,80921,,Active,4262,"Property in good standing",143064,47364a21f37cfe3e834503493,Joshua,Maine,,,,
1,"14190 Gleneagle Dr",6206103011,"14190 Gleneagle Dr",,"Colorado Springs",Colorado,80921,,Active,4270,"Property Dues Delinquent",142542,4016623c7edd7ef4768999788,"Marc and Sally",Boyce,,,,
1,"410 Cherry Hills Way",6131405007,"410 Cherry Hills Way",,"Colorado Springs",Colorado,80921,,Active,4262,"Property in good standing",142890,61860e99d56db290435448829,Levi,Atkinson,,527,2019-05-14,
1,"180 Mission Hill Way",6206201084,"180 Mission Hill Way",,"Colorado Springs",Colorado,80921,,Active,4262,"Property in good standing",142663,75060e99d4c74857320644520,Randall,Green,,,,
1,"180 Huntington Beach Dr",6206201059,"180 Huntington Beach Dr",,"Colorado Springs",Colorado,80921,,Active,4262,"Property in good standing",142496,14760e99d44e0192343099339,"Tim & Susan",Colchin,,61,2021-08-12,
1,"15010 Hilton Head Court",6131104012,"15010 Hilton Head Court",,"Colorado Springs",Colorado,80921,,Active,4262,"Property in good standing",143073,727689e6cb193184275695398,MAX,DELGADO,,,,
1,"75 Pauma Valley Dr",6131408001,"75 Pauma Valley Dr",,"Colorado Springs",Colorado,80921,,Active,4270,"Property Dues Delinquent",142708,51060e99d4e67fe1354324006,Brian,Lumberg,,,,
1,"14680 Latrobe Dr",6131406001,"14680 Latrobe Dr",,"Colorado Springs",Colorado,80921,,Active,4262,"Property in good standing",142900,60661b3531a48cd6257759965,Eric,Moore,,,,
1,"14525 Latrobe Dr",6131402053,"14525 Latrobe Dr",,"Colorado Springs",Colorado,80921,,Active,4262,"Property in good standing",142673,76760e99d4cdf8d9592596561,Duane,Gritzmaker,,,,
1,"14075 Gleneagle Dr",6206205003,"14075 Gleneagle Dr",,"Colorado Springs",Colorado,80921,,Active,4262,"Property in good standing",142507,28660e99d456b39b998983903,Joan,Powell,,,,
1,"155 Rangely Dr",6131301027,"155 Rangely Dr",,"Colorado Springs",Colorado,80921,,Active,4270,"Property Dues Delinquent",142786,24960e99d52128a8554322668,Kevin,Roberts,,,,
1,"14776 Latrobe Court",6131402036,"14776 Latrobe Court",,"Colorado Springs",Colorado,80921,,Active,4262,"Property in good standing",142911,89760e99d57e560e165591014,Paulette,Marine,,552,2003-06-02,
1,"14585 Latrobe Dr",6131402062,"14585 Latrobe Dr",,"Colorado Springs",Colorado,80921,,Active,4262,"Property in good standing",142683,79960e99d4d4bdc3665208669,Chris,Clabaugh,,,,
1,"145 Doral Way",6206205013,"145 Doral Way",,"Colorado Springs",Colorado,80921,,Active,4262,"Property in good standing",142518,368655c2cd553921811028275,James,Schloss,,,,
1,"14783 Latrobe Court",6131402039,"14783 Latrobe Court",,"Colorado Springs",Colorado,80921,,Active,4270,"Property Dues Delinquent",142912,18660e99d57ec2ce135292531,Christopher,Weisheit,,553,2019-03-19,
1,"14790 Gleneagle Dr",6131404019,"14790 Gleneagle Dr",,"Colorado Springs",Colorado,80921,,Active,4262,"Property in good standing",142922,72468307f369ac37623427111,Erin,Anderson,,,,
1,"245 Pauma Valley Dr",146131303002,"245 Pauma Valley Dr",,"Colorado Springs",Colorado,80921,,Active,4262,"Property in good standing",142695,26660e99d4dc7960389870516,"Mark A",Greer,,,,
1,"290 Doral Way",6206104018,"290 Doral Way",,"Colorado Springs",Colorado,80921,,Active,4262,"Property in good standing",142529,65960e99d46655a1989813974,John,Bolin,,,,
1,"15270 Renoir Place",6131101099,"15270 Renoir Place",,"Colorado Springs",Colorado,80921,,Active,4270,"Property Dues Delinquent",142983,46660e99d5b1ae66845242173,,,"Managed by: Gloriod Property Management company",636,2009-03-31,
1,"485 Palm Springs Way",6131402025,"485 Palm Springs Way",,"Colorado Springs",Colorado,80921,,Active,4262,"Property in good standing",142934,65660e99d58cc15f922354202,Audrey,Sargent,,578,2019-10-04,
1,"375 Pauma Valley Dr",6131408001,"375 Pauma Valley Dr",,"Colorado Springs",Colorado,80921,,Active,4262,"Property in good standing",142705,21160e99d4e502c2304985169,Tyler,Tidwell,,,,
1,"14160 Gleneagle Dr",6206201072,"14160 Gleneagle Dr",,"Colorado Springs",Colorado,80921,,Active,4262,"Property in good standing",142539,26865c7f7fc8bed4126620994,Glenna,Launder,,,,
1,"330 Cherry Hills Way",6131404013,"330 Cherry Hills Way",,"Colorado Springs",Colorado,80921,,Active,4262,"Property in good standing",142756,49560e99d50af217667291150,Andrew,Herndon,,372,2017-06-01,
1,"35 Huntington Beach Drive",6206201107,"35 Huntington Beach Dr",,"Colorado Springs",Colorado,80921,,Active,4270,"Property Dues Delinquent",143089,738613294cc90966775392291,"Eddie (Charles)",Merrideth,,,,
1,"14925 Gleneagle Dr",6131402012,"14925 Gleneagle Dr",,"Colorado Springs",Colorado,80921,,Active,4262,"Property in good standing",142944,60965622b7fd18f6982909810,"David and Linda",Ross,,,,
1,"140 Pauma Valley Dr",6131302042,"140 Pauma Valley Dr",,"Colorado Springs",Colorado,80921,,Active,4262,"Property in good standing",142713,391613139d2a229d824564031,William,Lewis,,6131302042,,
1,"14235 Gleneagle Dr",6206104024,"14235 Gleneagle Dr",,"Colorado Springs",Colorado,80921,,Active,4262,"Property in good standing",142549,91960e99d473b8a8368118694,Edmund,Stegner,,,,
1,"265 Palm Springs Dr",6131302002,"265 Palm Springs Dr",,"Colorado Springs",Colorado,80921,,Active,4262,"Property in good standing",142766,38760e99d5129012388360607,Kellie,Kuhn,,385,2017-04-13,
1,"430 Rangely Dr",6131401005,"430 Rangely Dr",,"Colorado Springs",Colorado,80921,,Active,4262,"Property in good standing",142954,364645582a619a83600113867,Eric,Hildebrand,,,,
1,"30 Palm Springs Dr",6131301034,"30 Palm Springs Dr",,"Colorado Springs",Colorado,80921,,Active,4262,"Property in good standing",142720,64366162ec6c9550087288196,Michelle,Stevens,,,,
1,"14105 Candlewood Court",6206104008,"14105 Candlewood Court",,"Colorado Springs",Colorado,80921,,Active,4262,"Property in good standing",142556,27760e99d478c5f0861525522,Robert,Phelps,,,,
1,"375 Palm Springs Dr",6131404002,"375 Palm Springs Dr",,"Colorado Springs",Colorado,80921,,Active,4262,"Property in good standing",142777,16160e99d519d6a8681605528,Sumio,Go,,,,
1,"580 Wuthering Heights Dr",6131103101,"580 Wuthering Heights Dr",,"Colorado Springs",Colorado,80921,,Active,4262,"Property in good standing",142966,15260e99d5a5176e102941160,Steven,McIntosh,,,,
1,"115 Palm Springs Dr",6131302009,"115 Palm Springs Dr",,"Colorado Springs",Colorado,80921,,Active,4262,"Property in good standing",142730,1236abedd105290a045401440,Sara,Garvey,"BAR-None Software Solutions",,,
1,"14170 Candlewood Court",6206104004,"14170 Candlewood Court",,"Colorado Springs",Colorado,80921,,Active,4262,"Property in good standing",142565,59660e99d47eee8d084278353,Robin,Chambon,,143,1991-03-13,
1,"205 Rangely Dr",6131301029,"205 Rangely Dr",,"Colorado Springs",Colorado,80921,,Active,4262,"Property in good standing",142790,57860e99d52451de137729559,Shaun,Rush,,,,
1,"15245 Renoir Place",6131101075,"15245 Renoir Place",,"Colorado Springs",Colorado,80921,,Active,4262,"Property in good standing",142978,77560e99d5ad1816638699347,Christopher,Richard,,,,
1,"225 Palm Springs Dr",6131302004,"225 Palm Springs Dr",,"Colorado Springs",Colorado,80921,,Active,4262,"Property in good standing",142741,156652b49a186419179265512,Tania,Aguirre,,,,
1,"45 Rangely Dr",6131402015,"45 Rangely Dr",,"Colorado Springs",Colorado,80921,,Active,4262,"Property in good standing",142802,81068dadb9ee2338838479760,Kerry,Armour,,,,
1,"230 Scottsdale Dr",6206203007,"230 Scottsdale Dr",,"Colorado Springs",Colorado,80921,,Active,4262,"Property in good standing",142574,36860e99d4858e1e790866164,Ingrid,Silva,,155,,
1,"755 Wuthering Heights Dr",6131101072,"755 Wuthering Heights Dr",,"Colorado Springs",Colorado,80921,,Active,4262,"Property in good standing",142994,81060e99d5b8d114971767174,Michael,Carter,,,,
1,"260 Cherry Hills Way",6131302036,"260 Cherry Hills Way",,"Colorado Springs",Colorado,80921,,Active,4262,"Property in good standing",142752,26461689c74b08d1992482277,Joseph,Pelizza,,,2021-07-12,
1,"75 Wuthering Heights Dr",6131110056,"75 Wuthering Heights Dr",,"Colorado Springs",Colorado,80921,,Active,4262,"Property in good standing",142813,52760e99d535da36837097358,Lawrence,Arturo,,438,2018-01-25,
1,"14480 Bermuda Dunes Way",6206203001,"14480 Bermuda Dunes Way",,"Colorado Springs",Colorado,80921,,Active,4262,"Property in good standing",142583,67160e99d48b89f9269944725,Donald,Long,,,,
1,"630 Rembrandt Court",6131103089,"630 Rembrandt Court",,"Colorado Springs",Colorado,80921,,Active,4262,"Property in good standing",143003,15460e99d5be6ccc666949519,David,Savage,,,,
1,"13930 Westchester Dr",6206301007,"13930 Westchester Dr",,"Colorado Springs",Colorado,80921,,Active,4262,"Property in good standing",143082,85460e99d5f6399e468482264,Scott,Robb,,,,
1,"75 Desert Inn Way",6131403006,"75 Desert Inn Way",,"Colorado Springs",Colorado,80921,,Active,4262,"Property in good standing",142824,57360e99d53bfa3b596892126,Matthew,Jeffcoat,,452,2014-10-23,
1,"14505 Westchester Dr",6206201017,"14505 Westchester Dr",,"Colorado Springs",Colorado,80921,,Active,4262,"Property in good standing",142596,81260e99d49578ac704126051,James,Stewart,,,,
1,"680 Rembrandt Court",6131103094,"680 Rembrandt Court",,"Colorado Springs",Colorado,80921,,Active,4262,"Property in good standing",143012,7156410d7fe92f25512902415,Shanna,Henry,,,,
1,"14115 Gleneagle Dr",6206205021,"14115 Gleneagle Dr",,"Colorado Springs",Colorado,80921,,Active,4262,"Property in good standing",143092,9676101ceb630e00039401811,Pete,Chagolla,,,,
1,"140 Desert Inn Way",6131307018,"140 Desert Inn Way",,"Colorado Springs",Colorado,80921,,Active,4262,"Property in good standing",142830,27460c9d956e92e1437325641,Jim,Evans,,458,1991-04-01,
1,"14560 Westchester Dr",6131303025,"14560 Westchester Dr",,"Colorado Springs",Colorado,80921,,Active,4262,"Property in good standing",142607,79360e99d49d4af7324525789,"Curtis M",Castellanet,,,,
1,"880 Wuthering Heights Dr",6131103064,"880 Wuthering Heights Dr",,"Colorado Springs",Colorado,80921,,Active,4262,"Property in good standing",143024,11960e99d5cdccbc362291128,Teresa,Cline,,,,
1,"14165 Gleneagle Dr",6206206008,"14165 Gleneagle Dr",,"Colorado Springs",Colorado,80921,,Active,4262,"Property in good standing",143100,7716168a42ee0a18256113219,Jeffery,Waye,,,2021-07-02,
1,"15010 LaJolla Place",,"15010 LaJolla Place",,"Colorado Springs",Colorado,80921,,Active,4262,"Property in good standing",142841,23060e99d547a0ba598964668,Dennis,Dvorak,,472,1994-10-06,
1,"14410 River Oaks Dr",6206201011,"14410 River Oaks Dr",,"Colorado Springs",Colorado,80921,,Active,4262,"Property in good standing",142618,60460e99d4a5fecc194498234,John,Thies,,,,
1,"14075 Westchester Dr",6206201036,"14075 Westchester Dr",,"Colorado Springs",Colorado,80921,,Active,4262,"Property in good standing",142450,910624392e9a3896802380496,Matthew,Misja,,,,
1,"15210 Diamondhead Court",6131106017,"15210 Diamondhead Court",,"Colorado Springs",Colorado,80921,,Active,4262,"Property in good standing",143032,54760e99d5d43b1a517478310,"Jennifer K",Melahn,,692,2017-06-06,
1,"14316 Spyglass Hill Pl",6206201114,"14316 Spyglass Hill Pl",,"Colorado Springs",Colorado,80921,,Active,4262,"Property in good standing",143111,79860e99d60a80d1392900527,Pamela,Watson,,,,
1,"15050 LaJolla Place",,"15050 LaJolla Place",,"Colorado Springs",Colorado,80921,,Active,4262,"Property in good standing",142852,53260e99d5507f2b607489986,Stephen,Cranage,,483,2002-03-26,
1,"14470 River Oaks Dr",6131303026,"14470 River Oaks Dr",,"Colorado Springs",Colorado,80921,,Active,4262,"Property in good standing",142628,72560e99d4acd626211121092,Joe,Anguiano,,216,2010-05-05,
1,"14180 Westchester Dr",6206204009,"14180 Westchester Dr",,"Colorado Springs",Colorado,80921,,Active,4262,"Property in good standing",142460,42860e99d434de82685305914,Gary,Schmid,,,,
1,"440 Picasso Court",6131103071,"440 Picasso Court",,"Colorado Springs",Colorado,80921,,Active,4262,"Property in good standing",143042,55164d27a3835c80835392187,Matthew,Allen,,,,
1,"310 Silver Rock Pl",6206103058,"310 Silver Rock Pl",,"Colorado Springs",Colorado,80921,,Active,4262,"Property in good standing",143122,51960e99d6124bfd619297683,Troy,Uehling,,,,
1,"130 Wuthering Heights Dr",6131206069,"130 Wuthering Heights Dr",,"Colorado Springs",Colorado,80921,,Active,4262,"Property in good standing",142860,36468dc6f6010712475976854,Ann,Stanley,,,,
1,"14533 River Oaks Dr",6206201002,"14533 River Oaks Dr",,"Colorado Springs",Colorado,80921,,Active,4262,"Property in good standing",142638,65560e99d4b46119094165175,Diane,Valori,,229,1997-06-04,
1,"14285 Westchester Dr",6206201099,"14285 Westchester Dr",,"Colorado Springs",Colorado,80921,,Active,4262,"Property in good standing",142470,79960e99d43bcebf939679166,Jeffrey,Sharpe,,,,
1,"970 Wuthering Heights Dr",6131103080,"970 Wuthering Heights Dr",,"Colorado Springs",Colorado,80921,,Active,4262,"Property in good standing",143050,6876159e1e83e2cf347023636,Charles,Gerber,,,2021-08-21,
1,"14030 Gleneagle Drive",6206201122,"14030 Gleneagle Drive",,"Colorado Springs",Colorado,80921,,Active,4262,"Property in good standing",143133,17360e99d615adff635520617,Sharon,Newton,,,,
1,"240 Wuthering Heights Dr",6131206079,"240 Wuthering Heights Dr",,"Colorado Springs",Colorado,80921,,Active,4262,"Property in good standing",142871,99460e99d5608d06276405376,Hal,Meyer,,,,
1,"14595 River Oaks Dr",6131306008,"14595 River Oaks Dr",,"Colorado Springs",Colorado,80921,,Active,4262,"Property in good standing",142649,12960e99d4bcb274384430326,Ken,Feldman,,,,
1,"10 Huntington Beach Dr",6206201046,"10 Huntington Beach Dr",,"Colorado Springs",Colorado,80921,,Active,4262,"Property in good standing",142478,53660e99d4422215648742709,Alma,Buitron,"Luann Tomkinson",,,
1,"415 Wuthering Heights Dr",6131104006,"415 Wuthering Heights Dr",,"Colorado Springs",Colorado,80921,,Active,4262,"Property in good standing",143060,80160e99d5e6ace7044510469,Phillis,Martin,,726,2021-01-27,
1,"15130 Thornbird Ct",6131206082,"15130 Thornbird Ct",,"Colorado Springs",Colorado,80921,,Active,4262,"Property in good standing",142880,729682e3fabcdcce987908588,Heidi,Franz-Garrison,,,,
1,"120 Mission Hill Way",6206201081,"120 Mission Hill Way",,"Colorado Springs",Colorado,80921,,Active,4262,"Property in good standing",142657,9946a9847f1b8fad323022077,"Sharon Boileau",Boileau,,,,
1,"110 Huntington Beach Dr",6206201055,"110 Huntington Beach Dr",,"Colorado Springs",Colorado,80921,,Active,4262,"Property in good standing",142489,15060e99d44a297d403685745,Michael,O`Rourke,,,,
1,"505 Wuthering Heights Dr",6131104002,"505 Wuthering Heights Dr",,"Colorado Springs",Colorado,80921,,Active,4262,"Property in good standing",143068,90360e99d5ec3d2c196768197,"John & Patricia",Kane,,734,2007-11-30,
1,"14561 Westchester Dr",6131303010,"14561 Westchester Dr",,"Colorado Springs",Colorado,80921,,Active,4270,"Property Dues Delinquent",142608,15760e99d49e2c95460671652,Edward,Campbell,,193,2005-09-12,
1,"445 Cherry Hills Way",6131406003,"445 Cherry Hills Way",,"Colorado Springs",Colorado,80921,,Active,4262,"Property in good standing",142893,54360e99d57085bc391043656,Hannelore,Bowen,,530,1996-08-27,
1,"215 Mission Hill Way",6206201075,"215 Mission Hill Way",,"Colorado Springs",Colorado,80921,,Active,4262,"Property in good standing",142666,57960e99d4c902bb237513373,David,Schichtle,,,,
1,"195 Huntington Beach Dr",6206201061,"195 Huntington Beach Dr",,"Colorado Springs",Colorado,80921,,Active,4262,"Property in good standing",142499,5156546f0d0108d3459308640,Kip,Knight,,,,
1,"15020 Hilton Head Court",6131104013,"15020 Hilton Head Court",,"Colorado Springs",Colorado,80921,,Active,4262,"Property in good standing",143075,95064b40b11ccb32043707032,Linda,Carlisle,,,,
1,"40 Pauma Valley Dr",6131302042,"40 Pauma Valley Dr",,"Colorado Springs",Colorado,80921,,Active,4270,"Property Dues Delinquent",142729,61460e99d4f6159c612907686,Kurtis,Hammack,,,,
1,"14710 Latrobe Dr",6131405001,"14710 Latrobe Dr",,"Colorado Springs",Colorado,80921,,Active,4262,"Property in good standing",142902,70760e99d5770803112394961,Kate,Kinnison,,,,
1,"14536 Latrobe Dr",6131406015,"14536 Latrobe Dr",,"Colorado Springs",Colorado,80921,,Active,4262,"Property in good standing",142676,13664376e6fe68f8538996464,Lorraine,Neigh,,,,
