First Name,Last Name,Company Name,Email Address,User Level,Primary User,Property Address,Property Group,Property Unit,Address
,,Avant Homes LLC,apexcoatings@yahoo.com,1,,"25 Huntington Beach Dr
Colorado Springs, Colorado 80921",Property Dues Delinquent,6206201065,6423 Knapp Drive^^Colorado Springs^CO^80924^
,,JOHN W. AND CAROLYN C. MORLEY LIVING TRUST,,1,,"130 Pauma Valley Drive
Colorado Springs, Colorado 80921",Property Dues Delinquent,Parcel 6131302041 Lot 3 Block 15 Sub 2,1956 BELLAVISTA ST^^CASTLE ROCK^CO^80109^
,,G & S Development,,1,,"371 Silver Rock Pl
Colorado Springs, Colorado 80921",Property in good standing,6206103053,9800 Pyramid Ct^Ste 340^Englewood^CO^80112-2668^
,,"Dominy Properties Inc, a Colorado Corporation",,1,,"770 Wuthering Heights Dr
Colorado Springs, Colorado 80921",Property in good standing,6131103056,770 Wuthering Heights Dr^^Colorado Springs^CO^80921^
,,Pinnacle Homes,dewayn.dvs@gmail.com,1,,,,,PO BOX 2027^^Edwards^CO^81632^
,,Good Home Renovation LLC,,1,,"14247 Gleneagle Dr
Colorado Springs, Colorado 80921",Property in good standing,6206104027,2721 W Platte Ave^^Colorado Springs^CO^80904^
,,G & S Development,,1,,"370 Silver Rock Pl
Colorado Springs, Colorado 80921",Property in good standing,6206103055,9800 Pyramid Ct^Ste 340^Englewood^CO^80112-2668^
,,Williams Family Revocable Living Trust,williamsgregg1952@gmail.com,1,,"130 Huntington Beach Dr
Colorado Springs, Colorado 80921",Property in good standing,6206201056,130 Huntington Beach Dr^^Colorado Springs^CO^80921^
,,COS RE VENTURES 2 LLC,,1,,"14015 Westchester Dr
Colorado Springs, Colorado 80921",Property in good standing,6206201039,19115 WING TIP RD^^Colorado Springs^CO^80918^
,,Managed by: Gloriod Property Management company,sylvie@gloriod.com,1,,"15270 Renoir Place
Colorado Springs, Colorado 80921",Property Dues Delinquent,6131101099,660 Southpointe Ct.  Suite 200^^Colorado Springs^CO^80906^
,,GCA Guest,,1,,,,,
,,G & S Development,,1,,"350 Silver Rock Pl
Colorado Springs, Colorado 80921",Property in good standing,6206103056,9800 Pyramid Ct^Ste 340^Englewood^CO^80112-2668^
,,"Westbrook Capital Holdings, LLC",,1,,"390 Silver Rock Pl
Colorado Springs, Colorado 80921",Property in good standing,6206103054,9800 PYRAMID CT #340^^Englewood^CO^80112^
,Christian,,m77north2014@gmail.com,1,,,,,970 Wuthering Heights^^Colorado Springs^CO^80921^
,Stapley Family Trust,,,1,,,,,14149 Stone Eagle Place^^Colorado Springs^CO^80921^
Olivia,Aaron,,oliviaaaron400@gmail.com,1,,"215 Scottsdale Dr
Colorado Springs, Colorado 80921",Property in good standing,6206204002,215 Scottsdale Drive^^Colorado Springs^CO^80921^
GCA,ACC,,acc@gleneaglehoa.org,1,,,,,
Bryan,Ackerman,,ackerman_dwfd@yahoo.com,1,,"25 Wuthering Heights Dr
Colorado Springs, Colorado 80921",Property in good standing,6131101069,25 Wuthering Heights Dr^^Colorado Springs^CO^80921^
Sarah,Hunter,,,2,Bryan Ackerman,"25 Wuthering Heights Dr
Colorado Springs, Colorado 80921",Property in good standing,6131101069,25 Wuthering Heights Dr^^Colorado Springs^CO^80921^
Josie,Acosta,,,1,,"445 Picasso Court
Colorado Springs, Colorado 80921",Property in good standing,6131103076,4502 LOGANVIEW DR^^YORBA LINDA^CA^92886^
Kelly,Acosta,,kellyac66@gmail.com,2,Josie Acosta,"445 Picasso Court
Colorado Springs, Colorado 80921",Property in good standing,6131103076,445 Picasso Court^^Colorado Springs^CO^80921^
Michele,Adair,,michele_adair@yahoo.com,1,,"55 Pauma Valley Dr
Colorado Springs, Colorado 80921",Property in good standing,6131303009,55 Pauma Valley Dr^^Colorado Springs^CO^80921^
Edward,Aguilar,,rachelquenga@gmail.com,1,,"240 Cherry Hills Way
Colorado Springs, Colorado 80921",Property in good standing,6131302035,240 Cherry Hills Way^^Colorado Springs^CO^80921^
Rachel,Aguilar,,,2,Edward Aguilar,"240 Cherry Hills Way
Colorado Springs, Colorado 80921",Property in good standing,6131302035,240 Cherry Hills Way^^Colorado Springs^CO^80921^
Edward,Aguilar,,eaguilar619@yahoo.com,1,,"240 Cherry Hills Way
Colorado Springs, Colorado 80921",Property in good standing,6131302035,240 Cherry Hills Way^^Colorado Springs^CO^80921^
Tania,Aguirre,,morbiddea@yahoo.com,1,,"225 Palm Springs Dr
Colorado Springs, Colorado 80921",Property in good standing,6131302004,225 Palm Springs Dr^^Colorado Springs^CO^80921^
Rolando,Aguirre,,,2,Tania Aguirre,"225 Palm Springs Dr
Colorado Springs, Colorado 80921",Property in good standing,6131302004,225 Palm Springs Dr^^Colorado Springs^CO^80921^
Mahmood,Ahmadian,,mahmood_174@yahoo.com,1,,"64 Huntington Beach Dr
Colorado Springs, Colorado 80921",Property in good standing,6206201051,64 Huntington Beach Dr^^Colorado Springs^CO^80921^
Kimla,Ahmadian,,,2,Mahmood Ahmadian,"64 Huntington Beach Dr
Colorado Springs, Colorado 80921",Property in good standing,6206201051,64 Huntington Beach Dr^^Colorado Springs^CO^80921^
Cole,Albright,,albright.9@hotmail.com,1,,"155 Desert Inn Way
Colorado Springs, Colorado 80921",Property in good standing,6131309003,155 Desert Inn Way^^Colorado Springs^CO^80921^
Brandi,Albright,,brandi5683@gmail.com,2,Cole Albright,"155 Desert Inn Way
Colorado Springs, Colorado 80921",Property in good standing,6131309003,155 Desert Inn Way^^Colorado Springs^CO^80921^
Brent,Alford,,alford1019@gmail.com,1,,"14710 Cherry Hills Place
Colorado Springs, Colorado 80921",Property in good standing,6131302037,14710 Cherry Hills Place^^Colorado Springs^CO^80921^
Laura,Alford,,,2,Brent Alford,"14710 Cherry Hills Place
Colorado Springs, Colorado 80921",Property in good standing,6131302037,14710 Cherry Hills Place^^Colorado Springs^CO^80921^
Beth,Allen,,bachp@comcast.net,1,,"160 Mission Hill Way
Colorado Springs, Colorado 80921",Property in good standing,6206201083,160 Mission Hill Way^^Colorado Springs^CO^80921^
Janet,Allen,,zammybaby14@gmail.com,1,,"210 Wuthering Heights Dr
Colorado Springs, Colorado 80921",Property Dues Delinquent,6131206076,210 Wuthering Heights Dr^^Colorado Springs^CO^80921^
James,Allen,,,2,Janet Allen,"210 Wuthering Heights Dr
Colorado Springs, Colorado 80921",Property Dues Delinquent,6131206076,210 Wuthering Heights Dr^^Colorado Springs^CO^80921^
Matthew,Allen,,afmatt.allen@gmail.com,1,,"440 Picasso Court
Colorado Springs, Colorado 80921",Property in good standing,6131103071,440 Picasso Court^^Colorado Springs^CO^80921^
Danica,Alter,,danicaalter@gmail.com,1,,"14660 Latrobe Dr
Colorado Springs, Colorado 80921",Property in good standing,6131406021,14660 Latrobe Drive^^Colorado Springs^CO^80921^
Benjamin,Alter,,,2,Danica Alter,"14660 Latrobe Dr
Colorado Springs, Colorado 80921",Property in good standing,6131406021,14660 Latrobe Drive^^Colorado Springs^^^
Tara,Ambuul,,tnum16@hotmail.com,1,,"490 Palm Springs Way
Colorado Springs, Colorado 80921",Property in good standing,6131402024,490 Palm Springs Way^^Colorado Springs^CO^80921^
Tom,Ambuul,,tomambuul@gmail.com,2,Tara Ambuul,"490 Palm Springs Way
Colorado Springs, Colorado 80921",Property in good standing,6131402024,490 Palm Springs Way^^Colorado Springs^CO^80921^
Carl,Anderson,,meandersonathome@comcast.net,1,,"455 Picasso Court
Colorado Springs, Colorado 80921",Property in good standing,6131103075,455 Picasso Court^^Colorado Springs^CO^80921^
Mary Ellen,Anderson,,,2,Carl Anderson,"455 Picasso Court
Colorado Springs, Colorado 80921",Property in good standing,6131103075,455 Picasso Court^^Colorado Springs^CO^80921^
David,Anderson,,norandld@msn.com,1,,"250 Pauma Valley Dr
Colorado Springs, Colorado 80921",Property in good standing,6131302023,250 Pauma Valley Dr^^Colorado Springs^CO^80921^
Linda,Anderson,,,2,David Anderson,"250 Pauma Valley Dr
Colorado Springs, Colorado 80921",Property in good standing,6131302023,250 Pauma Valley Dr^^Colorado Springs^CO^80921^
Erin,Anderson,,erinanderson575@gmail.com,1,,"14790 Gleneagle Dr
Colorado Springs, Colorado 80921",Property in good standing,6131404019,14790 Gleneagle Dr^^Colorado Springs^CO^80921^
Maiya,Anderson,,maiyadevi@hotmail.com,1,,"45 Rangely Dr
Colorado Springs, Colorado 80921",Property in good standing,6131402015,45 Rangely Dr^^Colorado Springs^CO^80921^
Charlotte,Andrews,,charlotte.d.andrews@gmail.com,1,,"14090 Gleneagle Dr
Colorado Springs, Colorado 80921",Property in good standing,,14090 Gleneagle Dr^^Colorado Springs^CO^80921^
Jeremy,Andrews,,jeremy.d.andrews@gmail.com,2,Charlotte Andrews,"14090 Gleneagle Dr
Colorado Springs, Colorado 80921",Property in good standing,,14090 Gleneagle Dr^^Colorado Springs^CO^80921^
Larry,Andrus,,lmandrus41@yahoo.com,1,,"140 Palm Springs Dr
Colorado Springs, Colorado 80921",Property in good standing,6131301011,140 Palm Springs Dr^^Colorado Springs^CO^80921^
Joe,Anguiano,,tanguiano71@yahoo.com,1,,"14470 River Oaks Dr
Colorado Springs, Colorado 80921",Property in good standing,6131303026,14470 River Oaks Dr^^Colorado Springs^CO^80921^
Kathleen,Apel,,,1,,"285 Desert Inn Way
Colorado Springs, Colorado 80921",Property in good standing,6131403007,285 Desert Inn Way^^Colorado Springs^CO^80921^
Donald,Apelo,,dapelo1984@gmail.com,1,,"14205 Gleneagle Dr
Colorado Springs, Colorado 80921",Property in good standing,6206104021,14205 Gleneagle Dr^^Colorado Springs^CO^80921^
Amy,Apelo,,,2,Donald Apelo,"14205 Gleneagle Dr
Colorado Springs, Colorado 80921",Property in good standing,6206104021,
Kerry,Armour,,kerryalia@gmail.com,1,,"45 Rangely Dr
Colorado Springs, Colorado 80921",Property in good standing,6131402015,45 Rangely Dr^^Colorado Springs^CO^80921^
Kendal,Armstrong,,akendal@gmail.com,1,,"14750 Gleneagle Dr
Colorado Springs, Colorado 80921",Property in good standing,6131404017,14750 Gleneagle Dr^^Colorado Springs^CO^80921^
Amanda,Armstrong,,,2,Kendal Armstrong,"14750 Gleneagle Dr
Colorado Springs, Colorado 80921",Property in good standing,6131404017,14750 Gleneagle Dr^^Colorado Springs^CO^80921^
Douglas,Arndt,,dougandmartine@att.net,1,,"445 Palm Springs Way
Colorado Springs, Colorado 80921",Property in good standing,6131402028,445 Palm Springs Way^^Colorado Springs^CO^80921^
Martine,Arndt,,,2,Douglas Arndt,"445 Palm Springs Way
Colorado Springs, Colorado 80921",Property in good standing,6131402028,445 Palm Springs Way^^Colorado Springs^CO^80921^
Joe,Arroyo,,ltc7a@aol.com,1,,"410 Palm Springs Way
Colorado Springs, Colorado 80921",Property in good standing,6131402010,3179 Petaluma Ave^^Long Beach^CA^90808^
Leticia,Arroyo,,,2,Joe Arroyo,"410 Palm Springs Way
Colorado Springs, Colorado 80921",Property in good standing,6131402010,3179 Petaluma Ave^^Long Beach^CA^90808^
Lawrence,Arturo,,lxboogie1@aol.com,1,,"75 Wuthering Heights Dr
Colorado Springs, Colorado 80921",Property in good standing,6131110056,75 Wuthering Heights Dr^^Colorado Springs^CO^80921^
Elna,Asuncion,,readeln@hotmail.com,1,,"650 Wuthering Heights Dr
Colorado Springs, Colorado 80921",Property in good standing,6131103104,650 WUTHERING HEIGHTS DR^^COLORADO SPRINGS^CO^80921^
Levi,Atkinson,,krystalatkinson@gmx.com,1,,"410 Cherry Hills Way
Colorado Springs, Colorado 80921",Property in good standing,6131405007,410 Cherry Hills Way^^Colorado Springs^CO^80921^
Jessica Marie,Bachmeier,,jdeist0731@gmail.com,1,,"170 Desert Inn Way
Colorado Springs, Colorado 80921",Property in good standing,6131307020,170 Desert Inn Way^^Colorado Springs^CO^80921^
Baret Gunness,Bachmeier,,,2,Jessica Marie Bachmeier,"170 Desert Inn Way
Colorado Springs, Colorado 80921",Property in good standing,6131307020,170 Desert Inn Way^^Colorado Springs^CO^80921^
Stephen,Bagaason,,sbagaason@yahoo.com,1,,"355 Pauma Valley Dr
Colorado Springs, Colorado 80921",Property in good standing,6131306001,355 Pauma Valley Dr^^Colorado Springs^CO^80921^
Young,Bagaason,,,2,Stephen Bagaason,"355 Pauma Valley Dr
Colorado Springs, Colorado 80921",Property in good standing,6131306001,355 Pauma Valley Dr^^Colorado Springs^CO^80921^
Marianna,Bailey,,maastrichtnl@icloud.com,1,,"14580 Westchester Dr
Colorado Springs, Colorado 80921",Property in good standing,6131304004,14580 Westchester Dr^^Colorado Springs^CO^80921^
Gina (Regina),Baker Basler,,rebakerbasler@gmail.com,1,,"210 Pauma Valley Dr
Colorado Springs, Colorado 80921",Property in good standing,6131302021,210 Pauma Valley Drive^^Colorado Springs^CO^80921^
Mike,Basler,,jmichaelbasler@comcast.net,2,Gina (Regina) Baker Basler,"210 Pauma Valley Dr
Colorado Springs, Colorado 80921",Property in good standing,6131302021,210 Pauma Valley Dr^^Colorado Springs^CO^80921^
Kevin,Baker,,kbaker.ilk@gmail.com,1,,"630 Wuthering Heights Dr
Colorado Springs, Colorado 80921",Property in good standing,6131103103,630 Wuthering Heights Drive^^Colorado Springs^CO^80921^
Richard,Baker,,rjtbaker@comcast.net,1,,"145 Wuthering Heights Dr
Colorado Springs, Colorado 80921",Property in good standing,6131209020,145 Wuthering Heights Dr^^Colorado Springs^CO^80921^
Jennifer,Baker,,,2,Richard Baker,"145 Wuthering Heights Dr
Colorado Springs, Colorado 80921",Property in good standing,6131209020,145 Wuthering Heights Dr^^Colorado Springs^CO^80921^
Stuart,Balch,,stuartbalch10@gmail.com,1,,"475 Palm Springs Way
Colorado Springs, Colorado 80921",Property Dues Delinquent,6131402026,475 Palm Springs Way^^Colorado Springs^CO^80921^
Jonathan,Baldwin,,jonwbaldwin@gmail.com,1,,"250 Rangely Dr
Colorado Springs, Colorado 80921",Property in good standing,6131307023,250 Rangely Drive^^Colorado Springs^CO^80921^
Michelle,Baldwin,,,2,Jonathan Baldwin,"250 Rangely Dr
Colorado Springs, Colorado 80921",Property in good standing,6131307023,250 Rangely^^Colorado Springs^CO^80921^
Ken,Balser,,ken.balser@comcast.net,1,,,,,180 Wuthering Heights Dr^^Colorado Springs^CO^80921^
Elizabeth,Balser,,,2,Ken Balser,,,,180 Wuthering Heights Dr^^Colorado Springs^CO^80921^
Steve,Bammesberger,,sbammesberger@gmail.com,1,,"14735 Latrobe Dr
Colorado Springs, Colorado 80921",Property in good standing,6131402042,14735 Latrobe Dr^^Colorado Springs^CO^80921^
Annie,Bammesberger,,bamfamily7@msn.com,2,Steve Bammesberger,"14735 Latrobe Dr
Colorado Springs, Colorado 80921",Property in good standing,6131402042,14735 Latrobe Dr^^Colorado Springs^CO^80921^
James,Barager,,teenajim1@aol.com,1,,"14440 River Oaks Dr
Colorado Springs, Colorado 80921",Property in good standing,6206201014,14440 River Oaks Dr^^Colorado Springs^CO^80921^
Teena,Barager,,,2,James Barager,"14440 River Oaks Dr
Colorado Springs, Colorado 80921",Property in good standing,6206201014,14440 River Oaks Dr^^Colorado Springs^CO^80921^
Karl,Barela,,kdbenterprise@yahoo.com,1,,"13985 Westchester Dr
Colorado Springs, Colorado 80921",Property in good standing,6206302003,13985 westchester drive^^Colorado Springs^CO^80921-2803^
Lisa,Barney,,lisa@brilliantnutrition.com,1,,"14480 River Oaks Dr
Colorado Springs, Colorado 80921",Property in good standing,6131303027,14480 River Oaks Dr^^Colorado Springs^CO^80921^
Garrett,Barton,,,1,,"361 Pauma Valley Dr
Colorado Springs, Colorado 80921",Property in good standing,6131408007,361 Pauma Valley Drive^^Colorado Springs^CO^80921^
Priscilla,Patterson,,patterson_pp@hotmail.com,2,Garrett Barton,"361 Pauma Valley Dr
Colorado Springs, Colorado 80921",Property in good standing,6131408007,30 Huntington Beach Dr^^Colorado Springs^CO^80921^
Robert,Bartron,,rbartron18@gmail.com,1,,"210 Doral Way
Colorado Springs, Colorado 80921",Property in good standing,6206206004,210 Doral Way^^Colorado Springs^CO^80921^
Tara,Baumgartner,,baumgartl32@gmail.com,1,,"385 Wuthering Heights Dr
Colorado Springs, Colorado 80921",Property in good standing,6131104007,385 Wuthering Heights Dr^^Colorado Springs^CO^80921^
Sue,Beam,,96sue16beam@gmail.com,1,,"14080 Westchester Dr
Colorado Springs, Colorado 80921",Property in good standing,6206204014,14080 Westchester Dr^^Colorado Springs^CO^80921^
Nolan,Behr,,nobehr@aol.com,1,,"335 Palm Springs Dr
Colorado Springs, Colorado 80921",Property in good standing,6131404005,335 Palm Springs Dr^^Colorado Springs^CO^80921^
Jeannie,Behr,,,2,Nolan Behr,"335 Palm Springs Dr
Colorado Springs, Colorado 80921",Property in good standing,6131404005,335 Palm Springs Dr^^Colorado Springs^CO^80921^
Lorena,Benavidez,,lib0302@live.com,1,,"13945 Westchester Dr
Colorado Springs, Colorado 80921",Property in good standing,6206301001,13945 Westchester Drive^^Colorado Springs^CO^80921^
Michael,Bennett,,bennettm84@gmail.com,1,,"15025 Hilton Head Court
Colorado Springs, Colorado 80921",Property in good standing,6131104015,15025 Hilton Head Court^^Colorado Springs^CO^80921^
Amanda,Lamb,,,2,Michael Bennett,"15025 Hilton Head Court
Colorado Springs, Colorado 80921",Property in good standing,6131104015,
Kyle,Berg,,,1,,"415 Picasso Court
Colorado Springs, Colorado 80921",Property in good standing,6131103079,415 Picasso Court^^Colorado Springs^CO^80921^
Douglas W,Bergman,,dkbergman1014@msn.com,1,,"14530 River Oaks Dr
Colorado Springs, Colorado 80921",Property in good standing,6131303030,14530 River Oaks Dr^^Colorado Springs^CO^80921^
Kim M,Bergman,,,2,Douglas W Bergman,"14530 River Oaks Dr
Colorado Springs, Colorado 80921",Property in good standing,6131303030,14530 River Oaks Dr^^Colorado Springs^CO^80921^
Paula,Berkel,,pjberkel@gmail.com,1,,"14525 Westchester Dr
Colorado Springs, Colorado 80921",Property in good standing,6131303021,14525 Westchester Dr^^Colorado Springs^CO^80921^
Melanie,Bernhardt,,melanie.bernhardt@me.com,1,,"14165 Gleneagle Dr
Colorado Springs, Colorado 80921",Property in good standing,6206206008,14168 Albatross Dr^^Gleneagle^CO^80921^
Joseph,Besler,,joseph.besler@gmail.com,1,,"10 Desert Inn Way
Colorado Springs, Colorado 80921",Property in good standing,6131307022,10 Desert Inn Way^^Colorado Springs^CO^80921^
Bryan C,Beulin,,bbeulin@gmail.com,1,,"235 Cherry Hills Way
Colorado Springs, Colorado 80921",Property in good standing,6131302032,235 Cherry Hills Way^^Colorado Springs^CO^80921^
Melissa J,Beulin,,mcandee23@gmail.com,2,Bryan C Beulin,"235 Cherry Hills Way
Colorado Springs, Colorado 80921",Property in good standing,6131302032,235 Cherry Hills Way^^Colorado Springs^CO^80921^
Jack,Beuse,,jack@jackbeuse.com,1,,"240 Pauma Valley Dr
Colorado Springs, Colorado 80921",Property in good standing,6131302022,240 Pauma Valley Dr^^Colorado Springs^CO^80921^
Diane,Beuse,,,2,Jack Beuse,"240 Pauma Valley Dr
Colorado Springs, Colorado 80921",Property in good standing,6131302022,240 Pauma Valley Dr^^Colorado Springs^CO^80921^
Michael,Biedermann,,whipb75@gmail.com,1,,"80 Huntington Beach Dr
Colorado Springs, Colorado 80921",Property in good standing,6206201053,80 Huntington Beach Dr^^Colorado Springs^CO^80921^
Teri,Biedermann,,,2,Michael Biedermann,"80 Huntington Beach Dr
Colorado Springs, Colorado 80921",Property in good standing,6206201053,80 Huntington Beach Dr^^Colorado Springs^CO^80921^
Theresa,Bighash,,teribig@gmail.com,1,,"870 Wuthering Heights Dr
Colorado Springs, Colorado 80921",Property in good standing,6131103063,870 Wuthering Heights Dr^^Colorado Springs^CO^80921^
Iraj,Bighash,,,2,Theresa Bighash,"870 Wuthering Heights Dr
Colorado Springs, Colorado 80921",Property in good standing,6131103063,870 Wuthering Heights Dr^^Colorado Springs^CO^80921^
Carolyn,Bird,,,1,,"170 Wuthering Heights Dr
Colorado Springs, Colorado 80921",Property in good standing,6131206073,170 Wuthering Heights Dr^^Colorado Springs^CO^80921^
Kristofer,Birgers,,,1,,"55 Palm Springs Dr
Colorado Springs, Colorado 80921",Property in good standing,6131404003,55 Palm Springs Dr^^Colorado Springs^CO^80921^
Barbara K.,Bishop,,tbishop158@aol.com,1,,"305 Cherry Hills Way
Colorado Springs, Colorado 80921",Property Dues Delinquent,6131302029,305 Cherry Hills Way^^Colorado Springs^CO^80921^
Barbara,Bishop,,tbishop158158@gmail.org,1,,"305 Cherry Hills Way
Colorado Springs, Colorado 80921",Property Dues Delinquent,6131302029,305 Cherry Hills Way^^Colorado Springs^CO^80921^
Jim,Blake,,discover7marbeth@hotmail.com,1,,"660 Rembrandt Court
Colorado Springs, Colorado 80921",Property in good standing,6131103092,660 Rembrandt Court^^Colorado Springs^CO^80921^
Mary Beth,Blake,,,2,Jim Blake,"660 Rembrandt Court
Colorado Springs, Colorado 80921",Property in good standing,6131103092,660 Rembrandt Court^^Colorado Springs^CO^80921^
William,Blazi,,bblazi@comcast.net,1,,"15030 Hilton Head Court
Colorado Springs, Colorado 80921",Property in good standing,6131104014,15030 Hilton Head Court^^Colorado Springs^CO^80921^
Rose Marie,Blazi,,rblazi@comcast.net,2,William Blazi,"15030 Hilton Head Court
Colorado Springs, Colorado 80921",Property in good standing,6131104014,15030 Hilton Head Court^^Colorado Springs^CO^80921^
Michael,Bochnak,,mikeandwinnie@aol.com,1,,"14565 Westchester Dr
Colorado Springs, Colorado 80921",Property in good standing,6131303011,14565 Westchester Dr^^Colorado Springs^CO^80921^
Juanita,Bochnak,,,2,Michael Bochnak,"14565 Westchester Dr
Colorado Springs, Colorado 80921",Property in good standing,6131303011,14565 Westchester Dr^^Colorado Springs^CO^80921^
Maren,Boehnke,,meboehnke@gmail.com,1,,"14358 Spyglass Hill Pl
Colorado Springs, Colorado 80921",Property in good standing,6206201111,4601 AMAROSA HEIGHTS^^Colorado Springs^CO^80920^
Mitchell,Boehnke,,,2,Maren Boehnke,"14358 Spyglass Hill Pl
Colorado Springs, Colorado 80921",Property in good standing,6206201111,10035 E Carolina Pl Apt203^^Denver^CO^80247^
Sharon Boileau,Boileau,,boileausharon@gmail.com,1,,"120 Mission Hill Way
Colorado Springs, Colorado 80921",Property in good standing,6206201081,328 Mission Hill Way^^Colorado Springs^CO^80921^
John,Bolin,,srbolin@me.com,1,,"290 Doral Way
Colorado Springs, Colorado 80921",Property in good standing,6206104018,290 Doral Way^^Colorado Springs^CO^80921^
Sarah,Bolin,,,2,John Bolin,"290 Doral Way
Colorado Springs, Colorado 80921",Property in good standing,6206104018,290 Doral Way^^Colorado Springs^CO^80921^
John,Bolin,,johnbolin@mac.com,1,,"290 Doral Way
Colorado Springs, Colorado 80921",Property in good standing,6206104018,290 Doral Way^^Colorado Springs^CO^80921^
David,Bopp,,bopp.david@gmail.com,1,,"14440 Bermuda Dunes Way
Colorado Springs, Colorado 80921",Property in good standing,6206203003,CMR 480 Box 50^^APO AE ^^09128^
Matt,Borden,,kborden11@gmail.com,1,,"14545 River Oaks Dr
Colorado Springs, Colorado 80921",Property in good standing,6131306012,14545 River Oaks Dr^^Colorado Springs^CO^80921^
Katie,Borden,,,2,Matt Borden,"14545 River Oaks Dr
Colorado Springs, Colorado 80921",Property in good standing,6131306012,14545 River Oaks Dr^^Colorado Springs^CO^80921^
Ronald,Born,,rborn1946@comcast.net,1,,"295 Wuthering Heights Dr
Colorado Springs, Colorado 80921",Property in good standing,6131209001,295 Wuthering Heights Dr^^Colorado Springs^CO^80921^
Janet,Born,,,2,Ronald Born,"295 Wuthering Heights Dr
Colorado Springs, Colorado 80921",Property in good standing,6131209001,295 Wuthering Heights Dr^^Colorado Springs^CO^80921^
Susan,Boudreaux,,soonerluv82@yahoo.com,1,,"14528 Latrobe Dr
Colorado Springs, Colorado 80921",Property in good standing,6131406013,14528 Latrobe Dr^^Colorado Springs^CO^80921^
Thomas,Boushell,,jennboushell@gmail.com,1,,"14136 Stone Eagle Place
Colorado Springs, Colorado 80921",Property in good standing,6206201125,13833 RIVERCREST CIR^^Colorado Springs^CO^80921^
Jennifer,Boushell,,,2,Thomas Boushell,"14136 Stone Eagle Place
Colorado Springs, Colorado 80921",Property in good standing,6206201125,13833 RIVERCREST CIR^^Colorado Springs^CO^80921^
Hannelore,Bowen,,eabowen0@gmail.com,1,,"445 Cherry Hills Way
Colorado Springs, Colorado 80921",Property in good standing,6131406003,25953 E Parkview Pl^^Aurora^CO^80018^
Eric,Bowen,,ebowen352@gmail.com,2,Hannelore Bowen,"445 Cherry Hills Way
Colorado Springs, Colorado 80921",Property in good standing,6131406003,25953 E Parkview Place^^Aurora^CO^80018^
Jason C,Bowles,,claycompanies@gmail.com,1,,"14045 Gleneagle Dr
Colorado Springs, Colorado 80921",Property in good standing,6206205006,14045 Gleneagle Dr^^Colorado Springs^CO^80921^
Morgan,Cason,,morgan.bowles94@gmail.com,2,Jason C Bowles,"14045 Gleneagle Dr
Colorado Springs, Colorado 80921",Property in good standing,6206205006,14045 Gleneagle Dr^^Colorado Springs^CO^80921^
Michelle,Bowles,,michellebowles@me.com,1,,,,,14045 Gleneagle Dr^^Colorado Springs^CO^80921^
Doug,Bowman,,cosbowmans@gmail.com,1,,"815 Wuthering Heights Dr
Colorado Springs, Colorado 80921",Property Dues Delinquent,6131101104,815 Wuthering Heights Dr^^Colorado Springs^CO^80921^
Gretchen,Murphy-Bowman,,,2,Doug Bowman,"815 Wuthering Heights Dr
Colorado Springs, Colorado 80921",Property Dues Delinquent,6131101104,815 Wuthering Heights Dr^^Colorado Springs^CO^80921^
Marc and Sally,Boyce,,sb6669@msn.com,1,,"14190 Gleneagle Dr
Colorado Springs, Colorado 80921",Property Dues Delinquent,6206103011,14190 Gleneagle Dr^^Colorado Springs^CO^80921^
Marc,Boyce,,sb6669@aol.com,1,,"14190 Gleneagle Dr
Colorado Springs, Colorado 80921",Property Dues Delinquent,6206103011,14190 Gleneagle Dr^^Colorado Springs^CO^80921^
Sally,Boyce,,,2,Marc Boyce,"14190 Gleneagle Dr
Colorado Springs, Colorado 80921",Property Dues Delinquent,6206103011,14190 Gleneagle Dr^^Colorado Springs^CO^80921^
Nathan,Boyer,,,2,Managed by: Gloriod Property Management company,"15270 Renoir Place
Colorado Springs, Colorado 80921",Property Dues Delinquent,6131101099,5987 VIA DEL CIELO^^PLEASANTON^CA^94566-5876^
Jennifer,Boylan,"14660 River Oaks Drive, LLC",deanna@springshomes.com,1,,"14660 River Oaks Dr
Colorado Springs, Colorado 80921",Property in good standing,6131303001,703 N Tejon St^E^Colorado Springs^CO^80903^
Jennifer,Boylan,,rentals@springshomes.com,2,Jennifer Boylan,"14660 River Oaks Dr
Colorado Springs, Colorado 80921",Property in good standing,6131303001,703 N Tejon St^E^Colorado Springs^CO^80903^
Hope Elite realty management,Hope elite realty management,VIP Property Managment LLC,nate@renthope.info,2,Jennifer Boylan,"14660 River Oaks Dr
Colorado Springs, Colorado 80921",Property in good standing,6131303001,1425 N Union Blvd^202^Colorado Springs^CO^80909^
Cora,Pope,,clpope1225@gmail.com,3,Jennifer Boylan,"14660 River Oaks Dr
Colorado Springs, Colorado 80921",Property in good standing,6131303001,14660 River Oaks Dr^^Colorado Springs^CO^80921^
Terry,Bramschreiber,,terrybram@yahoo.com,1,,"14545 Bermuda Dunes Way
Colorado Springs, Colorado 80921",Property in good standing,6131304007,14545 Bermuda Dunes Way^^Colorado Springs^CO^80921^
Carol,Bramschreiber,,,2,Terry Bramschreiber,"14545 Bermuda Dunes Way
Colorado Springs, Colorado 80921",Property in good standing,6131304007,14545 Bermuda Dunes Way^^Colorado Springs^CO^80921^
Nicole,Brashears,,nicole1026@gmail.com,1,,"14640 River Oaks Dr
Colorado Springs, Colorado 80921",Property in good standing,6131303038,2305 Pheasant Run^^Grand Junction^CO^81506^
Joseph & Julia,Thomas,,joseph.thomas47@yahoo.com,2,Nicole Brashears,"14640 River Oaks Dr
Colorado Springs, Colorado 80921",Property in good standing,6131303038,14640 River Oaks Dr^^Colorado Springs^CO^80921^
Julia,Thomas,,juliamthomas67@gmail.com,3,Nicole Brashears,"14640 River Oaks Dr
Colorado Springs, Colorado 80921",Property in good standing,6131303038,14640 River Oaks Dr^^Colorado Springs^CO^80921^
Eric,Brewner,,eabrew@aol.com,1,,"15017 LaJolla Place
Colorado Springs, Colorado 80921",Property in good standing,,15017 LaJolla Place^^Colorado Springs^CO^80921^
Diane,Brewner,,,2,Eric Brewner,"15017 LaJolla Place
Colorado Springs, Colorado 80921",Property in good standing,,15017 LaJolla Place^^Colorado Springs^CO^80921^
Andrew,Breyton,,,1,,"275 Desert Inn Way
Colorado Springs, Colorado 80921",Property in good standing,6131403006,275 Desert Inn Way^^Colorado Springs^CO^80921^
Jandilyn,Roque,,,2,Andrew Breyton,"275 Desert Inn Way
Colorado Springs, Colorado 80921",Property in good standing,6131403006,
Tracy,Bristol,,tbristol800@gmail.com,1,,"185 Wuthering Heights Dr
Colorado Springs, Colorado 80921",Property in good standing,6131209018,185 Wuthering Heights Drive^^Colorado Springs^CO^80921^
Jack,Rydell,,,2,Tracy Bristol,"185 Wuthering Heights Dr
Colorado Springs, Colorado 80921",Property in good standing,6131209018,185 Wuthering Heights Drive^^Colorado Springs^CO^80921^
Randy,Brockett,,randybrockett@yahoo.com,1,,"14230 Westchester Dr
Colorado Springs, Colorado 80921",Property in good standing,6206204007,14230 Westchester Dr^^Colorado Springs^CO^80921^
Julie,Brockett,,,2,Randy Brockett,"14230 Westchester Dr
Colorado Springs, Colorado 80921",Property in good standing,6206204007,14230 Westchester Dr^^Colorado Springs^CO^80921^
Glenn,Brock,,gd_brock@hotmail.com,1,,"655 Rembrandt Court
Colorado Springs, Colorado 80921",Property in good standing,6131103098,655 Rembrandt Ct.^^Colorado Springs^CO^80921^
Jane,Brock,,beth14642002@gmail.com,1,,"655 Rembrandt Court
Colorado Springs, Colorado 80921",Property in good standing,6131103098,655 Rembrandt ct^281^Colorado Springs^CO^80921^
Mike,Brooking,,mike@brooking.net,1,,"410 Rangely Dr
Colorado Springs, Colorado 80921",Property Dues Delinquent,6131401006,410 Rangely Dr^^Colorado Springs^CO^80921^
Lisa,Brooking,,,2,Mike Brooking,"410 Rangely Dr
Colorado Springs, Colorado 80921",Property Dues Delinquent,6131401006,410 Rangely Dr^^Colorado Springs^CO^80921^
Joe,Brouillard,,,1,,"14725 Cherry Hills Place
Colorado Springs, Colorado 80921",Property in good standing,6131404012,14725 Cherry Hills Place^^Colorado Springs^CO^80921^
Lauren,Brouillard,,,2,Joe Brouillard,"14725 Cherry Hills Place
Colorado Springs, Colorado 80921",Property in good standing,6131404012,14725 Cherry Hills Place^^Colorado Springs^CO^80921^
Al Christopher,Brown,,acbkl@comcast.net,1,,"351 Silver Rock Pl
Colorado Springs, Colorado 80921",Property in good standing,6206103052,351 Silver Rock Pl^^Colorado Springs^CO^80921^
Claudia,Brown,,iamcthebee@gmail.com,2,Al Christopher Brown,"351 Silver Rock Pl
Colorado Springs, Colorado 80921",Property in good standing,6206103052,351 Silver Rock Pl^^Colorado Springs^CO^80921^
Donna,Browne,,brownemusicstudios@sbcglobal.net,1,,"14280 Westchester Dr
Colorado Springs, Colorado 80921",Property in good standing,6206204005,14280 Westchester Dr^^Colorado Springs^CO^80921^
Jean Ann,Brown,,jeanbrown8244@gmail.com,1,,"13935 Westchester Dr
Colorado Springs, Colorado 80921",Property in good standing,6206301002,13935 Westchester Dr^^Colorado Springs^CO^80921^
Jeff,Evans,,jeffevans66@gmail.com,2,Jean Ann Brown,"13935 Westchester Dr
Colorado Springs, Colorado 80921",Property in good standing,6206301002,
Joel,Brown,,jdbrn42@yahoo.com,1,,"14090 Westchester Dr
Colorado Springs, Colorado 80921",Property in good standing,6206204013,14090 Westchester Dr^^Colorado Springs^CO^80921^
Karrie,Brown,,,2,Joel Brown,"14090 Westchester Dr
Colorado Springs, Colorado 80921",Property in good standing,6206204013,14090 Westchester Dr^^Colorado Springs^CO^80921^
Lance,Brown,,lancecbrown@gmail.com,1,,"125 Mission Hill Way
Colorado Springs, Colorado 80921",Property in good standing,6206201079,125 Mission Hill Way^^Colorado Springs^CO^80921^
Michael,Brown,,,1,,"115 Wuthering Heights Dr
Colorado Springs, Colorado 80921",Property in good standing,6131307011,115 Wuthering Heights Dr^^Colorado Springs^CO^80921^
Rhonda,Spradling,,,2,Michael Brown,"115 Wuthering Heights Dr
Colorado Springs, Colorado 80921",Property in good standing,6131307011,115 Wuthering Heights Dr^^Colorado Springs^CO^80921^
Michael,Brown,,mjpbrown@outlook.com,1,,"115 Wuthering Heights Dr
Colorado Springs, Colorado 80921",Property in good standing,6131307011,115 WUTHERING HEIGHTS DR^^COLORADO SPRINGS^CO^80921-2571^
Tim,Buchanan,,timbucone@aol.com,1,,"335 Pauma Valley Dr
Colorado Springs, Colorado 80921",Property in good standing,6131306002,335 Pauma Valley Dr^^Colorado Springs^CO^80921^
Kathy,Buchanan,,,2,Tim Buchanan,"335 Pauma Valley Dr
Colorado Springs, Colorado 80921",Property in good standing,6131306002,335 Pauma Valley Dr^^Colorado Springs^CO^80921^
Leah,Bufka,,leahlou622@gmail.com,1,,"14175 Gleneagle Dr
Colorado Springs, Colorado 80921",Property in good standing,6206104045,14175 Gleneagle Dr^^Colorado Springs^CO^80921^
Leah,Bufka,,,2,Leah Bufka,"14175 Gleneagle Dr
Colorado Springs, Colorado 80921",Property in good standing,6206104045,14175 Gleneagle Dr^^Colorado Springs^CO^80921^
Alma,Buitron,Luann Tomkinson,,1,,"10 Huntington Beach Dr
Colorado Springs, Colorado 80921",Property in good standing,6206201046,10 Huntington Beach Dr^^Colorado Springs^CO^80921^
Jane,O`Day,,,2,Alma Buitron,"10 Huntington Beach Dr
Colorado Springs, Colorado 80921",Property in good standing,6206201046,10 Huntington Beach Dr^^Colorado Springs^CO^80921^
Nancy,Bull,,,1,,"13905 Westchester Dr
Colorado Springs, Colorado 80921",Property in good standing,6206301005,13905 Westchester Dr^^Colorado Springs^CO^80921^
James,Bullock,Shannon,dbull45@hotmail.com,1,,"14445 River Oaks Dr
Colorado Springs, Colorado 80921",Property in good standing,6206201007,14445 River Oaks Dr^^Colorado Springs^CO^80921^
Darrell,Burghard,,txswordmaker@gmail.com,1,,"45 Doral Way
Colorado Springs, Colorado 80921",Property in good standing,6206205013,45 Doral Way^^Colorado Springs^CO^80921^
Dakota,Burklund,,dakotapb2009@gmail.com,1,,"375 Pauma Valley Dr
Colorado Springs, Colorado 80921",Property in good standing,6131408001,375 Pauma Valley Dr^^Colorado Springs^CO^80921^
John,Burroughs,,j.r.burroughs@gmail.com,1,,"550 Mission Hill Way
Colorado Springs, Colorado 80921",Property in good standing,6206101002,550 Mission Hill Way^^Colorado Springs^CO^80921^
Scott A.,Burroughs,,chrystiburroughs@mac.com,1,,"14770 Gleneagle Dr
Colorado Springs, Colorado 80921",Property in good standing,6131404018,14770 Gleneagle Dr^^Colorado Springs^CO^80921^
Joni,Bush,,tai.bush@cox.net,1,,"315 Palm Springs Dr
Colorado Springs, Colorado 80921",Property in good standing,6131404007,315 Palm Springs Dr^^Colorado Springs^CO^80921^
Leah,Butler Molnar,,leahmolnar@comcast.net,1,,"380 Palm Springs Dr
Colorado Springs, Colorado 80921",Property in good standing,6131403001,380 Palm Springs Dr^^Colorado Springs^CO^80921^
Peter,Callahan,,petejean81@q.com,1,,"930 Wuthering Heights Dr
Colorado Springs, Colorado 80921",Property in good standing,6131103067,930 Wuthering Heights Dr^^Colorado Springs^CO^80921^
Jeanne,Callahan,,,2,Peter Callahan,"930 Wuthering Heights Dr
Colorado Springs, Colorado 80921",Property in good standing,6131103067,
Roger,Call,,rogercall@comcast.net,1,,"14655 Latrobe Dr
Colorado Springs, Colorado 80921",Property in good standing,6131402046,14655 Latrobe Dr^^Colorado Springs^CO^80921^
Gayle,Call,,gaylecall@comcast.net,2,Roger Call,"14655 Latrobe Dr
Colorado Springs, Colorado 80921",Property in good standing,6131402046,14655 Latrobe Dr^^Colorado Springs^CO^80921^
Mitchell D,Calvert,,mitch_man@comcast.net,1,,"14250 Westchester Dr
Colorado Springs, Colorado 80921",Property in good standing,6206204006,14250 Westchester Dr^^Colorado Springs^CO^80921^
Cathryn A,Calvert,,,2,Mitchell D Calvert,"14250 Westchester Dr
Colorado Springs, Colorado 80921",Property in good standing,6206204006,14250 Westchester Dr^^Colorado Springs^CO^80921^
Max,Cameron,,cameronmaxw@hotmail.com,1,,"15125 Thornbird Ct
Colorado Springs, Colorado 80921",Property in good standing,6131206088,15125 Thornbird Ct^^Colorado Springs^CO^80921^
Janet,Cameron,,xjcameron@hotmail.com,2,Max Cameron,"15125 Thornbird Ct
Colorado Springs, Colorado 80921",Property in good standing,6131206088,15125 Thornbird Ct^^Colorado Springs^CO^80921^
Edward,Campbell,,kmeb2@hotmail.com,1,,"14561 Westchester Dr
Colorado Springs, Colorado 80921",Property Dues Delinquent,6131303010,14561 Westchester Dr^^Colorado Springs^CO^80921^
Rob,Carlson,,rncarlson@gmail.com,1,,"140 Mission Hill Way
Colorado Springs, Colorado 80921",Property in good standing,6206201082,140 Mission Hill Way^^Colorado Springs^CO^80921^
Darin & Roberta (Bobbi),Carney,,bizzeyb@msn.com,1,,"30 Huntington Beach Dr
Colorado Springs, Colorado 80921",Property in good standing,6206201056,30 Huntington Beach Drive^^Colorado Springs^CO^80921^
Dominic,Carro,,karlaa74@yahoo.com,1,,"340 Doral Way
Colorado Springs, Colorado 80921",Property in good standing,6206104048,340 Doral Way^^Colorado Springs^CO^80921^
Karla,Carro,,,2,Dominic Carro,"340 Doral Way
Colorado Springs, Colorado 80921",Property in good standing,6206104048,340 Doral Way^^Colorado Springs^CO^80921^
Michael,Carter,,mcplatinumgroup@yahoo.com,1,,"755 Wuthering Heights Dr
Colorado Springs, Colorado 80921",Property in good standing,6131101072,755 Wuthering Heights Dr^^Colorado Springs^CO^80921^
Swetlana,Carter,,,2,Michael Carter,"755 Wuthering Heights Dr
Colorado Springs, Colorado 80921",Property in good standing,6131101072,755 Wuthering Heights Dr^^Colorado Springs^CO^80921^
William,Carver,,hootcarver@gmail.com,1,,"14570 Bermuda Dunes Way
Colorado Springs, Colorado 80921",Property in good standing,6131308044,14570 Bermuda Dunes Way^^Colorado Springs^CO^80921^
Monika,Carver,,,2,William Carver,"14570 Bermuda Dunes Way
Colorado Springs, Colorado 80921",Property in good standing,6131308044,14570 Bermuda Dunes Way^^Colorado Springs^CO^80921^
Ralph,Castain,,ralph@castain.org,1,,"14172 Stone Eagle Place
Colorado Springs, Colorado 80921",Property in good standing,6206201128,14172 Stone Eagle Pl^^Colorado Springs^CO^80921^
Curtis M,Castellanet,,kimcastellanet@hotmail.com,1,,"14560 Westchester Dr
Colorado Springs, Colorado 80921",Property in good standing,6131303025,14560 Westchester Dr^^Colorado Springs^CO^80921^
Kimberly A,Castellanet,,,2,Curtis M Castellanet,"14560 Westchester Dr
Colorado Springs, Colorado 80921",Property in good standing,6131303025,14560 Westchester Dr^^Colorado Springs^CO^80921^
Phil,Catalfamo,,gleneagle@q.com,1,,"14710 Gleneagle Dr
Colorado Springs, Colorado 80921",Property in good standing,6131404015,14710 Gleneagle Dr^^Colorado Springs^CO^80921^
Laura,Catalfamo,,,2,Phil Catalfamo,"14710 Gleneagle Dr
Colorado Springs, Colorado 80921",Property in good standing,6131404015,14710 Gleneagle Dr^^Colorado Springs^CO^80921^
Philip,Catalfamo,,gleneagledr@gmail.com,1,,"14710 Gleneagle Dr
Colorado Springs, Colorado 80921",Property in good standing,6131404015,14710 Gleneagle Dr^^Colorado Sprgs^CO^80921^
Leilani,Ceballes,,smiley4u26@yahoo.com,1,,"460 Picasso Court
Colorado Springs, Colorado 80921",Property in good standing,6131103073,460 Picasso Court^^Colorado Springs^CO^80921^
Leilani,Ceballes,,,2,Leilani Ceballes,"460 Picasso Court
Colorado Springs, Colorado 80921",Property in good standing,6131103073,460 Picasso Court^^Colorado Springs^CO^80921^
Virginie,Cedotal,,giniehas3@hotmail.com,1,,"140 Wuthering Heights Dr
Colorado Springs, Colorado 80921",Property in good standing,6131206070,140 Wuthering Heights Dr^^Colorado Springs^CO^80921^
Michael,Weiner,,mweiner485@gmail.com,2,Virginie Cedotal,"140 Wuthering Heights Dr
Colorado Springs, Colorado 80921",Property in good standing,6131206070,140 Wuthering Heights Dr^^Colorado Springs^CO^80921^
Pete,Chagolla,,,1,,"14115 Gleneagle Dr
Colorado Springs, Colorado 80921",Property in good standing,6206205021,8330 Clifton Dr.^^Colorado Springs^CO^80920^
Kari,Chagolla,,,2,Pete Chagolla,"14115 Gleneagle Dr
Colorado Springs, Colorado 80921",Property in good standing,6206205021,8330 Clifton Dr^^Colorado Springs^CO^80920^
Robin,Chambon,,rr.chambon@gmail.com,1,,"14170 Candlewood Court
Colorado Springs, Colorado 80921",Property in good standing,6206104004,14170 Candlewood Court^^Colorado Springs^CO^80921^
Jeffrey W,Chandler,,jeffands@gmail.com,1,,"60 Rangely Dr
Colorado Springs, Colorado 80921",Property in good standing,6131309015,60 Rangely Dr^^Colorado Springs^CO^80921^
Shirley L,Chandler,,,2,Jeffrey W Chandler,"60 Rangely Dr
Colorado Springs, Colorado 80921",Property in good standing,6131309015,60 Rangely Dr^^Colorado Springs^CO^80921^
Ana,Chavez,,chaveal7@gmail.com,1,,,,,15015 Hiltonhead Court^^Colorado Springs^CO^80921^
Hector,Chavez,,hanrm0415@gmail.com,1,,"15015 Hilton Head Court
Colorado Springs, Colorado 80921",Property in good standing,6131104016,15015 Hilton Head Court^^Colorado Springs^CO^80921^
Kenneth,Childress,,kenc@urassociation.com,1,,"140 Rangely Dr
Colorado Springs, Colorado 80921",Property in good standing,6131309018,140 Rangely Dr^^Colorado Springs^CO^80921^
Barbara,Inlow-Childress,,,2,Kenneth Childress,"140 Rangely Dr
Colorado Springs, Colorado 80921",Property in good standing,6131309018,140 Rangely Dr^^Colorado Springs^CO^80921^
Petr,Chocholaty,,chocholaty.petr@gmail.com,1,,"13925 Westchester Dr
Colorado Springs, Colorado 80921",Property in good standing,6206301003,13925 Westchester Dr^^Colorado Springs^CO^80921^
Heather,Chocholaty,,,2,Petr Chocholaty,"13925 Westchester Dr
Colorado Springs, Colorado 80921",Property in good standing,6206301003,13925 Westchester Dr^^Colorado Springs^CO^80921^
Julie,Christian,Wisdom and Integrity,jjoyful2@gmail.com,1,,"14372 Spyglass Hill Pl
Colorado Springs, Colorado 80921",Property in good standing,6206201110,14372 Spyglass Hill Pl^^Colorado Springs^CO^80921^
Chris,Clabaugh,,chrisclabaugh88@comcast.net,1,,"14585 Latrobe Dr
Colorado Springs, Colorado 80921",Property in good standing,6131402062,14585 Latrobe Dr^^Colorado Springs^CO^80921^
Becky,Clabaugh,,beckyclabaugh@yahoo.com,2,Chris Clabaugh,"14585 Latrobe Dr
Colorado Springs, Colorado 80921",Property in good standing,6131402062,14585 Latrobe Dr^^Colorado Springs^CO^80921^
Chris,Clabaugh,,cclabaugh@protonmail.com,1,,"14585 Latrobe Dr
Colorado Springs, Colorado 80921",Property in good standing,6131402062,14585 Latrobe Dr^^Colorado Springs^CO^80921^
Ralph,Clark,,rclark1639@cox.net,1,,"14250 Gleneagle Dr
Colorado Springs, Colorado 80921",Property in good standing,6206103006,131 Poquito Rd^^Shalimar^FL^32579^
Bob,Clements,,blujnldy@comcast.net,1,,"15265 Renoir Place
Colorado Springs, Colorado 80921",Property Dues Delinquent,6131101077,15265 Renoir Place^^Colorado Springs^CO^80921^
Stacey,Clements,,,2,Bob Clements,"15265 Renoir Place
Colorado Springs, Colorado 80921",Property Dues Delinquent,6131101077,15265 Renoir Place^^Colorado Springs^CO^80921^
Kenneth,Clemons,,kwclemons@hotmail.com,1,,"14505 Bermuda Dunes Way
Colorado Springs, Colorado 80921",Property in good standing,6206202003,27821 Dandelion Drive^^Santa Clarita^CA^91350-1924^
Teresa,Cline,,bobcline4@gmail.com,1,,"880 Wuthering Heights Dr
Colorado Springs, Colorado 80921",Property in good standing,6131103064,880 Wuthering Heights Dr^^Colorado Springs^CO^80921^
Robert,Cline,,,2,Teresa Cline,"880 Wuthering Heights Dr
Colorado Springs, Colorado 80921",Property in good standing,6131103064,880 Wuthering Heights Dr^^Colorado Springs^CO^80921^
Duane,Clingen,,wateroceanbeach@aim.com,1,,"860 Wuthering Heights Dr
Colorado Springs, Colorado 80921",Property in good standing,6131103062,1545 Woodrose Court^^Colorado Springs^CO^80921^
Penny,Clingen,,,2,Duane Clingen,"860 Wuthering Heights Dr
Colorado Springs, Colorado 80921",Property in good standing,6131103062,860 Wuthering Heights Dr^^Colorado Springs^CO^80921^
William,Cobban,,billcobban1@gmail.com,1,,,,,265 Cherry Hills Way^^Colorado Springs^CO^80921^
Teresa,Cochran,,spicytc@gmail.com,1,,"15 Huntington Beach Dr
Colorado Springs, Colorado 80921",Property in good standing,6206201067,15 Huntington Beach DR^^Colorado Springs^CO^80921^
Timothy,Cochran,,timothy@eas.tc,1,,,,,15 Huntington Beach Dr^^Colorado Springs^CO^80921^
Teresa,Cochran,,,2,Timothy Cochran,,,,15 Huntington Beach Dr^^Colorado Springs^CO^80921^
Brian,Colao,,bcolao@sbcglobal.net,1,,"165 Mission Hill Way
Colorado Springs, Colorado 80921",Property in good standing,6206201077,165 Mission Hill Way^^Colorado Springs^CO^80921^
Tim & Susan,Colchin,,sbcolchin@gmail.com,1,,"180 Huntington Beach Dr
Colorado Springs, Colorado 80921",Property in good standing,6206201059,180 Huntington Beach Dr^^Colorado Springs^CO^80921^
Sean A,Collins,,sacollins2003@gmail.com,1,,"50 Huntington Beach Dr
Colorado Springs, Colorado 80921",Property in good standing,6206201049,50 Huntington Beach Dr^^Colorado Springs^CO^80921^
Barbara,Collins,,butterflyjls@aol.com,2,Sean A Collins,"50 Huntington Beach Dr
Colorado Springs, Colorado 80921",Property in good standing,6206201049,50 Huntington Beach Dr^^Colorado Springs^CO^80921^
Ron,Conder,,jeanneconder@comcast.net,1,,"14405 River Oaks Dr
Colorado Springs, Colorado 80921",Property Dues Delinquent,6206201010,14405 River Oaks Dr^^Colorado Springs^CO^80921^
Jeanne,Conder,,rconder@architivity.com,2,Ron Conder,"14405 River Oaks Dr
Colorado Springs, Colorado 80921",Property Dues Delinquent,6206201010,14405 River Oaks Dr^^Colorado Springs^CO^80921^
Mark,Connell,,marktconnell2@gmail.com,1,,"14415 River Oaks Dr
Colorado Springs, Colorado 80921",Property in good standing,6206201009,14415 River Oaks Dr^^Colorado Springs^CO^80921^
Jing Hong,Liu,,,2,Mark Connell,"14415 River Oaks Dr
Colorado Springs, Colorado 80921",Property in good standing,6206201009,14415 River Oaks Dr^^Colorado Springs^CO^80921^
Derek,Converse,,dcconcessions@msn.com,1,,"325 Wuthering Heights Dr
Colorado Springs, Colorado 80921",Property Dues Delinquent,6131104010,325 Wuthering Heights Dr^^Colorado Springs^CO^80921^
Stacie,Converse,,,2,Derek Converse,"325 Wuthering Heights Dr
Colorado Springs, Colorado 80921",Property Dues Delinquent,6131104010,325 Wuthering Heights Dr^^Colorado Springs^CO^80921^
Alexander,Cook,,acook123@gmail.com,1,,"14815 Gleneagle Dr
Colorado Springs, Colorado 80921",Property in good standing,6131402032,14815 Gleneagle Dr^^Colorado Springs^CO^80921^
John,Corbett,,jakcor86@comcast.net,1,,"14615 River Oaks Dr
Colorado Springs, Colorado 80921",Property in good standing,6131306006,14615 River Oaks Dr^^Colorado Springs^CO^80921^
Kelly,Corbett,,kjcorbett83@gmail.com,2,John Corbett,"14615 River Oaks Dr
Colorado Springs, Colorado 80921",Property in good standing,6131306006,14615 River Oaks^^Colorado Springs^^80821^
Ricky,Corona,,mistercorona@gmail.com,1,,"14070 Gleneagle Dr
Colorado Springs, Colorado 80921",Property in good standing,6206201043,14070 Gleneagle Dr^^Colorado Springs^CO^80921^
Pilar,Corona,,,2,Ricky Corona,"14070 Gleneagle Dr
Colorado Springs, Colorado 80921",Property in good standing,6206201043,14070 Gleneagle Dr^^Colorado Springs^CO^80921^
Charles,Cothern,,charlescothern@springseng.com,1,,"35 Wuthering Heights Dr
Colorado Springs, Colorado 80921",Property in good standing,6131104005,"15170 Steinbeck Ln, Colorado Springs, CO^^Colorado Springs^CO^80921^"
Charles,Cothern,,charlescothern@springseng.com,1,,"5 Rangely Dr
Colorado Springs, Colorado 80921",Property in good standing,6131301030,"15170 Steinbeck Ln, Colorado Springs, CO^^Colorado Springs^CO^80921^"
Dora,Couch,,dorapcouch@gmail.com,1,,"135 Doral Way
Colorado Springs, Colorado 80921",Property in good standing,6206205012,135 Doral Way^^Colorado Springs^CO^80921^
John,Coulahan,,jrcoulahan@comcast.net,1,,"95 Desert Inn Way
Colorado Springs, Colorado 80921",Property in good standing,6131403008,95 Desert Inn Way^^Colorado Springs^CO^80921^
GCA,Covenants,,covenants@gleneaglehoa.org,1,,,,,
Timothy B,Coy,,tim_coy@hotmail.com,1,,"145 Mission Hill Way
Colorado Springs, Colorado 80921",Property in good standing,6206201078,145 Mission Hill Way^^Colorado Springs^CO^80921^
Valerie,Ross-Coy,,vrc48@hotmail.com,2,Timothy B Coy,"145 Mission Hill Way
Colorado Springs, Colorado 80921",Property in good standing,6206201078,145 Mission Hill Way^^Colorado Springs^CO^80921^
Stephen,Cranage,,,1,,"15050 LaJolla Place
Colorado Springs, Colorado 80921",Property in good standing,,15050 LaJolla Place^^Colorado Springs^CO^80921^
Karen,Crawford,,poochsmoocher@gmail.com,1,,"325 Rangely Dr
Colorado Springs, Colorado 80921",Property in good standing,6131402014,4317 W. J.J. Ranch Road^^Glendale^AZ^85310^
Marilyn R.,Killian,,gekillian9@comcast.net,2,Karen Crawford,"325 Rangely Dr
Colorado Springs, Colorado 80921",Property in good standing,6131402014,325 Rangely Dr^^Colorado Springs^CO^80921^
David,Creech,,dmcmillwork@gmail.com,1,,"14260 Gleneagle Dr
Colorado Springs, Colorado 80921",Property in good standing,6206103005,14260 Gleneagle Dr^^Colorado Springs^CO^80921^
Debra Sue,Creech,,debrasue@computermail.net,2,David Creech,"14260 Gleneagle Dr
Colorado Springs, Colorado 80921",Property in good standing,6206103005,14260 Gleneagle Dr^^Colorado Springs^CO^80921^
Dave,Cross,,davecross222222@gmail.com,1,,"540 Rangely Dr
Colorado Springs, Colorado 80921",Property in good standing,6131401002,540 Rangely Dr^^Colorado Springs^CO^80921^
Leslie,Cross,,,2,Dave Cross,"540 Rangely Dr
Colorado Springs, Colorado 80921",Property in good standing,6131401002,540 Rangely Dr^^Colorado Springs^CO^80921^
Benjamin,Crossley,,,1,,"915 Wuthering Heights Dr
Colorado Springs, Colorado 80921",Property in good standing,6131110053,915 Wuthering Heights Dr^^Colorado Springs^CO^80921^
Julie,Crossley,,,2,Benjamin Crossley,"915 Wuthering Heights Dr
Colorado Springs, Colorado 80921",Property in good standing,6131110053,915 Wuthering Heights Dr^^Colorado Springs^CO^80921^
Erik,Cummings,,erik.cummings@gmail.com,1,,"13985 Westchester Dr
Colorado Springs, Colorado 80921",Property in good standing,6206302003,13985 Westchester Dr^^Colorado Springs^CO^80921^
Anastasia,Cummings,,,2,Erik Cummings,"13985 Westchester Dr
Colorado Springs, Colorado 80921",Property in good standing,6206302003,13985 Westchester Dr^^Colorado Springs^CO^80921^
Tom,Cunningham,,tom.diana@comcast.net,1,,"420 Wuthering Heights Dr
Colorado Springs, Colorado 80921",Property in good standing,6131103081,420 Wuthering Heights Dr^^Colorado Springs^CO^80921^
Diana,Cunningham,,,2,Tom Cunningham,"420 Wuthering Heights Dr
Colorado Springs, Colorado 80921",Property in good standing,6131103081,420 Wuthering Heights Dr^^Colorado Springs^CO^80921^
Benjamin,Custalow,,tara.custalow@gmail.com,1,,"810 Wuthering Heights Dr
Colorado Springs, Colorado 80921",Property in good standing,6131103057,810 Wuthering Heights Dr^^Colorado Springs^CO^80921^
Tara,Custalow,,,2,Benjamin Custalow,"810 Wuthering Heights Dr
Colorado Springs, Colorado 80921",Property in good standing,6131103057,810 Wuthering Heights Dr^^Colorado Springs^CO^80921^
Andrew,Czyl,,andrewczyl@gmail.com,1,,"75 Palm Springs Dr
Colorado Springs, Colorado 80921",Property in good standing,6131404002,75 Palm Springs Dr^^Colorado Springs^CO^80921^
Kimberly,Czyl,,kimberlyczyl@gmail.com,2,Andrew Czyl,"75 Palm Springs Dr
Colorado Springs, Colorado 80921",Property in good standing,6131404002,75 Palm Springs Dr^^Colorado Springs^CO^80921^
Alan,Daines,,ardaines@msn.com,1,,"340 Palm Springs Dr
Colorado Springs, Colorado 80921",Property in good standing,6131403003,340 Palm Springs Dr^^Colorado Springs^CO^80921^
Katherine,Daines,,,2,Alan Daines,"340 Palm Springs Dr
Colorado Springs, Colorado 80921",Property in good standing,6131403003,340 Palm Springs Dr^^Colorado Springs^CO^80921^
Alan,Daines,,alandaines67@gmail.com,1,,"340 Palm Springs Dr
Colorado Springs, Colorado 80921",Property in good standing,6131403003,340 Palm Springs Drive^^Colorado Springs^CO^80921^
Jim,Daley,,jim_daley@msn.com,1,,"30 Desert Inn Way
Colorado Springs, Colorado 80921",Property in good standing,6131307025,30 Desert Inn Way^^Colorado Springs^CO^80921^
Bobbie,Daley,,,2,Jim Daley,"30 Desert Inn Way
Colorado Springs, Colorado 80921",Property in good standing,6131307025,30 Desert Inn Way^^Colorado Springs^CO^80921^
Jay A,Dankoff,,amandadankoff@gmail.com,1,,"665 Rembrandt Court
Colorado Springs, Colorado 80921",Property in good standing,6131103097,665 Rembrandt Court^^Colorado Springs^CO^80921^
Karen,DaPra,,karendap440@gmail.com,1,,"290 Wuthering Heights Dr
Colorado Springs, Colorado 80921",Property Dues Delinquent,6131206086,290 Wuthering Heights Dr^^Colorado Springs^CO^80921^
Bronwyn,Davis,,bronwyndavis4@gmail.com,1,,"15011 LaJolla Place
Colorado Springs, Colorado 80921",Property in good standing,,15011 LaJolla Place^^Colorado Springs^CO^80921^
Timothy,Davis,,,2,Bronwyn Davis,"15011 LaJolla Place
Colorado Springs, Colorado 80921",Property in good standing,,15011 LaJolla Place^^Colorado Springs^CO^80921^
John,Davis,,whdltc1@msn.com,1,,"14465 River Oaks Dr
Colorado Springs, Colorado 80921",Property in good standing,6206201006,14465 River Oaks Dr^^Colorado Springs^CO^80921^
Sara,Dazey,,bobnsar@aol.com,1,,"710 Wuthering Heights Dr
Colorado Springs, Colorado 80921",Property in good standing,6131103107,710 Wuthering Heights Drive^^Colorado Springs^CO^80921^
Robert,Dazey,,robertdazey1@msn.com,2,Sara Dazey,"710 Wuthering Heights Dr
Colorado Springs, Colorado 80921",Property in good standing,6131103107,710 Wuthering Heights Dr^^Colorado Springs^CO^80921^
Carolyn,Deaderick,,cadeaderick@gmail.com,1,,"170 Wuthering Heights Dr
Colorado Springs, Colorado 80921",Property in good standing,6131206073,170 Wuthering Heights Drive^^Colorado Springs^CO^80921^
Kevin,Deardorff,,coquantum@msn.com,1,,"14210 Westchester Dr
Colorado Springs, Colorado 80921",Property in good standing,6206204008,14210 Westchester Dr^^Colorado Springs^CO^80921^
Carmen,Decker,Robert and Guia,,1,,"55 Pauma Valley Dr
Colorado Springs, Colorado 80921",Property in good standing,6131303009,55 Pauma Valley Drive^^Colorado Springs^CO^80921^
Bob,DeLange,,rdelange1377@gmail.com,1,,"14445 Gleneagle Dr
Colorado Springs, Colorado 80921",Property in good standing,6206101005,14445 GLENEAGLE DR^^COLORADO SPRINGS^CO^80921^
Charlotte K,DeLange,,ckdelange@att.net,2,Bob DeLange,"14445 Gleneagle Dr
Colorado Springs, Colorado 80921",Property in good standing,6206101005,14445 Gleneagle Dr^^Colorado Springs^CO^80921^
Max,Delgado,,,1,,"15010 Hilton Head Court
Colorado Springs, Colorado 80921",Property in good standing,6131104012,15010 Hilton Head Court^^Colorado Springs^CO^80921^
Veronica,Delgado,,,2,Max Delgado,"15010 Hilton Head Court
Colorado Springs, Colorado 80921",Property in good standing,6131104012,15010 Hilton Head Court^^Colorado Springs^CO^80921^
MAX,DELGADO,,maxdelgado700@gmail.com,1,,"15010 Hilton Head Court
Colorado Springs, Colorado 80921",Property in good standing,6131104012,15010 HILTON HEAD CT^^COLORADO SPRINGS^CO^80921^
Charles,Delich,,crdelich@mac.com,1,,"135 Palm Springs Dr
Colorado Springs, Colorado 80921",Property in good standing,6131302008,135 Palm Springs Dr^^Colorado Springs^CO^80921^
Lisa,Delich,,,2,Charles Delich,"135 Palm Springs Dr
Colorado Springs, Colorado 80921",Property in good standing,6131302008,135 Palm Springs Dr^^Colorado Springs^CO^80921^
Christian,DeMeyer,,christian_demeyer@yahoo.com,1,,"14590 River Oaks Dr
Colorado Springs, Colorado 80921",Property in good standing,6131303036,14590 River Oaks Dr^^Colorado Springs^CO^80921^
Brooks,Demio,,brooks@pcisys.net,1,,"555 Wuthering Heights Dr
Colorado Springs, Colorado 80921",Property in good standing,6131101059,555 Wuthering Heights Dr^^Colorado Springs^CO^80921^
Robin,Demio,,,2,Brooks Demio,"555 Wuthering Heights Dr
Colorado Springs, Colorado 80921",Property in good standing,6131101059,555 Wuthering Heights Dr^^Colorado Springs^CO^80921^
Daniel,Denning,,starbook2001@yahoo.com,1,,"285 Palm Springs Dr
Colorado Springs, Colorado 80921",Property in good standing,6131302001,285 Palm Springs Dr^^Colorado Springs^CO^80921^
Doris,Denning,,,2,Daniel Denning,"285 Palm Springs Dr
Colorado Springs, Colorado 80921",Property in good standing,6131302001,285 Palm Springs Dr^^Colorado Springs^CO^80921^
ChoCho,DeSantis,,chocho.m.desantis@gmail.com,1,,"330 Pauma Valley Dr
Colorado Springs, Colorado 80921",Property in good standing,6131302027,330 Pauma Valley Dr^^Colorado Springs^CO^80921^
Geraldo,DeSouza,,desougs@auburn.edu,1,,"165 Wuthering Heights Dr
Colorado Springs, Colorado 80921",Property in good standing,6131209019,165 Wuthering Heights Dr^^Colorado Springs^CO^80921^
Ismenia Sales,DeSouza,,,2,Geraldo DeSouza,"165 Wuthering Heights Dr
Colorado Springs, Colorado 80921",Property in good standing,6131209019,165 Wuthering Heights Dr^^Colorado Springs^CO^80921^
Dane,Dewberrry,,,1,,"210 Mission Hill Way
Colorado Springs, Colorado 80921",Property in good standing,6206201104,210 Mission Hill Way^^Colorado Springs^CO^80921^
Theresa,Dewberry,,tflorance@msn.com,2,Dane Dewberrry,"210 Mission Hill Way
Colorado Springs, Colorado 80921",Property in good standing,6206201104,210 Mission Hill Way^^Colorado Springs^CO^80921^
Trivian,Dickard,,triviandickard@gmail.com,1,,"105 Doral Way
Colorado Springs, CO 80921",Property in good standing,6206205010,105 Doral Way^^Colorado Springs^CO^80921^
Brian,Dickard,,bdickard@gmail.com,2,,"105 Doral Way
Colorado Springs, CO 80921",Property in good standing,6206205010,105 Doral Way^^Colorado Springs^CO^80921^
Trivian,Dickard,,tdickard@yahoo.com,1,Trivian Dickard,"105 Doral Way
Colorado Springs, CO 80921",,,105 Doral Way^^Colorado Springs^CO^80921^
Christopher,Doniec,,christophergleneaglehoa@gmail.com,1,,"14085 Gleneagle Dr
Colorado Springs, Colorado 80921",Property in good standing,6206205002,14085 Gleneagle Dr^^Colorado Springs^CO^80921^
Kim,Doniec,,,2,Christopher Doniec,"14085 Gleneagle Dr
Colorado Springs, Colorado 80921",Property in good standing,6206205002,14085 Gleneagle Dr^^Colorado Springs^CO^80921^
Darren,Doucet,,darren@bondguarantee.com,1,,"14420 River Oaks Dr
Colorado Springs, Colorado 80921",Property Dues Delinquent,6206201012,14420 River Oaks Dr^^Colorado Springs^CO^80921^
Donna,Doucet,,,2,Darren Doucet,"14420 River Oaks Dr
Colorado Springs, Colorado 80921",Property Dues Delinquent,6206201012,14420 River Oaks Dr^^Colorado Springs^CO^80921^
Edgar L.,Dove,,eddove@icloud.com,1,,"625 Rembrandt Court
Colorado Springs, Colorado 80921",Property in good standing,6131103100,625 Rembrandt Court^^Colorado Springs^CO^80921^
Theresa,Doyle Sloan,,sloan.theresa@gmail.com,1,,"450 Picasso Court
Colorado Springs, Colorado 80921",Property in good standing,6131103072,450 Picasso Ct.^^Colorado Springs^CO^29229^
John,Doyle,,doylejsjj@comcast.net,1,,"450 Picasso Court
Colorado Springs, Colorado 80921",Property in good standing,6131103072,450 Picasso Court^^Colorado Springs^CO^80921^
Joy,Doyle,,,2,John Doyle,"450 Picasso Court
Colorado Springs, Colorado 80921",Property in good standing,6131103072,450 Picasso Court^^Colorado Springs^CO^80921^
Joy,Doyle,,doylejs2020@gmail.com,1,,"450 Picasso Court
Colorado Springs, Colorado 80921",Property in good standing,6131103072,450 Picasso Ct.^^Colorado Springs^CO^80921^
Neil,Dozier,,high5dozier@comcast.net,1,,"14160 Westchester Dr
Colorado Springs, Colorado 80921",Property in good standing,6206204010,14160 Westchester Dr^^Colorado Springs^CO^80921^
Lisa,Dozier,,,2,Neil Dozier,"14160 Westchester Dr
Colorado Springs, Colorado 80921",Property in good standing,6206204010,14160 Westchester Dr^^Colorado Springs^CO^80921^
Robert,Droke,,robert.droke@yahoo.com,1,,"14020 Gleneagle Drive
Colorado Springs, Colorado 80921",Property in good standing,6206201121,14020 Gleneagle Drive^^Colorado Springs^CO^80921^
Laura,Droke,,,2,Robert Droke,"14020 Gleneagle Drive
Colorado Springs, Colorado 80921",Property in good standing,6206201121,14020 Gleneagle Drive^^Colorado Springs^CO^80921^
Michael,Dudas,,synetspec@yahoo.com,1,,"385 Wuthering Heights Dr
Colorado Springs, Colorado 80921",Property in good standing,6131104007,"Unit 8200, Box 456^^DPO^AP^96520^"
Bonnie,Fletcher,RE Max,remaxrgpmd@gmail.com,2,Michael Dudas,"385 Wuthering Heights Dr
Colorado Springs, Colorado 80921",Property in good standing,6131104007,12265 Oracle Blvd^Ste 200^COLORADO SPRINGS^CO^80921^
Dan,Dueber,,codueber@yahoo.com,1,,"14460 Bermuda Dunes Way
Colorado Springs, Colorado 80921",Property in good standing,6206203002,14460 Bermuda Dunes Way^^Colorado Springs^CO^80921^
Susan,Dueber,,,2,Dan Dueber,"14460 Bermuda Dunes Way
Colorado Springs, Colorado 80921",Property in good standing,6206203002,14460 Bermuda Dunes Way^^Colorado Springs^CO^80921^
Jared,Dumke,,thedumkeco@gmail.com,1,,"14635 River Oaks Dr
Colorado Springs, Colorado 80921",Property in good standing,6131306004,14635 River Oaks Drive^^Colorado Springs^CO^80921^
Tyler,Duncan,,tduncan907@gmail.com,1,,"40 Rangely Dr
Colorado Springs, Colorado 80921",Property in good standing,6131309018,40 Rangely Dr^^Colorado Springs^CO^80921^
Dean,Dunn,,prayercat58@gmail.com,1,,"70 Desert Inn Way
Colorado Springs, Colorado 80921",Property Dues Delinquent,6131307020,545 3rd Street^101^Monument^CO^80132^
Catherine,Dunn,,cmd76prayercat@outlook.com,2,Dean Dunn,"70 Desert Inn Way
Colorado Springs, Colorado 80921",Property Dues Delinquent,6131307020,PO Box 50412^^Colorado Springs^CO^80949^
Dennis,Dvorak,,denshardvorak@gmail.com,1,,"15010 LaJolla Place
Colorado Springs, Colorado 80921",Property in good standing,,2440 Ptarmigan Lane^^Colorado Springs^CO^80918^
Sharon,Dvorak,,,2,Dennis Dvorak,"15010 LaJolla Place
Colorado Springs, Colorado 80921",Property in good standing,,2440 Ptarmigan Lane^^Colorado Springs^CO^80918^
Kale D.,Dyer,,kaleddyer@gmail.com,1,,"14485 River Oaks Dr
Colorado Springs, Colorado 80921",Property in good standing,6131305002,14485 River Oaks Dr^^Colorado Springs^CO^80921^
Adrianne M.,Dyer,,mtzdyer@gmail.com,2,Kale D. Dyer,"14485 River Oaks Dr
Colorado Springs, Colorado 80921",Property in good standing,6131305002,14485 River Oaks Dr^^Colorado Springs^CO^80921^
Dennis,Eagan,,eagand@msn.com,1,,"675 Wuthering Heights Dr
Colorado Springs, Colorado 80921",Property in good standing,6131101065,675 Wuthering Heights Dr^^Colorado Springs^CO^80921^
Lynn,Eagan,,,2,Dennis Eagan,"675 Wuthering Heights Dr
Colorado Springs, Colorado 80921",Property in good standing,6131101065,675 Wuthering Heights Dr^^Colorado Springs^CO^80921^
Holly,Edward,,hroberts123@gmail.com,1,,"14135 Candlewood Court
Colorado Springs, Colorado 80921",Property in good standing,6206104005,14135 Candlewood Court^^Colorado Springs^CO^80921^
Adam,Eggehorn,,aeggehorn@hotmail.com,1,,"13995 Westchester Dr
Colorado Springs, Colorado 80921",Property in good standing,6206302004,13995 Westchester Dr^^Colorado Springs^CO^80921^
Marissa Nicole,Eggehorn,,,2,Adam Eggehorn,"13995 Westchester Dr
Colorado Springs, Colorado 80921",Property in good standing,6206302004,13995 Westchester Dr^^Colorado Springs^CO^80921^
Westfall,Elisabeth,,libwest22@hotmail.com,1,,"14135 Candlewood Court
Colorado Springs, Colorado 80921",Property in good standing,6206104005,14135 Candlewood Court^^Colorado Springs^CO^80921^
Mohammad,Emami,,mkemami@yahoo.com,1,,"285 Doral Way
Colorado Springs, Colorado 80921",Property in good standing,6206104017,285 Doral Way^^Colorado Springs^CO^80921^
Hootan,Emami,,,2,Mohammad Emami,"285 Doral Way
Colorado Springs, Colorado 80921",Property in good standing,6206104017,285 Doral Way^^Colorado Springs^CO^80921^
Joe,Ennis,,joe2joni@msn.com,1,,"14555 River Oaks Dr
Colorado Springs, Colorado 80921",Property in good standing,6131306011,14555 River Oaks Dr^^Colorado Springs^CO^80921^
Joni,Ennis,,,2,Joe Ennis,"14555 River Oaks Dr
Colorado Springs, Colorado 80921",Property in good standing,6131306011,14555 River Oaks Dr^^Colorado Springs^CO^80921^
Tandem,Enterprises,,agratrix@tandementerprises.com,1,,"350 Silver Rock Pl
Colorado Springs, Colorado 80921",Property in good standing,6206103056,9800 Pyramid Court^^Englewood^CO^80112^
William,Esakoff,,,1,,,,,155 Desert Inn Way^^Colorado Springs^CO^80921^
Jessica,Espinoza,,timariposa@hotmail.com,1,,"385 Mission Hill Way
Colorado Springs, Colorado 80921",Property in good standing,6206103060,385 Mission Hill Way^^Colorado Springs^CO^80921^
Jim,Evans,,jim.evans@yahoo.com,1,,"140 Desert Inn Way
Colorado Springs, Colorado 80921",Property in good standing,6131307018,140 Desert Inn Way^^Colorado Springs^CO^80921^
T.K.,Evans,,toddinfinity1@msn.com,1,,"90 Palm Springs Dr
Colorado Springs, Colorado 80921",Property in good standing,6131301001,90 Palm Springs Dr^^Colorado Springs^CO^80921^
Jennifer,Evans,,,2,T.K. Evans,"90 Palm Springs Dr
Colorado Springs, Colorado 80921",Property in good standing,6131301001,90 Palm Springs Dr^^Colorado Springs^CO^80921^
Thomas,Evans,,tomdaevans@msn.com,1,,"120 Mission Hill Way
Colorado Springs, Colorado 80921",Property in good standing,6206201081,120 MISSION HILL WAY^^COLORADO SPRINGS^CO^80921^
Delores,,,dodie14@comcast.net,2,Thomas Evans,"120 Mission Hill Way
Colorado Springs, Colorado 80921",Property in good standing,6206201081,120 Mission Hills Way^^Colorado Springs^CO^80921^
Timothy,Falk,,mountainwatch@aol.com,1,,"45 Desert Inn Way
Colorado Springs, Colorado 80921",Property in good standing,6131309008,45 Desert Inn Way^^Colorado Springs^CO^80921^
Frank,Falvo,,fanda711@gmail.com,1,,"225 Pauma Valley Dr
Colorado Springs, Colorado 80921",Property in good standing,6131303003,15162 West 32nd Drive^^Golden^CO^80401^
Bryan,Decker,,,3,Frank Falvo,"225 Pauma Valley Dr
Colorado Springs, Colorado 80921",Property in good standing,6131303003,225 Pauma Valley Dr^^Colorado Springs^CO^80921^
William,Fargo,,ksfargo4@gmail.com,1,,"15 Palm Springs Dr
Colorado Springs, Colorado 80921",Property in good standing,6131404007,15 Palm Springs Dr^^Colorado Springs^CO^80921^
Kathryn,Fargo,,,2,William Fargo,"15 Palm Springs Dr
Colorado Springs, Colorado 80921",Property in good standing,6131404007,15 Palm Springs Dr^^Colorado Springs^CO^80921^
Ken,Feldman,,kenf1@comcast.net,1,,"14595 River Oaks Dr
Colorado Springs, Colorado 80921",Property in good standing,6131306008,14595 River Oaks Dr^^Colorado Springs^CO^80921^
Sharon,Feldman,,,2,Ken Feldman,"14595 River Oaks Dr
Colorado Springs, Colorado 80921",Property in good standing,6131306008,14595 River Oaks Dr^^Colorado Springs^CO^80921^
Doug,Feller,,fellerfam@yahoo.com,1,,"14565 Latrobe Dr
Colorado Springs, Colorado 80921",Property in good standing,6131402051,14565 Latrobe Dr^^Colorado Springs^CO^80921^
Brenda,Feller,,,2,Doug Feller,"14565 Latrobe Dr
Colorado Springs, Colorado 80921",Property in good standing,6131402051,14565 Latrobe Dr^^Colorado Springs^CO^80921^
Chaney Lee,Ferguson,,fergusonchaney9@gmail.com,1,,"14155 Candlewood Court
Colorado Springs, Colorado 80921",Property in good standing,6206104004,14155 Candlewood Court^^Colorado Springs^CO^80921^
Pamela Joyce,Ferguson,,,2,Chaney Lee Ferguson,"14155 Candlewood Court
Colorado Springs, Colorado 80921",Property in good standing,6206104004,14155 Candlewood Court^^Colorado Springs^CO^80921^
Shane,Ferguson,,dashferg93@gmail.com,1,,"14532 Latrobe Dr
Colorado Springs, Colorado 80921",Property in good standing,6131406014,14532 Latrobe Dr^^Colorado Springs^CO^80921^
Dennis,Ferris,,dmferris@msn.com,1,,"575 Wuthering Heights Dr
Colorado Springs, Colorado 80921",Property Dues Delinquent,6131101060,575 Wuthering Heights Dr^^Colorado Springs^CO^80921^
Margy,Ferris,,,2,Dennis Ferris,"575 Wuthering Heights Dr
Colorado Springs, Colorado 80921",Property Dues Delinquent,6131101060,575 Wuthering Heights Dr^^Colorado Springs^CO^80921^
Roger,Finley,,rbfinley@gmail.com,1,,,,,205 Desert Inn Way^^Colorado Springs^CO^80921^
Dennis,Finnessey,,nancy.finnessey@academyrdi.org,1,,"14270 Gleneagle Dr
Colorado Springs, Colorado 80921",Property in good standing,6206103003,14270 Gleneagle Dr^^Colorado Springs^CO^80921^
Nancy,Finnessey,,,2,Dennis Finnessey,"14270 Gleneagle Dr
Colorado Springs, Colorado 80921",Property in good standing,6206103003,14270 Gleneagle Dr^^Colorado Springs^CO^80921^
Stephen,Fischer,,fischer.stephen@gmail.com,1,,"245 Doral Way
Colorado Springs, Colorado 80921",Property in good standing,6206205016,245 Doral Way^^Colorado Springs^CO^80921^
Sarah,Fischer,,,2,Stephen Fischer,"245 Doral Way
Colorado Springs, Colorado 80921",Property in good standing,6206205016,245 Doral Way^^Colorado Springs^CO^80921^
Doug,Fish,,douglas.n.fish@comcast.net,1,,"650 Rembrandt Court
Colorado Springs, Colorado 80921",Property in good standing,6131103091,650 Rembrandt Court^^Colorado Springs^CO^80921^
Josh,Forstedt,,jforstedt@gmail.com,1,,"270 Rangely Dr
Colorado Springs, Colorado 80921",Property in good standing,6131307024,270 Rangely Dr^^Colorado Springs^CO^80921^
Steven,Fowler,,sdfandslf@msn.com,1,,"15155 Thornbird Ct
Colorado Springs, Colorado 80921",Property in good standing,6131206087,15155 Thornbird Ct^^Colorado Springs^CO^80921^
Sherrie,Fowler,,,2,Steven Fowler,"15155 Thornbird Ct
Colorado Springs, Colorado 80921",Property in good standing,6131206087,15155 Thornbird Ct^^Colorado Springs^CO^80921^
Adam,Frank,,adam.frank@live.com,1,,"260 Pauma Valley Dr
Colorado Springs, Colorado 80921",Property in good standing,6131302024,260 Pauma Valley Dr^^Colorado Springs^CO^80921^
Heidi,Franz-Garrison,,heidijon1966@gmail.com,1,,"15130 Thornbird Ct
Colorado Springs, Colorado 80921",Property in good standing,6131206082,15130 THORNBIRD CT^^COLORADO SPRINGS^CO^80921^
Daniel,Frasier,,drfrasier0219@hotmail.com,1,,"730 Wuthering Heights Dr
Colorado Springs, Colorado 80921",Property Dues Delinquent,6131103054,730 Wuthering Heights Dr^^Colorado Springs^CO^80921^
Cynthia,Freeman,,,1,,"20 Huntington Beach Dr
Colorado Springs, Colorado 80921",Property in good standing,6206201106,20 Huntington Beach Dr^^Colorado Springs^CO^80921^
William,Free,,sharp.shawn.free@outlook.com,1,,,,,165 Huntington Beach Dr^^Colorado Springs^CO^80921^
William,Free,,wfreelamb@live.com,1,,"165 Huntington Beach Dr
Colorado Springs, Colorado 80921",Property in good standing,6206201063,165 Huntington Beach Dr^^Colorado Springs^CO^80921^
Tim,Freier,,tfreier31@hotmail.com,1,,"145 Huntington Beach Dr
Colorado Springs, Colorado 80921",Property in good standing,6206201064,145 Huntington Beach Dr^^Colorado Springs^CO^80921^
Michael,Fucci,,fuccibill@hotmail.com,1,,"40 Desert Inn Way
Colorado Springs, Colorado 80921",Property in good standing,6131307018,40 Desert Inn Way^^Colorado Springs^CO^80921^
Luke,Fulghum,,luke.fulghum@gmail.com,1,,"14605 River Oaks Dr
Colorado Springs, Colorado 80921",Property in good standing,6131306007,525 S Hook Drive^^Pueblo^CO^81007^
Sandra,Fulghum,,s.fulghum7@gmail.com,2,Luke Fulghum,"14605 River Oaks Dr
Colorado Springs, Colorado 80921",Property in good standing,6131306007,525 S Hook Drive^^Pueblo^CO^81007^
David,Futey,,dfutey@gmail.com,1,,"420 Picasso Court
Colorado Springs, Colorado 80921",Property in good standing,6131103069,420 Picasso Court^^Colorado Springs^CO^80921^
Michelle,Gaide,,michelle@gaide.net,1,,"250 Wuthering Heights Dr
Colorado Springs, Colorado 80921",Property in good standing,6131206080,250 Wuthering Heights Drive^^Colorado Springs^CO^80921^
Daniel,Gaide,,,2,Michelle Gaide,"250 Wuthering Heights Dr
Colorado Springs, Colorado 80921",Property in good standing,6131206080,250 Wuthering Heights Drive^^Colorado Springs^CO^80921^
Anita,Galloway,,12agalloway@gmail.com,1,,"14335 Westchester Dr
Colorado Springs, Colorado 80921",Property in good standing,6206201025,14335 Westchester Drive^^Colorado Springs^CO^80921^
,,Synergy Realty Group,hello@synergyproperty.net,2,Anita Galloway,"14335 Westchester Dr
Colorado Springs, Colorado 80921",Property in good standing,6206201025,
Gary,Gardner,,,1,,"14470 Westchester Dr
Colorado Springs, Colorado 80921",Property Dues Delinquent,6206202006,14470 Westchester Dr^^Colorado Springs^CO^80921^
Cindy,Gardner,,,2,Gary Gardner,"14470 Westchester Dr
Colorado Springs, Colorado 80921",Property Dues Delinquent,6206202006,14470 Westchester Dr^^Colorado Springs^CO^80921^
Aletha,Gargiulo,,t.gihring@yahoo.com,1,,"14835 Gleneagle Dr
Colorado Springs, Colorado 80921",Property in good standing,6131402030,14835 Gleneagle Dr^^Colorado Springs^CO^80921^
Duane E,Garrett,,garrett_shan@hotmail.com,1,,"250 Doral Way
Colorado Springs, Colorado 80921",Property in good standing,6206206002,250 Doral Way^^Colorado Springs^CO^80921^
Kevin,Garrett,,garrettclan5@msn.com,1,,"480 Wuthering Heights Dr
Colorado Springs, Colorado 80921",Property in good standing,6131103084,480 Wuthering Heights Dr^^Colorado Springs^CO^80921^
Pamela,Garrett,,klgarrett5@gmail.com,2,Kevin Garrett,"480 Wuthering Heights Dr
Colorado Springs, Colorado 80921",Property in good standing,6131103084,480 Wuthering Heights Dr^^Colorado Springs^CO^80921^
Rex,Garrison,,rnhgarrison@gmail.com,1,,"15130 Thornbird Ct
Colorado Springs, Colorado 80921",Property in good standing,6131206082,15130 Thornbird Ct^^Colorado Springs^CO^80921^
Heidi,Franz-Garrison,,,2,Rex Garrison,"15130 Thornbird Ct
Colorado Springs, Colorado 80921",Property in good standing,6131206082,15130 Thornbird Ct^^Colorado Springs^CO^80921^
Baxter,Garside,,,1,,"14005 Westchester Dr
Colorado Springs, Colorado 80921",Property in good standing,6206201040,14005 Westchester Dr^^Colorado Springs^CO^80921^
Floretta,Garside,,,2,Baxter Garside,"14005 Westchester Dr
Colorado Springs, Colorado 80921",Property in good standing,6206201040,14005 Westchester Dr^^Colorado Springs^CO^80921^
Sara,Garvey,BAR-None Software Solutions,ssfoxley@gmail.com,1,,"115 Palm Springs Dr
Colorado Springs, Colorado 80921",Property in good standing,6131302009,115 Palm Springs^^Colorado Springs^CO^80921^
Fred,Gatz,,g7421@aol.com,1,,"15025 LaJolla Place
Colorado Springs, Colorado 80921",Property in good standing,,15025 LaJolla Place^^Colorado Springs^CO^80921^
Jodi,Gatz,,,2,Fred Gatz,"15025 LaJolla Place
Colorado Springs, Colorado 80921",Property in good standing,,15025 LaJolla Place^^Colorado Springs^CO^80921^
Brian Q.,Gauck,,driftwood_62@yahoo.com,1,,"14730 Gleneagle Dr
Colorado Springs, Colorado 80921",Property in good standing,6131404016,14730 Gleneagle Dr^^Colorado Springs^CO^80921^
Charles,Gerber,,charliegerber91@gmail.com,1,,"970 Wuthering Heights Dr
Colorado Springs, Colorado 80921",Property in good standing,6131103080,970 Wuthering Heights Drive^^Colorado Springs^CO^80921^
Andre,Gerner,,ajgerner@yahoo.com,1,,,,,15370 Copperfield Dr^^Colorado Springs^CO^80921^
Brett,Gibson,,brett@madgrit.com,1,,"125 Mission Hill Way
Colorado Springs, Colorado 80921",Property in good standing,6206201079,125 Mission Hill Dr.^^Colorado Springs^CO^80921^
David,Gibson,,davpayrin@outlook.com,1,,"395 Palm Springs Dr
Colorado Springs, Colorado 80921",Property in good standing,6131404001,395 Palm Springs Dr^^Colorado Springs^CO^80921^
Erin,Gibson,,,2,David Gibson,"395 Palm Springs Dr
Colorado Springs, Colorado 80921",Property in good standing,6131404001,395 Palm Springs Dr^^Colorado Springs^CO^80921^
Kim,Gidley,,kim.gidley@afacademy.af.edu,1,,"14485 Westchester Dr
Colorado Springs, Colorado 80921",Property in good standing,6206201018,14485 Westchester Drive^^colorado springs^CO^80921^
Helen,Gilster,,helengilster52@mac.com,1,,,,,210 Mission Hill Way^^Colorado Springs^CO^80921^
LaVern,Glosson,,l.glosson2@gmail.com,1,,"250 Wuthering Heights Dr
Colorado Springs, Colorado 80921",Property in good standing,6131206080,250 Wuthering Heights Dr^^Colorado Springs^CO^80921^
Stacy,Goff,,stacy.goff@gmail.com,1,,"14557 Westchester Dr
Colorado Springs, Colorado 80921",Property in good standing,6131303024,14557 Westchester Dr^^Colorado Springs^CO^80921^
Rose,Johnston,,rose.4053@gmail.com,2,Stacy Goff,"14557 Westchester Dr
Colorado Springs, Colorado 80921",Property in good standing,6131303024,14557 Westchester Dr^^Colorado Springs^CO^80921^
John,Gonge,,jl.kerchner@gmail.com,1,,"14190 Candlewood Court
Colorado Springs, Colorado 80921",Property in good standing,6206104028,5200 Daventry Court^^Burke^VA^22015^
Scott,Goodale,,sagoodale@comcast.net,1,,"20 Desert Inn Way
Colorado Springs, Colorado 80921",Property in good standing,6131307026,20 Desert Inn Way^^Colorado Springs^CO^80921^
Harold,Gordon,,haroldgordon7@gmail.com,1,,"15056 LaJolla Place
Colorado Springs, Colorado 80921",Property in good standing,,15056 LaJolla Place^^Colorado Springs^CO^80921^
Martha,Gordon,,,2,Harold Gordon,"15056 LaJolla Place
Colorado Springs, Colorado 80921",Property in good standing,,15056 LaJolla Place^^Colorado Springs^CO^80921^
Sumio,Go,,sumiogo1@gmail.com,1,,"375 Palm Springs Dr
Colorado Springs, Colorado 80921",Property in good standing,6131404002,375 Palm Springs Dr^^Colorado Springs^CO^80921^
Maxine,Go,,,2,Sumio Go,"375 Palm Springs Dr
Colorado Springs, Colorado 80921",Property in good standing,6131404002,375 Palm Springs Dr^^Colorado Springs^CO^80921^
Tom,Graham,,beverlyg444@aol.com,1,,"14108 Candlewood Court
Colorado Springs, Colorado 80921",Property in good standing,6206104043,14108 Candlewood Court^^Colorado Springs^CO^80921^
Julius,Grant,,cogrant@q.com,1,,"320 Palm Springs Dr
Colorado Springs, Colorado 80921",Property in good standing,6131403004,320 Palm Springs Dr^^Colorado Springs^CO^80921^
Alberta,Grant,,,2,Julius Grant,"320 Palm Springs Dr
Colorado Springs, Colorado 80921",Property in good standing,6131403004,320 Palm Springs Dr^^Colorado Springs^CO^80921^
Bob,Gravelle,,bobgravelle@comcast.net,1,,"265 Rangely Dr
Colorado Springs, Colorado 80921",Property in good standing,6131403011,265 Rangely Dr^^Colorado Springs^CO^80921^
Linda,Gravelle,,,2,Bob Gravelle,"265 Rangely Dr
Colorado Springs, Colorado 80921",Property in good standing,6131403011,265 Rangely Dr^^Colorado Springs^CO^80921^
Michael,Gray,,michael@michaelallengray.com,1,,"105 Pauma Valley Dr
Colorado Springs, Colorado 80921",Property in good standing,6131303059,105 Pauma Valley Drive^^Colorado Springs^CO^80908^
Nancy,Gray,,ngravygirl@msn.com,2,Michael Gray,"105 Pauma Valley Dr
Colorado Springs, Colorado 80921",Property in good standing,6131303059,
Jacob Werner,Green,,jakeshelly03@msn.com,1,,"15003 LaJolla Place
Colorado Springs, Colorado 80921",Property in good standing,,15003 LaJolla Place^^Colorado Springs^CO^80921^
Shelly Dawn O Toole,Green,,,2,Jacob Werner Green,"15003 LaJolla Place
Colorado Springs, Colorado 80921",Property in good standing,,15003 LaJolla Place^^Colorado Springs^CO^80921^
Randall,Green,,ra_cjgreen@msn.com,1,,"180 Mission Hill Way
Colorado Springs, Colorado 80921",Property in good standing,6206201084,180 Mission Hill Way^^Colorado Springs^CO^80921^
Carol,Green,,,2,Randall Green,"180 Mission Hill Way
Colorado Springs, Colorado 80921",Property in good standing,6206201084,180 Mission Hill Way^^Colorado Springs^CO^80921^
Mark A,Greer,,thegreers@hotmail.com,1,,"245 Pauma Valley Dr
Colorado Springs, Colorado 80921",Property in good standing,146131303002,245 Pauma Valley Dr^^Colorado Springs^CO^80921^
Paphaphone,Greer,,,2,Mark A Greer,"245 Pauma Valley Dr
Colorado Springs, Colorado 80921",Property in good standing,146131303002,245 Pauma Valley Dr^^Colorado Springs^CO^80921^
Yvonne,Gricius,Major Gricius Family Trust,yvonne.gricius@broadcom.com,1,,"50 Desert Inn Way
Colorado Springs, Colorado 80921",Property in good standing,6131307008,4991 Night Shade Cir^^Colorado Springs^CO^80919^
Duane,Gritzmaker,,dwgritz@gmail.com,1,,"14525 Latrobe Dr
Colorado Springs, Colorado 80921",Property in good standing,6131402053,14525 Latrobe Dr^^Colorado Springs^CO^80921^
Barb,Gritzmaker,,bfgritz@gmail.com,2,Duane Gritzmaker,"14525 Latrobe Dr
Colorado Springs, Colorado 80921",Property in good standing,6131402053,14525 Latrobe Dr^^Colorado Springs^CO^80921^
Patrick,Gruber,,,1,,"14095 Gleneagle Dr
Colorado Springs, Colorado 80921",Property in good standing,6206205001,14095 Gleneagle Dr^^Colorado Springs^CO^80921^
Angela,Gruber,,gruber871@gmail.com,2,Patrick Gruber,"14095 Gleneagle Dr
Colorado Springs, Colorado 80921",Property in good standing,6206205001,
Patrick,Gruber,,gruber578@gmail.com,1,,"14095 Gleneagle Dr
Colorado Springs, Colorado 80921",Property in good standing,6206205001,14095 Gleneagle Drive^^Colorado Springs^CO^80921^
Rebecca,Gruber,,becci_gruber@yahoo.com,1,,"14210 Gleneagle Dr
Colorado Springs, Colorado 80921",Property in good standing,6206103010,14210 Gleneagle Dr^^Colorado Springs^CO^80921^
John,Gue,,jkgue47@gmail.com,1,,"80 Rangely Dr
Colorado Springs, Colorado 80921",Property in good standing,6131309020,80 Rangely Dr^^Colorado Springs^CO^80921^
Douglas,Guilzon,,,1,,"422 Torrey Pines Way
Colorado Springs, Colorado 80921",Property in good standing,6131402008,422 Torrey Pines Way^^Colorado Springs^CO^80921^
Barbara,Guilzon,,,2,Douglas Guilzon,"422 Torrey Pines Way
Colorado Springs, Colorado 80921",Property in good standing,6131402008,422 Torrey Pines Way^^Colorado Springs^CO^80921^
Nicole,Gunderson,,,1,,,,,295 Desert Inn Way^^Colorado Springs^CO^80921^
Andrew,Meyer,,,2,Nicole Gunderson,,,,295 Desert Inn Way^^Colorado Springs^CO^80921^
Edward,Guthrie,,sheilawhalen6@gmail.com,1,,"345 Wuthering Heights Dr
Colorado Springs, Colorado 80921",Property in good standing,6131104009,345 Wuthering Heights Dr^^Colorado Springs^CO^80921^
Sheila,Guthrie,,,2,Edward Guthrie,"345 Wuthering Heights Dr
Colorado Springs, Colorado 80921",Property in good standing,6131104009,345 Wuthering Heights Dr^^Colorado Springs^CO^80921^
Glenn,Gutnayer,,glenn@glenngutnayercustomhomes.com,1,,"14344 Spyglass Hill Pl
Colorado Springs, Colorado 80921",Property in good standing,6206201112,14344 Spyglass Hill Place^^Colorado Springs^CO^80921^
Kathleen,Gutnayer,,,2,Glenn Gutnayer,"14344 Spyglass Hill Pl
Colorado Springs, Colorado 80921",Property in good standing,6206201112,14344 Spyglass Hill Place^^Colorado Springs^CO^80921^
Kathleen,Gutnayer,,ktgut@hotmail.com,1,,"14344 Spyglass Hill Pl
Colorado Springs, Colorado 80921",Property in good standing,6206201112,14344 Spyglass Hill Pl^^Colorado Springs^CO^80921^
Douglas L.,Hahn,,pontiacdoug@msn.com,1,,"475 Palm Springs Way
Colorado Springs, Colorado 80921",Property Dues Delinquent,6131402026,475 Palm Springs Way^^Colorado Springs^CO^80921^
Rev. Gary,Haines,,revghaines@aol.com,1,,"14430 River Oaks Dr
Colorado Springs, Colorado 80921",Property in good standing,6206201013,14430 River Oaks Dr^^Colorado Springs^CO^80921^
Marti,Haines,,zinni2@aol.com,2,Rev. Gary Haines,"14430 River Oaks Dr
Colorado Springs, Colorado 80921",Property in good standing,6206201013,14430 River Oaks Dr^^Colorado Springs^CO^80921^
Larry,Hairhoger,,lhairhoger@msn.com,1,,"270 Palm Springs Dr
Colorado Springs, Colorado 80921",Property in good standing,6131301037,270 Palm Springs Dr^^Colorado Springs^CO^80921^
Monica,Lammert,,,2,Larry Hairhoger,"270 Palm Springs Dr
Colorado Springs, Colorado 80921",Property in good standing,6131301037,270 Palm Springs Dr^^Colorado Springs^CO^80921^
Kelly,Halligan,,kellyhalligan1971@gmail.com,1,,"14560 Latrobe Dr
Colorado Springs, Colorado 80921",Property in good standing,6131406018,2045 Juniper Way^^Erie^CO^80516^
Kevin,Hall,,kevinsarahh@yahoo.com,1,,"180 Wuthering Heights Dr
Colorado Springs, Colorado 80921",Property in good standing,6131206074,180 Wuthering Heights Dr^^Colorado Springs^CO^80921^
Kevin,Hamblin,,,1,,"775 Wuthering Heights Dr
Colorado Springs, Colorado 80921",Property in good standing,6131101074,590 Highway 105 #225^^Monument^CO^80132^
Kevin,Hamblin,,kevin@4av1.com,1,,"775 Wuthering Heights Dr
Colorado Springs, Colorado 80921",Property in good standing,6131101074,590 HWY 105 STE 225^C/O Beacon^Monument^CO^80132^
Kurtis,Hammack,,kurt_85@yahoo.com,1,,"40 Pauma Valley Dr
Colorado Springs, Colorado 80921",Property Dues Delinquent,6131302042,40 Pauma Valley Dr^^Colorado Springs^CO^80921^
Cynthia,Hammack,,,2,Kurtis Hammack,"40 Pauma Valley Dr
Colorado Springs, Colorado 80921",Property Dues Delinquent,6131302042,40 Pauma Valley Dr^^Colorado Springs^CO^80921^
Joseph,Hammond,,jhammond80921@comcast.net,1,,"240 Mission Hill Way
Colorado Springs, Colorado 80921",Property in good standing,6206201088,240 Mission Hill Way^^Colorado Springs^CO^80921^
Darin,Harden,,djharden21@gmail.com,1,,"14080 Westchester Dr
Colorado Springs, Colorado 80921",Property in good standing,6206204014,14080 Westchester^^ColoradoSprings^CO^80921^
Christopher,Harper,,mlharper_6237@hotmail.com,1,,"14553 Westchester Dr
Colorado Springs, Colorado 80921",Property in good standing,6131303023,14553 Westchester Dr^^Colorado Springs^CO^80921^
Scott & Gay,Harrison,,gharrison84.gh@gmail.com,1,,"465 Cherry Hills Way
Colorado Springs, Colorado 80921",Property in good standing,6131406002,465 Cherry Hills Way^^Colorado Springs^CO^80921^
Mark,Harry,,mharry@mac.com,1,,"14790 Gleneagle Dr
Colorado Springs, Colorado 80921",Property in good standing,6131404019,14790 Gleneagle Dr^^Colorado Springs^CO^80921^
Rebecca,Caux,,rcaux@mac.com,2,Mark Harry,"14790 Gleneagle Dr
Colorado Springs, Colorado 80921",Property in good standing,6131404019,14790 Gleneagle Dr^^Colorado Springs^CO^80921^
Shayn,Hawthorne,,hawfam5@comcast.net,1,,"14745 Cherry Hills Place
Colorado Springs, Colorado 80921",Property in good standing,6131404011,14745 Cherry Hills Place^^Colorado Springs^CO^80921^
Charles,Hayes,,cfhayes16@gmail.com,1,,"685 Wuthering Heights Dr
Colorado Springs, Colorado 80921",Property in good standing,6131101066,685 Wuthering Heights Dr^^Colorado Springs^CO^80921^
Marie,Hayes,,marieluisehayes@gmail.com,2,Charles Hayes,"685 Wuthering Heights Dr
Colorado Springs, Colorado 80921",Property in good standing,6131101066,685 Wuthering Heights Dr^^Colorado Springs^CO^80921^
Jason,Hayman,,jbhayman@gmail.com,1,,"14455 River Oaks Dr
Colorado Springs, Colorado 80921",Property in good standing,6206201105,14455 River Oaks Dr^^Colorado Springs^CO^80921^
Kari,Hayman,,,2,Jason Hayman,"14455 River Oaks Dr
Colorado Springs, Colorado 80921",Property in good standing,6206201105,14455 River Oaks Dr^^Colorado Springs^CO^80921^
Amber,Heavner,,amberheavner@yahoo.com,1,,"14725 Gleneagle Dr
Colorado Springs, Colorado 80921",Property in good standing,6131405005,14725 Gleneagle Drive^^Colorado Springs^CO^80921^
Zane,Heavner,,zane_heavner@yahoo.com,2,Amber Heavner,"14725 Gleneagle Dr
Colorado Springs, Colorado 80921",Property in good standing,6131405005,14725 Gleneagle Drive^^Colorado Springs^CO^80921^
Doug,Henderson,,dhenderson@erashields.com,1,,"280 Pauma Valley Dr
Colorado Springs, Colorado 80921",Property in good standing,6131302025,280 Pauma Valley Dr^^Colorado Springs^CO^80921^
Patsy,Henderson,,patsy6780@aol.com,2,Doug Henderson,"280 Pauma Valley Dr
Colorado Springs, Colorado 80921",Property in good standing,6131302025,280 Pauma Valley Dr^^Colorado Springs^CO^80921^
Kirk,Hennen,,,1,,"210 Rangely Dr
Colorado Springs, Colorado 80921",Property in good standing,6131309021,210 Rangely Dr^^Colorado Springs^CO^80921^
Kellie,Hennen,,,2,Kirk Hennen,"210 Rangely Dr
Colorado Springs, Colorado 80921",Property in good standing,6131309021,
george,hensen,,gthensen@yahoo.com,1,,"205 Pauma Valley Dr
Colorado Springs, Colorado 80921",Property in good standing,6131303004,205 Pauma Valley DR^^Colorado Springs^CO^80921^
Andrew,Herndon,,jeepster12@live.com,1,,"330 Cherry Hills Way
Colorado Springs, Colorado 80921",Property in good standing,6131404013,330 Cherry Hills Way^^Colorado Springs^CO^80921^
Ryan C,Herter,,rcherter@gmail.com,1,,"14715 Latrobe Dr
Colorado Springs, Colorado 80921",Property in good standing,6131402043,14715 Latrobe Dr^^Colorado Springs^CO^80921^
Jessika L,Herter,,jessika.reynolds01@gmail.com,2,Ryan C Herter,"14715 Latrobe Dr
Colorado Springs, Colorado 80921",Property in good standing,6131402043,14715 Latrobe Dr^^Colorado Springs^CO^80921^
Susan,Hess,,,1,,"14760 Cherry Hills Place
Colorado Springs, Colorado 80921",Property in good standing,6131404009,14760 Cherry Hills Place^^Colorado Springs^CO^80921^
Ryan,Hickey,,,1,,"15057 LaJolla Place
Colorado Springs, Colorado 80921",Property in good standing,,15057 LaJolla Place^^Colorado Springs^CO^80921^
Mercedes,Hickey,,mercedeshickey@gmail.com,2,Ryan Hickey,"15057 LaJolla Place
Colorado Springs, Colorado 80921",Property in good standing,,15057 LaJolla Place^^Colorado Springs^CO^80921^
Alex,Hilborn,,,1,,"180 Rangely Dr
Colorado Springs, Colorado 80921",Property in good standing,6131309020,180 Rangely Dr^^Colorado Springs^CO^80921^
Jennifer,Hilborn,,,2,Alex Hilborn,"180 Rangely Dr
Colorado Springs, Colorado 80921",Property in good standing,6131309020,180 Rangely Dr^^Colorado Springs^CO^80921^
Eric,Hildebrand,,ehildeb88@gmail.com,1,,"430 Rangely Dr
Colorado Springs, Colorado 80921",Property in good standing,6131401005,430 Rangely Dr^^Colorado Springs^CO^80921^
Diana,Hildebrand,,,2,Eric Hildebrand,"430 Rangely Dr
Colorado Springs, Colorado 80921",Property in good standing,6131401005,430 Rangely Dr^^Colorado Springs^CO^80921^
John,Hill,,,1,,"315 Pauma Valley Dr
Colorado Springs, Colorado 80921",Property Dues Delinquent,6131306003,315 Pauma Valley Dr^^Colorado Springs^CO^80921^
Sarah,Hinds,,shinds98@yahoo.com,1,,"320 Palm Springs Dr
Colorado Springs, Colorado 80921",Property in good standing,6131403004,320^Palm Springs^Colorado Springs^CO^80921^
Steven,Hinze,,hinze444@msn.com,1,,"365 Wuthering Heights Dr
Colorado Springs, Colorado 80921",Property in good standing,6131104008,365 Wuthering Heights Dr^^Colorado Springs^CO^80921^
Steven and Michele,Hinze,,hinze444@aol.com,2,Steven Hinze,"365 Wuthering Heights Dr
Colorado Springs, Colorado 80921",Property in good standing,6131104008,365 Wuthering Heights Dr^^Colorado Springs^CO^80921^
Ashley E,Hobel,ashley.molchany@gmail.com,carlhobel@hotmail.com,1,,"205 Scottsdale Dr
Colorado Springs, Colorado 80921",Property in good standing,6206204001,205 Scottsdale Dr^^Colorado Springs^CO^80921^
Carl,Hobel,,,2,Ashley E Hobel,"205 Scottsdale Dr
Colorado Springs, Colorado 80921",Property in good standing,6206204001,205 Scottsdale Dr^^Colorado Springs^CO^80921^
Steven,Hochstetter,,hochfamily5@comcast.net,1,,"14330 Spyglass Hill Pl
Colorado Springs, Colorado 80921",Property in good standing,6206201113,14330 Spyglass Hill Pl^^Colorado Springs^CO^80921^
Sherri,Hochstetter,,,2,Steven Hochstetter,"14330 Spyglass Hill Pl
Colorado Springs, Colorado 80921",Property in good standing,6206201113,14330 Spyglass Hill Pl^^Colorado Springs^CO^80921^
John,Hoden,,jhoden01@comcast.net,1,,"750 Wuthering Heights Dr
Colorado Springs, Colorado 80921",Property in good standing,6131103055,750 Wuthering Heights Dr^^Colorado Springs^CO^80921^
Brenda,Hoden,,,2,John Hoden,"750 Wuthering Heights Dr
Colorado Springs, Colorado 80921",Property in good standing,6131103055,750 Wuthering Heights Dr^^Colorado Springs^CO^80921^
Jim,Hodges,,tessmess1@comcast.net,1,,"14545 Latrobe Dr
Colorado Springs, Colorado 80921",Property in good standing,6131402052,14545 Latrobe Dr^^Colorado Springs^CO^80921^
Amy,Hodges,,,2,Jim Hodges,"14545 Latrobe Dr
Colorado Springs, Colorado 80921",Property in good standing,6131402052,14545 Latrobe Dr^^Colorado Springs^CO^80921^
Mickel S,Hodgson,,timetogolf@yahoo.com,1,,"14915 Gleneagle Dr
Colorado Springs, Colorado 80921",Property in good standing,6131402011,14915 Gleneagle Dr^^Colorado Springs^CO^80921^
Sandra L,Hodgson,,,2,Mickel S Hodgson,"14915 Gleneagle Dr
Colorado Springs, Colorado 80921",Property in good standing,6131402011,14915 Gleneagle Dr^^Colorado Springs^CO^80921^
Jennifer,Holmes,,jenniferholmes2113@gmail.com,1,,"14280 Gleneagle Dr
Colorado Springs, Colorado 80921",Property in good standing,6206103002,14280 Gleneagle Dr^^Colorado Springs^CO^80921^
David,Holmes,,,2,Jennifer Holmes,"14280 Gleneagle Dr
Colorado Springs, Colorado 80921",Property in good standing,6206103002,14280 Gleneagle Dr^^Colorado Springs^CO^80921^
Paul,Homan,,paulhoman@hotmail.com,1,,"415 Palm Springs Way
Colorado Springs, Colorado 80921",Property in good standing,6131402029,415 Palm Springs Way^^Colorado Springs^CO^80921^
Chrystie,Hopkins,,chrystie.hopkins@gmail.com,1,,"14570 Westchester Dr
Colorado Springs, Colorado 80921",Property in good standing,6131304003,14570 Westchester Dr.^^Colorado Springs^CO^80921^
Scott,VanWyhe,,scott.vanwyhe@gmail.com,2,Chrystie Hopkins,"14570 Westchester Dr
Colorado Springs, Colorado 80921",Property in good standing,6131304003,14570 Westchester Dr^^Colorado Springs^CO^80921^
William,Hopkins,,hopkins.seven@gmail.com,1,,"290 Palm Springs Dr
Colorado Springs, Colorado 80921",Property in good standing,6131301001,290 Palm Springs Dr^^Colorado Springs^CO^80921^
Mary,Hopkins,,,2,William Hopkins,"290 Palm Springs Dr
Colorado Springs, Colorado 80921",Property in good standing,6131301001,290 Palm Springs Dr^^Colorado Springs^CO^80921^
Brian,Horvath,,melissah520@yahoo.com,1,,"830 Wuthering Heights Dr
Colorado Springs, Colorado 80921",Property in good standing,6131103059,830 Wuthering Heights Dr^^Colorado Springs^CO^80921^
Melissa,Horvath,,,2,Brian Horvath,"830 Wuthering Heights Dr
Colorado Springs, Colorado 80921",Property in good standing,6131103059,830 Wuthering Heights Dr^^Colorado Springs^CO^80921^
Michael,Hubbard,,mdhubbard@msn.com,1,,"355 Palm Springs Dr
Colorado Springs, Colorado 80921",Property in good standing,6131404003,355 Palm Springs Dr^^Colorado Springs^CO^80921^
Heather,Hubbard,,,2,Michael Hubbard,"355 Palm Springs Dr
Colorado Springs, Colorado 80921",Property in good standing,6131404003,355 Palm Springs Dr^^Colorado Springs^CO^80921^
Allen,Huckins,,alanshuckins@gmail.com,1,,"480 Palm Springs Way
Colorado Springs, Colorado 80921",Property in good standing,6131402023,480 Palm Springs Way^^Colorado Springs^CO^80921^
Ashleigh,Huckins,,,2,Allen Huckins,"480 Palm Springs Way
Colorado Springs, Colorado 80921",Property in good standing,6131402023,480 Palm Springs Way^^Colorado Springs^CO^80921^
Anastasia Maria,Hueffner,,hueffnert@msn.com,1,,"14245 Westchester Dr
Colorado Springs, Colorado 80921",Property Dues Delinquent,6206201101,14245 Westchester Dr^^Colorado Springs^CO^80921^
Jennifer,Hulan,,jgoran7@hotmail.com,1,,"14560 River Oaks Dr
Colorado Springs, Colorado 80921",Property in good standing,6131303033,14560 River Oaks Dr^^Colorado Springs^CO^80921^
Chad,Hulan,,,2,Jennifer Hulan,"14560 River Oaks Dr
Colorado Springs, Colorado 80921",Property in good standing,6131303033,14560 River Oaks Drive^^Colorado Springs^CO^80921^
Bill,Hume,,elkhunter6@juno.com,1,,"14080 Gleneagle Dr
Colorado Springs, Colorado 80921",Property in good standing,6206201044,14080 Gleneagle Dr^^Colorado Springs^CO^80921^
Tiew,Hume,,,2,Bill Hume,"14080 Gleneagle Dr
Colorado Springs, Colorado 80921",Property in good standing,6206201044,14080 Gleneagle Dr^^Colorado Springs^CO^80921^
Brandon,Hunt,,tucsonites@hotmail.com,1,,"14530 Bermuda Dunes Way
Colorado Springs, Colorado 80921",Property in good standing,6131308046,14530 Bermuda Dunes Way^^Colorado Springs^CO^80921^
Mick,Hunter,,hunterm@pcisys.net,1,,"670 Rembrandt Court
Colorado Springs, Colorado 80921",Property in good standing,6131103093,670 Rembrandt Court^^Colorado Springs^CO^80921^
Debi,Hunter,,,2,Mick Hunter,"670 Rembrandt Court
Colorado Springs, Colorado 80921",Property in good standing,6131103093,670 Rembrandt Court^^Colorado Springs^CO^80921^
Thomas,Hunter,,,1,,"428 Torrey Pines Way
Colorado Springs, Colorado 80921",Property in good standing,6131402007,428 Torrey Pines Way^^Colorado Springs^CO^80921^
Richard,Hunt,,,1,,"95 Pauma Valley Dr
Colorado Springs, Colorado 80921",Property in good standing,6131303062,14559 Westchester Drive^^Colorado Springs^CO^80921^
Richard,Hunt,,rhunt@sardismedia.com,1,,"14559 Westchester Dr
Colorado Springs, Colorado 80921",Property in good standing,6131303025,14559 Westchester^^Colorado Springs^CO^80921^
Christopher C,Huxtable,,kchuxtable@msn.com,1,,"15230 Renoir Place
Colorado Springs, Colorado 80921",Property in good standing,6131101103,15230 Renoir Place^^Colorado Springs^CO^80921^
Kathy,Huxtable,,,2,Christopher C Huxtable,"15230 Renoir Place
Colorado Springs, Colorado 80921",Property in good standing,6131101103,15230 Renoir Place^^Colorado Springs^CO^80921^
Christopher,Imhof,Connie (spouse),cgibus@yahoo.com,1,,"14520 Westchester Dr
Colorado Springs, Colorado 80921",Property in good standing,6131304017,14520 Westchester Dr^^Colorado Springs^CO^80921^
Bart,Ingallina,,mtnbizpro@gmail.com,1,,"14165 Gleneagle Dr
Colorado Springs, Colorado 80921",Property in good standing,6206206008,14165 Gleneagle Drive^^Colorado Springs^CO^80921^
Edward,Jackson,,msjackson408@hotmail.com,1,,"14425 Westchester Dr
Colorado Springs, Colorado 80921",Property in good standing,6206201021,14425 Westchester Dr^^Colorado Springs^CO^80921^
Krystle,Jackson,,,2,Edward Jackson,"14425 Westchester Dr
Colorado Springs, Colorado 80921",Property in good standing,6206201021,14425 Westchester Dr^^Colorado Springs^CO^80921^
Janna,Jacobs,,jannajacobs@gmail.com,1,,"14359 Spyglass Hill Pl
Colorado Springs, Colorado 80921",Property in good standing,6206103048,14359 Spyglass Hill Place^^Colorado Springs^CO^80921^
Juan G.,Jaramillo,,jaraunder@msn.com,1,,"325 Cherry Hills Way
Colorado Springs, Colorado 80921",Property in good standing,6131407002,325 Cherry Hills Way^^Colorado Springs^CO^80921^
Paula K.,Underwood,,,2,Juan G. Jaramillo,"325 Cherry Hills Way
Colorado Springs, Colorado 80921",Property in good standing,6131407002,325 Cherry Hills Way^^Colorado Springs^CO^80921^
Alvin Edward,Jarrell,,,1,,"110 Palm Springs Dr
Colorado Springs, Colorado 80921",Property in good standing,6131301013,110 Palm Springs Dr^^Colorado Springs^CO^80921^
Jaime,Jarrell,,,2,Alvin Edward Jarrell,"110 Palm Springs Dr
Colorado Springs, Colorado 80921",Property in good standing,6131301013,110 Palm Springs Dr^^Colorado Springs^CO^80921^
Matthew,Jeffcoat,,,1,,"75 Desert Inn Way
Colorado Springs, Colorado 80921",Property in good standing,6131403006,75 Desert Inn Way^^Colorado Springs^CO^80921^
Tasha,Jeffcoat,,tashadjeffcoat@gmail.com,1,,"75 Desert Inn Way
Colorado Springs, Colorado 80921",Property in good standing,6131403006,75 Desert Inn Way^^Colorado Springs^CO^80921^
Bernard,Jene,,accounts@xplsv.net,1,,"14435 Gleneagle Dr
Colorado Springs, Colorado 80921",Property in good standing,6206101004,14435 Gleneagle Dr^^Colorado Springs^CO^80921^
Syenny,Jene,,rjene007@gmail.com,2,Bernard Jene,"14435 Gleneagle Dr
Colorado Springs, Colorado 80921",Property in good standing,6206101004,14435 Gleneagle Dr^^Colorado Springs^CO^80921^
Justin,Jenkins,,jessicajenkins1014@gmail.com,1,,"14620 River Oaks Dr
Colorado Springs, Colorado 80921",Property Dues Delinquent,6131303037,14620 River Oaks Dr^^Colorado Springs^CO^80921^
Vincent,Jenkins,,wjenkins@qualcorr.com,1,,"120 Pauma Valley Dr
Colorado Springs, Colorado 80921",Property Dues Delinquent,6131302017,185 Polaris Point Loop^Apt 1-138^Colorado Springs^CO^80921^
Mary,Jenkins,,maryeajenkins@outlook.com,2,Vincent Jenkins,"120 Pauma Valley Dr
Colorado Springs, Colorado 80921",Property Dues Delinquent,6131302017,120 Pauma Valley Drive^^Colo Springs^CO^80921^
Vincent,Jenkins,,winkyj98@yahoo.com,1,,"120 Pauma Valley Dr
Colorado Springs, Colorado 80921",Property Dues Delinquent,6131302017,120 PAUMA VALLEY DR^^COLORADO SPRINGS^CO^80921^
Randy,Johnson,,memzjohnson@yahoo.com,1,,"14095 Westchester Dr
Colorado Springs, Colorado 80921",Property in good standing,6206201035,14095 Westchester Dr^^Colorado Springs^CO^80921^
Steve,Johnson,,cindystvjohnson@comcast.net,1,,"15150 Thornbird Ct
Colorado Springs, Colorado 80921",Property in good standing,6131206083,15150 Thornbird Ct^^Colorado Springs^CO^80921^
Cindy,Johnson,,,2,Steve Johnson,"15150 Thornbird Ct
Colorado Springs, Colorado 80921",Property in good standing,6131206083,15150 Thornbird Ct^^Colorado Springs^CO^80921^
Barton,Jones,,jmarykathr@aol.com,1,,"290 Rangely Dr
Colorado Springs, Colorado 80921",Property in good standing,6131307001,290 Rangely Dr^^Colorado Springs^CO^80921^
Mary K.,Jones,,,2,Barton Jones,"290 Rangely Dr
Colorado Springs, Colorado 80921",Property in good standing,6131307001,290 Rangely Dr^^Colorado Springs^CO^80921^
Bill,Jordeth,,wjordeth@aol.com,1,,"14475 River Oaks Dr
Colorado Springs, Colorado 80921",Property in good standing,6206201005,14475 River Oaks Dr^^Colorado Springs^CO^80921^
Kim,Jordeth,,,2,Bill Jordeth,"14475 River Oaks Dr
Colorado Springs, Colorado 80921",Property in good standing,6206201005,14475 River Oaks Dr^^Colorado Springs^CO^80921^
Alan Robert,Joughin,,alanjoughin@yahoo.com,1,,"670 Wuthering Heights Dr
Colorado Springs, Colorado 80921",Property in good standing,6131103105,670 Wuthering Heights Dr^^Colorado Springs^CO^80921^
Luciane Fernandez,Ramos,,,2,Alan Robert Joughin,"670 Wuthering Heights Dr
Colorado Springs, Colorado 80921",Property in good standing,6131103105,670 Wuthering Heights Dr^^Colorado Springs^CO^80921^
Kenneth,Judd,,kenneth.judd@yahoo.com,1,,"14594 Westchester Dr
Colorado Springs, Colorado 80921",Property in good standing,6131304005,14594 Westchester Dr^^Colorado Springs^CO^80921^
Eleanor,Judd,,,2,Kenneth Judd,"14594 Westchester Dr
Colorado Springs, Colorado 80921",Property in good standing,6131304005,14594 Westchester Dr^^Colorado Springs^CO^80921^
Kevin,Kalbfleisch,,k_public@comcast.net,1,,"125 Pauma Valley Dr
Colorado Springs, Colorado 80921",Property in good standing,6131303060,125 Pauma Valley Dr^^Colorado Springs^CO^80921^
Anupama,Kalbfleisch,,kalbfleisch.co@comcast.net,2,Kevin Kalbfleisch,"125 Pauma Valley Dr
Colorado Springs, Colorado 80921",Property in good standing,6131303060,125 Pauma Valley Dr^^Colorado Springs^CO^80921^
Gregory,Kamer,,greg.kamer@outlook.com,1,,"735 Wuthering Heights Dr
Colorado Springs, Colorado 80921",Property in good standing,6131101070,735 Wuthering Heights Dr^^Colorado Springs^CO^80921^
Kimberly,Kamer,,,2,Gregory Kamer,"735 Wuthering Heights Dr
Colorado Springs, Colorado 80921",Property in good standing,6131101070,735 Wuthering Heights Dr^^Colorado Springs^CO^80921^
Chris,Kane,,h.l.kane@hotmail.com,1,,"14125 Candlewood Court
Colorado Springs, Colorado 80921",Property in good standing,6206104006,14125 Candlewood Court^^Colorado Springs^CO^80921^
John & Patricia,Kane,,maratt82@hotmail.com,1,,"505 Wuthering Heights Dr
Colorado Springs, Colorado 80921",Property in good standing,6131104002,2408 Huntington Park Dr^^ALEXANDRIA^VA^22303^
Mike,Karin,,mike@mjkarin.net,1,,"14755 Cherry Hills Place
Colorado Springs, Colorado 80921",Property in good standing,6131404010,14755 Cherry Hills Place^^Colorado Springs^CO^80921^
Daniel,Katzer,,ksk@k-c-c-i.com,1,,"14755 Latrobe Court
Colorado Springs, Colorado 80921",Property in good standing,6131402041,14755 Latrobe Court^^Colorado Springs^CO^80921^
Kathleen,Katzer,,,2,Daniel Katzer,"14755 Latrobe Court
Colorado Springs, Colorado 80921",Property in good standing,6131402041,14755 Latrobe Court^^Colorado Springs^CO^80921^
William,Kelly,,wmperlakelly5859@msn.com,1,,"535 Wuthering Heights Dr
Colorado Springs, Colorado 80921",Property in good standing,6131104001,4967 Craftsman Dr^^Parker^CO^80134^
Amanda,Kennell,,mandyk.tx@gmail.com,1,,"14539 River Oaks Dr
Colorado Springs, Colorado 80921",Property in good standing,6131306013,14539 River Oaks Dr^^Colorado Springs^CO^80921^
Floyd,Kerr,,floydkalum@gmail.com,1,,"14035 Westchester Dr
Colorado Springs, Colorado 80921",Property Dues Delinquent,6206201038,PO BOX 5247^^LOMPOC^CA^93437-0247^
Amy,Kerr,,,2,Floyd Kerr,"14035 Westchester Dr
Colorado Springs, Colorado 80921",Property Dues Delinquent,6206201038,14035 Westchester Dr^^Colorado Springs^CO^80921^
Joe,Kesting,,kestco@comcast.net,1,,"330 Doral Way
Colorado Springs, Colorado 80921",Property in good standing,6206104020,330 Doral Way^^Colorado Springs^CO^80921^
Lisa,Kesting,,,2,Joe Kesting,"330 Doral Way
Colorado Springs, Colorado 80921",Property in good standing,6206104020,330 Doral Way^^Colorado Springs^CO^80921^
Wayne,Kiel,,,1,,"452 Torrey Pines Way
Colorado Springs, Colorado 80921",Property Dues Delinquent,6131402001,452 Torrey Pines Way^^Colorado Springs^CO^80921^
K.A.,Morey,,emeron74@aol.com,2,Wayne Kiel,"452 Torrey Pines Way
Colorado Springs, Colorado 80921",Property Dues Delinquent,6131402001,452 Torrey Pines Way^^Colorado Springs^CO^80921^
Young,Kim,,drumtech808@gmail.com,1,,"725 Wuthering Heights Dr
Colorado Springs, Colorado 80921",Property in good standing,6131101069,725 Wuthering Heights Dr^^Colorado Springs^CO^80921^
Jessica,Kim,,jessilove009@gmail.com,2,Young Kim,"725 Wuthering Heights Dr
Colorado Springs, Colorado 80921",Property in good standing,6131101069,725 Wuthering Heights Dr^^Colorado Springs^CO^80921^
Brian,King,,bking34684@yahoo.com,1,,,,,690 Wuthering Heights Dr^^Colorado Springs^CO^80921^
ben,kingsley,,benkingsley@hotmail.co.uk,1,,"14915 Gleneagle Dr
Colorado Springs, Colorado 80921",Property in good standing,6131402011,14915 Gleneagle Drive^^COLO SPGS^CO^80921^
Kate,Kinnison,,katebachmeier@gmail.com,1,,"14710 Latrobe Dr
Colorado Springs, Colorado 80921",Property in good standing,6131405001,14710 Latrobe Dr^^Colorado Springs^CO^80921^
Zach,Kinnison,,katebachmeier@g.mail.com,2,Kate Kinnison,"14710 Latrobe Dr
Colorado Springs, Colorado 80921",Property in good standing,6131405001,14710 Latrobe Dr^^Colorado Springs^CO^80921^
Robert,Kirkpatrick,,bobkirkpat@comcast.net,1,,"14460 River Oaks Dr
Colorado Springs, Colorado 80921",Property in good standing,6206201016,14460 River Oaks Dr^^Colorado Springs^CO^80921^
Carol,Kirkpatrick,,,2,Robert Kirkpatrick,"14460 River Oaks Dr
Colorado Springs, Colorado 80921",Property in good standing,6206201016,14460 River Oaks Dr^^Colorado Springs^CO^80921^
Michael S,Klabon,,mklabon@hotmail.com,1,,"340 Wuthering Heights Dr
Colorado Springs, Colorado 80921",Property in good standing,6131106023,340 Wuthering Heights Dr^^Colorado Springs^CO^80921^
April A,Klabon,,,2,Michael S Klabon,"340 Wuthering Heights Dr
Colorado Springs, Colorado 80921",Property in good standing,6131106023,340 Wuthering Heights Dr^^Colorado Springs^CO^80921^
Ashley,Klaus,,ashleyglenn46@gmail.com,1,,"40 Pauma Valley Dr
Colorado Springs, Colorado 80921",Property Dues Delinquent,6131302042,40 Pauma Valley Drive^^Colorado Springs^CO^80921^
Jonathan,Knight,,drkipknight@aol.com,1,,"195 Huntington Beach Dr
Colorado Springs, Colorado 80921",Property in good standing,6206201061,195 Huntington Beach Dr^^Colorado Springs^CO^80921^
Kimberly,Johnson,,,2,Jonathan Knight,"195 Huntington Beach Dr
Colorado Springs, Colorado 80921",Property in good standing,6206201061,195 Huntington Beach Dr^^Colorado Springs^CO^80921^
Bradley Dale,Koch,,,1,,"14525 Gleneagle Dr
Colorado Springs, Colorado 80921",Property Dues Delinquent,6131406009,14525 Gleneagle Dr^^Colorado Springs^CO^80921^
Gregory,Koenig,,gakoenig@hotmail.com,1,,"15002 LaJolla Place
Colorado Springs, Colorado 80921",Property in good standing,,15002 LaJolla Place^^Colorado Springs^CO^80921^
Jan,Koenig,,,2,Gregory Koenig,"15002 LaJolla Place
Colorado Springs, Colorado 80921",Property in good standing,,15002 LaJolla Place^^Colorado Springs^CO^80921^
Christopher,Koeninger,,arrangingcreations@cox.net,1,,"205 Palm Springs Dr
Colorado Springs, Colorado 80921",Property in good standing,6131302005,205 Palm Springs Dr^^Colorado Springs^CO^80921^
Mandy,Koeninger,,cmkoeninger@basspro.com,2,Christopher Koeninger,"205 Palm Springs Dr
Colorado Springs, Colorado 80921",Property in good standing,6131302005,205 Palm Springs Dr^^Colorado Springs^CO^80921^
Jim,Kogler,,kogsjb@gmail.com,1,,"435 Wuthering Heights Dr
Colorado Springs, Colorado 80921",Property in good standing,6131104005,435 Wuthering Heights Dr^^Colorado Springs^CO^80921^
Becky,Kogler,,,2,Jim Kogler,"435 Wuthering Heights Dr
Colorado Springs, Colorado 80921",Property in good standing,6131104005,435 Wuthering Heights Dr^^Colorado Springs^CO^80921^
Edwin,Kohl,,kohlent@comcast.net,1,,"14635 Latrobe Dr
Colorado Springs, Colorado 80921",Property in good standing,6131402047,14635 Latrobe Dr^^Colorado Springs^CO^80921^
Mark,Kohman,,mark_kohman@hotmail.com,1,,"140 Mission Hill Way
Colorado Springs, Colorado 80921",Property in good standing,6206201082,140 Mission Hill Way^^Colorado Springs^CO^80921^
Wendy,Kohman,,,2,Mark Kohman,"140 Mission Hill Way
Colorado Springs, Colorado 80921",Property in good standing,6206201082,140 Mission Hill Way^^Colorado Springs^CO^80921^
Richard,Koshak,,rlkoshak@gmail.com,1,,"835 Wuthering Heights Dr
Colorado Springs, Colorado 80921",Property in good standing,6131101105,835 Wuthering Heights Dr^^Colorado Springs^CO^80921^
Jennifer,Carpenter,,,2,Richard Koshak,"835 Wuthering Heights Dr
Colorado Springs, Colorado 80921",Property in good standing,6131101105,835 Wuthering Heights Dr^^Colorado Springs^CO^80921^
Rachelle,Kosik,,rachelle@dmscontrols.com,1,,"470 Palm Springs Way
Colorado Springs, Colorado 80921",Property in good standing,6131402003,470 Palm Springs Way^^Colorado Springs^CO^80921^
Stephen Joseph,Kouri,,stevekouri@me.com,1,,"14524 Latrobe Dr
Colorado Springs, Colorado 80921",Property in good standing,6131406012,14524 Latrobe Dr^^Colorado Springs^CO^80921^
Syble,Krafft,,krafft575@aol.com,1,,"15049 LaJolla Place
Colorado Springs, Colorado 80921",Property in good standing,,15049 LaJolla Place^^Colorado Springs^CO^80921^
Dan,Krawzyk,,hunterdan83@gmail.com,1,,"645 Rembrandt Court
Colorado Springs, Colorado 80921",Property Dues Delinquent,6131103099,645 Rembrandt Court^^Colorado Springs^CO^80921^
Stephanie D,Krawzyk,,,1,,"645 Rembrandt Court
Colorado Springs, Colorado 80921",Property Dues Delinquent,6131103099,645 Rembrandt Court^^Colorado Springs^CO^80921^
Daniel N,Krawzyk,,,2,Stephanie D Krawzyk,"645 Rembrandt Court
Colorado Springs, Colorado 80921",Property Dues Delinquent,6131103099,645 Rembrandt Court^^Colorado Springs^CO^80921^
Jeffrey,Krska,,ktluvs2run@hotmail.com,1,,"285 Rangely Dr
Colorado Springs, Colorado 80921",Property in good standing,6131403010,285 Rangely Dr^^Colorado Springs^CO^80921^
Kathryn,Krska,,krska28@gmail.com,2,Jeffrey Krska,"285 Rangely Dr
Colorado Springs, Colorado 80921",Property in good standing,6131403010,285 Rangely Dr^^Colorado Springs^CO^80921^
Jerry,Krueger,,jerry.krueger@comcast.net,1,,"620 Wuthering Heights Dr
Colorado Springs, Colorado 80921",Property in good standing,6131103102,620 Wuthering Heights Dr^^Colorado Springs^CO^80921^
Kimberly,Krueger,,kim.krueger@comcast.net,2,Jerry Krueger,"620 Wuthering Heights Dr
Colorado Springs, Colorado 80921",Property in good standing,6131103102,620 Wuthering Heights Dr^^Colorado Springs^CO^80921^
Dawn,Krupa,,dawn.m.krupa@gmail.com,1,,"14173 Stone Eagle Place
Colorado Springs, Colorado 80921",Property in good standing,6206201130,14172 Stone Eagle Place^^Colorado Springs^CO^80921^
Peter,Krupa,,,2,Dawn Krupa,"14173 Stone Eagle Place
Colorado Springs, Colorado 80921",Property in good standing,6206201130,14172 Stone Eagle Place^^Colorado Springs^CO^80921^
Dan,Krynovich,,ekrynov@comcast.net,1,,"15033 LaJolla Place
Colorado Springs, Colorado 80921",Property in good standing,,15033 LaJolla Place^^Colorado Springs^CO^80921^
Eva,Krynovich,,dkrynov@comcast.net,2,Dan Krynovich,"15033 LaJolla Place
Colorado Springs, Colorado 80921",Property in good standing,,15033 LaJolla Place^^Colorado Springs^CO^80921^
Robin,Krzykowski,,robink4424@gmail.com,1,,"690 Wuthering Heights Dr
Colorado Springs, Colorado 80921",Property in good standing,,690 Wuthering Heights^^Colorado Springs^CO^80921^
Rod,Kuharich,,rodkuharich@msn.com,1,,"250 Palm Springs Dr
Colorado Springs, Colorado 80921",Property in good standing,6131301004,250 Palm Springs Dr^^Colorado Springs^CO^80921^
Kellie,Kuhn,,kelliekuhn@gmail.com,1,,"265 Palm Springs Dr
Colorado Springs, Colorado 80921",Property in good standing,6131302002,265 Palm Springs Dr^^Colorado Springs^CO^80921^
Carol,Kujawa,,chkujawa@gmail.com,1,,"265 Cherry Hills Way
Colorado Springs, Colorado 80921",Property in good standing,6131302030,265 Cherry Hills Way^^Colorado Springs^CO^80921^
Mark,Kujawa,,mskujawa@comcast.net,2,Carol Kujawa,"265 Cherry Hills Way
Colorado Springs, Colorado 80921",Property in good standing,6131302030,265 Cherry Hills Way^^Colorado Springs^CO^80921^
Aaron,Lade,,musketf16@yahoo.com,1,,"14155 Westchester Dr
Colorado Springs, Colorado 80921",Property in good standing,6206201032,16151 OLD FORREST POINT APT 100^^Monument^CO^80132^
Barrett,Lamb,,barrettlamb@gmail.com,1,,"465 Picasso Court
Colorado Springs, Colorado 80921",Property in good standing,6131103074,465 Picasso Court^^Colorado Springs^CO^80921^
David,Langlois,,belanglois@comcast.net,1,,"305 Doral Way
Colorado Springs, Colorado 80921",Property in good standing,6206104016,305 Doral Way^^Colorado Springs^CO^80921^
Michael,Lang,,gearhead@bikerider.com,1,,"345 Cherry Hills Way
Colorado Springs, Colorado 80921",Property in good standing,6131407001,345 Cherry Hills Way^^Colorado Springs^CO^80921^
Mary,Lang,,,2,Michael Lang,"345 Cherry Hills Way
Colorado Springs, Colorado 80921",Property in good standing,6131407001,345 Cherry Hills Way^^Colorado Springs^CO^80921^
Kevin,LaPierre,,thelapierres4@gmail.com,1,,"14580 River Oaks Dr
Colorado Springs, Colorado 80921",Property in good standing,6131303035,14580 River Oaks Dr^^Colorado Springs^CO^80921^
Shannon,LaPierre,,,2,Kevin LaPierre,"14580 River Oaks Dr
Colorado Springs, Colorado 80921",Property in good standing,6131303035,14580 River Oaks Dr^^Colorado Springs^CO^80921^
Michael,Larock,,,1,,"14675 Latrobe Dr
Colorado Springs, Colorado 80921",Property in good standing,6131402045,14675 Latrobe Dr^^Colorado Springs^CO^80921^
Deirdre,Larock,,,2,Michael Larock,"14675 Latrobe Dr
Colorado Springs, Colorado 80921",Property in good standing,6131402045,14675 Latrobe Dr^^Colorado Springs^CO^80921^
Bradley,LaRousse,,kimmlarousse@gmail.com,1,,"425 Picasso Court
Colorado Springs, Colorado 80921",Property in good standing,6131103078,425 Picasso Court^^Colorado Springs^CO^80921^
Kim,LaRousse,,,2,Bradley LaRousse,"425 Picasso Court
Colorado Springs, Colorado 80921",Property in good standing,6131103078,425 Picasso Court^^Colorado Springs^CO^80921^
Ryan,Lauber,,ryan_lauber@yahoo.com,1,,"14510 Westchester Dr
Colorado Springs, Colorado 80921",Property in good standing,6206202001,14510 Westchester Dr^^Colorado Springs^CO^80921^
Sarah,Lauber,,,2,Ryan Lauber,"14510 Westchester Dr
Colorado Springs, Colorado 80921",Property in good standing,6206202001,14510 Westchester Dr^^Colorado Springs^CO^80921^
Glenda,Launder,,,1,,"14160 Gleneagle Dr
Colorado Springs, Colorado 80921",Property in good standing,6206201072,14160 Gleneagle Dr^^Colorado Springs^CO^80921^
Glenna,Launder,,glenna.launder@gmail.com,1,,"14160 Gleneagle Dr
Colorado Springs, Colorado 80921",Property in good standing,6206201072,14160 Gleneagle Dr.^^Colorado Springs^CO^80921^
Justin S,Laurie,,melanie.d.laurie@gmail.com,1,,"415 Rangely Dr
Colorado Springs, Colorado 80921",Property in good standing,6131402017,415 Rangely Dr^^Colorado Springs^CO^80921^
Melanie D,Laurie,,,2,Justin S Laurie,"415 Rangely Dr
Colorado Springs, Colorado 80921",Property in good standing,6131402017,415 Rangely Dr^^Colorado Springs^CO^80921^
Jami,Leahy,,jamileahy@gmail.com,1,,"820 Wuthering Heights Dr
Colorado Springs, Colorado 80921",Property in good standing,6131103058,820 Wuthering Heights Dr^^Colorado Springs^CO^80921^
Clifford,Lee,,obxkarma@gmail.com,1,,"14255 Gleneagle Dr
Colorado Springs, Colorado 80921",Property in good standing,6206104051,134 Vintage Park Blvd Ste A128^^Houstan^TX^77070-3998^
Hiteshree,Patel,,,2,Clifford Lee,"14255 Gleneagle Dr
Colorado Springs, Colorado 80921",Property in good standing,6206104051,
Mary Carolyn,Lee,,mcarolynlee@yahoo.com,1,,"255 Doral Way
Colorado Springs, Colorado 80921",Property in good standing,6206205017,255 Doral Way^^Colorado Springs^CO^80921^
Steven,Lee,,stevetwylalee@gmail.com,1,,"14569 Westchester Dr
Colorado Springs, Colorado 80921",Property in good standing,6131303012,14569 Westchester Dr^^Colorado Springs^CO^80921^
Twyla,Lee,,,2,Steven Lee,"14569 Westchester Dr
Colorado Springs, Colorado 80921",Property in good standing,6131303012,14569 Westchester Dr^^Colorado Springs^CO^80921^
Jacob,Leggett,,jacob.leggett@westernalum.org,1,,"925 Wuthering Heights Dr
Colorado Springs, Colorado 80921",Property in good standing,6131110052,925 Wuthering Heights Dr^^Colorado Springs^CO^80921^
Sharleen and Glenn,Leimbach,,grleimbach@aol.com,1,,"14527 River Oaks Dr
Colorado Springs, Colorado 80921",Property in good standing,6206201003,14527 River Oaks Dr^^Colorado Springs^CO^80921^
Sharleen,Leimbach,,grleimbach@gmail.com,1,,"311 Silver Rock Pl
Colorado Springs, Colorado 80921",Property in good standing,6206103050,14527 River Oaks Dr^^Colorado Springs^CO^80921^
John,Leipold,,mlokeefe@gmail.com,1,,"14055 Westchester Dr
Colorado Springs, Colorado 80921",Property in good standing,6206201037,14055 Westchester Dr^^Colorado Springs^CO^80921^
Maureen,O`Keefe,,,2,John Leipold,"14055 Westchester Dr
Colorado Springs, Colorado 80921",Property in good standing,6206201037,14055 Westchester Dr^^Colorado Springs^CO^80921^
Dan and Sharon,Leisering,,dsleis84@gmail.com,1,,"25 Rangely Dr
Colorado Springs, Colorado 80921",Property in good standing,6131301030,25 Rangely Drive^^Colorado Springs^CO^80921^
Daniel,Leisering,,,1,,,,,226 S. Harvard Ave^^Villa Park^IL^60181-2512^
Sharon,Leisering,,,2,Daniel Leisering,,,,226 S. Harvard Aver^^Villa Park^IL^60181-2512^
Greg,Leonard,,tgregor4@comcast.net,1,,"416 Torrey Pines Way
Colorado Springs, Colorado 80921",Property in good standing,6131402009,416 Torrey Pines Way^^Colorado Springs^CO^80921^
Abigail,Leonard,,,2,Greg Leonard,"416 Torrey Pines Way
Colorado Springs, Colorado 80921",Property in good standing,6131402009,416 Torrey Pines Way^^Colorado Springs^CO^80921^
David,Lester,,lesterd649@aol.com,1,,"14565 Bermuda Dunes Way
Colorado Springs, Colorado 80921",Property in good standing,6131304006,14565 Bermuda Dunes Way^^Colorado Springs^CO^80921^
Wendy,Lester,,,2,David Lester,"14565 Bermuda Dunes Way
Colorado Springs, Colorado 80921",Property in good standing,6131304006,14565 Bermuda Dunes Way^^Colorado Springs^CO^80921^
Ruth,Levy,,rulev12@earthlink.net,1,,"14425 River Oaks Dr
Colorado Springs, Colorado 80921",Property in good standing,6206201008,14425 River Oaks Dr^^Colorado Springs^CO^80921^
Robert,Lewis,,re.lewis@cox.net,1,,"434 Torrey Pines Way
Colorado Springs, Colorado 80921",Property in good standing,6131402006,434 Torrey Pines Way^^Colorado Springs^CO^80921^
Sally,Lewis,,,2,Robert Lewis,"434 Torrey Pines Way
Colorado Springs, Colorado 80921",Property in good standing,6131402006,434 Torrey Pines Way^^Colorado Springs^CO^80921^
William,Lewis,,william.l.lewis@usa.net,1,,"140 Pauma Valley Dr
Colorado Springs, Colorado 80921",Property in good standing,6131302042,140 Pauma Valley Dr.^^colorado springs^CO^80921^
Stacy,Lewis,,oma1962@yahoo.com,2,William Lewis,"140 Pauma Valley Dr
Colorado Springs, Colorado 80921",Property in good standing,6131302042,140 Pauma Valley Drive^^Colorado Springs^CO^80921^
Randy,Liefer,,leedogger@aol.com,1,,"655 Wuthering Heights Dr
Colorado Springs, Colorado 80921",Property in good standing,6131101064,655 Wuthering Heights Dr^^Colorado Springs^CO^80921^
John,"Lindemulder, Jr",,linde5@msn.com,1,,"505 Rangely Dr
Colorado Springs, Colorado 80921",Property in good standing,6131402019,505 Rangely Dr^^Colorado Springs^CO^80921^
Lorinda,Lindemulder,,lorinda.lindemulder@gmail.com,2,"John Lindemulder, Jr","505 Rangely Dr
Colorado Springs, Colorado 80921",Property in good standing,6131402019,
Scott,Lindner,,scott.lindner@gmail.com,1,,"170 Palm Springs Dr
Colorado Springs, Colorado 80921",Property in good standing,6131301009,170 Palm Springs Dr^^Colorado Springs^CO^80921^
Bruce,Litchfield,,brucejane@bellsouth.net,1,,"14155 Gleneagle Dr
Colorado Springs, Colorado 80921",Property in good standing,6206206007,14155 Gleneagle Dr^^Colorado Springs^CO^80921^
Jane,Litchfield,,,2,Bruce Litchfield,"14155 Gleneagle Dr
Colorado Springs, Colorado 80921",Property in good standing,6206206007,14155 Gleneagle Dr^^Colorado Springs^CO^80921^
John,Little,,ronjohnlittle@comcast.net,1,,"305 Wuthering Heights Dr
Colorado Springs, Colorado 80921",Property in good standing,6131104011,305 Wuthering Heights Dr^^Colorado Springs^CO^80921^
Daniel,Litwhiler,,dwlit@yahoo.com,1,,"14550 Bermuda Dunes Way
Colorado Springs, Colorado 80921",Property in good standing,6131308045,14550 Bermuda Dunes Way^^Colorado Springs^CO^80921^
Margaret,Litwhiler,,,2,Daniel Litwhiler,"14550 Bermuda Dunes Way
Colorado Springs, Colorado 80921",Property in good standing,6131308045,14550 Bermuda Dunes Way^^Colorado Springs^CO^80921^
Susan,Logan,,rslogan814@gmail.com,1,,"125 Wuthering Heights Dr
Colorado Springs, Colorado 80921",Property in good standing,6131307010,125 Wuthering Heights Dr^^Colorado Springs^CO^80921^
Ronald,Logan,,,2,Susan Logan,"125 Wuthering Heights Dr
Colorado Springs, Colorado 80921",Property in good standing,6131307010,125 Wuthering Heights Dr^^Colorado Springs^CO^80921^
Donald,Long,,jeaninehlong@yahoo.com,1,,"14480 Bermuda Dunes Way
Colorado Springs, Colorado 80921",Property in good standing,6206203001,14480 Bermuda Dunes Way^^Colorado Springs^CO^80921^
Jeanine,Long,,,2,Donald Long,"14480 Bermuda Dunes Way
Colorado Springs, Colorado 80921",Property in good standing,6206203001,14480 Bermuda Dunes Way^^Colorado Springs^CO^80921^
William,Lowes,,mblowe@att.net,1,,"14545 Westchester Dr
Colorado Springs, Colorado 80921",Property in good standing,6131303022,14545 Westchester Dr^^Colorado Springs^CO^80921^
Mary,Lowes,,,2,William Lowes,"14545 Westchester Dr
Colorado Springs, Colorado 80921",Property in good standing,6131303022,14545 Westchester Dr^^Colorado Springs^CO^80921^
Armando,Lucero,,armando.lucero1@gmail.com,1,,"385 Palm Springs Dr
Colorado Springs, Colorado 80921",Property in good standing,6131404020,385 Palm Springs Dr^^Colorado Springs^CO^80921^
Bruce,Luckett,,luckett.home@comcast.net,1,,"13975 Westchester Dr
Colorado Springs, Colorado 80921",Property in good standing,6206302002,13975 Westchester Dr^^Colorado Springs^CO^80921^
Gail,Luckett,,,2,Bruce Luckett,"13975 Westchester Dr
Colorado Springs, Colorado 80921",Property in good standing,6206302002,13975 Westchester Dr^^Colorado Springs^CO^80921^
Marion,Luke,,francesmarionluke@gmail.com,1,,"14790 Latrobe Court
Colorado Springs, Colorado 80921",Property in good standing,6131402037,14790 Latrobe Court^^Colorado Springs^CO^80921^
Frances,Luke,,,2,Marion Luke,"14790 Latrobe Court
Colorado Springs, Colorado 80921",Property in good standing,6131402037,14790 Latrobe Court^^Colorado Springs^CO^80921^
Brian,Lumberg,,staci_wald@yahoo.com,1,,"75 Pauma Valley Dr
Colorado Springs, Colorado 80921",Property Dues Delinquent,6131408001,75 Pauma Valley Dr^^Colorado Springs^CO^80921^
Stephanie,Cross,,,2,Brian Lumberg,"75 Pauma Valley Dr
Colorado Springs, Colorado 80921",Property Dues Delinquent,6131408001,75 Pauma Valley Dr^^Colorado Springs^CO^80921^
Brian,Lumberg,,brianlumberg@yahoo.com,1,,"75 Pauma Valley Dr
Colorado Springs, Colorado 80921",Property Dues Delinquent,6131408001,75 Pauma Valley Dr^^Colorado Springs^CO^80921^
Colin,Lunas,,,1,,,,,14175 Candlewood Court^^Colorado Springs^CO^80921^
Josh,Lunn,,renae@warriorservicesgroup.com,1,,"15175 Thornbird Ct
Colorado Springs, Colorado 80921",Property in good standing,6131206085,15175 Thornbird Ct^^Colorado Springs^CO^80921^
Yan,Lu,,luyansemail@gmail.com,1,,"14230 Gleneagle Dr
Colorado Springs, Colorado 80921",Property in good standing,6206103008,21800 RIFREDI CT^^CUPERTINO^CA^95014^
Melissa,Lynch,,jt180@live.com,3,COS RE VENTURES 2 LLC,"14015 Westchester Dr
Colorado Springs, Colorado 80921",Property in good standing,6206201039,14015 Westchester Dr^^Colorado Springs^CO^80921^
Mark H.,MacAlester,,hamilmac@comcast.net,1,,"210 Desert Inn Way
Colorado Springs, Colorado 80921",Property in good standing,6131307022,210 Desert Inn Way^^Colorado Springs^CO^80921^
Kambriel,Macaluso-Williams,,cwilliams1923@gmail.com,1,,"70 Palm Springs Dr
Colorado Springs, Colorado 80921",Property in good standing,6131301015,70 Palm Springs Dr^^Colorado Springs^CO^80921^
Dick,Maday,,thecolomadays02@yahoo.com,1,,"14243 Gleneagle Dr
Colorado Springs, Colorado 80921",Property Dues Delinquent,6206104026,14243 Gleneagle Dr^^Colorado Springs^CO^80921^
Sharon,Maday,,,2,Dick Maday,"14243 Gleneagle Dr
Colorado Springs, Colorado 80921",Property Dues Delinquent,6206104026,14243 Gleneagle Dr^^Colorado Springs^CO^80921^
Joshua,Maine,,joshuaamaine@gmail.com,1,,"455 Wuthering Heights Dr
Colorado Springs, Colorado 80921",Property in good standing,6131104004,455 Wuthering Heights Dr^^Colorado Springs^CO^80921^
Robert,Makros,,rmakros@yahoo.com,1,,"331 Silver Rock Pl
Colorado Springs, Colorado 80921",Property in good standing,7311402042,331 Silver Rock Place^^Colorado Springs^CO^80921^
Curtis,Malfeld,,rockymountaindana@gmail.com,1,,"14585 Westchester Dr
Colorado Springs, Colorado 80921",Property in good standing,6131303014,14585 Westchester Dr^^Colorado Springs^CO^80921^
Dana,Malfeld,,,2,Curtis Malfeld,"14585 Westchester Dr
Colorado Springs, Colorado 80921",Property in good standing,6131303014,14585 Westchester Dr^^Colorado Springs^CO^80921^
Curtis,Malfeld,,liftoff87@gmail.com,1,,"14585 Westchester Dr
Colorado Springs, Colorado 80921",Property in good standing,6131303014,14585 Westchester Drive^^Colorado Springs^CO^80921^
Tricia,Mandeville,,triciamandeville@me.com,1,,"14185 Gleneagle Dr
Colorado Springs, Colorado 80921",Property in good standing,6206104046,14185 Gleneagle Drive^^Colorado Springs^CO^80921^
Benjamin,Mandeville,,,2,Tricia Mandeville,"14185 Gleneagle Dr
Colorado Springs, Colorado 80921",Property in good standing,6206104046,
Paulette,Marine,,p.marine@comcast.net,1,,"14776 Latrobe Court
Colorado Springs, Colorado 80921",Property in good standing,6131402036,14776 Latrobe Court^^Colorado Springs^CO^80921^
Travis,Mark,,tmark@markmedical.net,1,,"360 Doral Way
Colorado Springs, Colorado 80921",Property in good standing,6206104050,360 Doral Way^^Colorado Springs^CO^80921^
Jami,Mark,,bluejmark22@jamimark.com,2,Travis Mark,"360 Doral Way
Colorado Springs, Colorado 80921",Property in good standing,6206104050,360 Doral Way^^Colorado Springs^CO^80921^
Isaac,Martinez Garcia,,,1,,"220 Cherry Hills Way
Colorado Springs, Colorado 80921",Property in good standing,6131302033,220 Cherry Hills Way^^Colorado Springs^CO^80921^
Martha,Salazar,,martha_salazar@yahoo.com,2,Isaac Martinez Garcia,"220 Cherry Hills Way
Colorado Springs, Colorado 80921",Property in good standing,6131302033,220 Cherry Hills Way^^Colorado Springs^CO^80921^
Mark,Martin,,mmark7604@gmail.com,1,,"14625 River Oaks Dr
Colorado Springs, Colorado 80921",Property in good standing,6131306005,14625 River Oaks Dr^^Colorado Springs^CO^80921^
Ann,Martin,,,2,Mark Martin,"14625 River Oaks Dr
Colorado Springs, Colorado 80921",Property in good standing,6131306005,14625 River Oaks Dr^^Colorado Springs^CO^80921^
Martha,Martin,,suzimar000@gmail.com,1,,"330 Silver Rock Pl
Colorado Springs, Colorado 80921",Property in good standing,6206103057,330 Silver Rock Place^^Colorado Springs^CO^80921^
Phillis,Martin,,greenpeas15@gmail.com,1,,"415 Wuthering Heights Dr
Colorado Springs, Colorado 80921",Property in good standing,6131104006,415 Wuthering Heights Dr^^Colorado Springs^CO^80921^
David,Martin,,,2,Phillis Martin,"415 Wuthering Heights Dr
Colorado Springs, Colorado 80921",Property in good standing,6131104006,415 Wuthering Heights Dr^^Colorado Springs^CO^80921^
Mehran,Massoumi,,mehran29@yahoo.com,1,,"10 Desert Inn Way
Colorado Springs, Colorado 80921",Property in good standing,6131307022,106 Grand Blvd^^San Mateo^CA^94401^
Ellizabeth,Schaible,,elizabeth.schaible.2012@gmail.com,2,Mehran Massoumi,"10 Desert Inn Way
Colorado Springs, Colorado 80921",Property in good standing,6131307022,19580 GLEN SHADOWS DR^^Colorado Springs^CO^80908^
George Dr,Mastroianni,,rorydoggie@gmail.com,1,,"260 Wuthering Heights Dr
Colorado Springs, Colorado 80921",Property in good standing,6131206081,260 Wuthering Heights Dr^^Colorado Springs^CO^80921^
Kathleen Dr,O Donnell,,annidawg@comcast.net,2,George Dr Mastroianni,"260 Wuthering Heights Dr
Colorado Springs, Colorado 80921",Property in good standing,6131206081,260 Wuthering Heights Dr^^Colorado Springs^CO^80921^
Joel,Maynard,,jrmdownunder@aol.com,1,,"95 Palm Springs Dr
Colorado Springs, Colorado 80921",Property in good standing,6131404001,95 Palm Springs Dr^^Colorado Springs^CO^80921^
Christine,Maynard,,cdmmomofthree@aol.com,2,Joel Maynard,"95 Palm Springs Dr
Colorado Springs, Colorado 80921",Property in good standing,6131404001,95 Palm Springs Dr^^Colorado Springs^CO^80921^
Damian,McCabe,,eurobeagle@hotmail.com,1,,"245 Cherry Hills Way
Colorado Springs, Colorado 80921",Property in good standing,6131302031,245 Cherry Hills Way^^Colorado Springs^CO^80921^
Jody,McCarthy,,,1,,"14050 Gleneagle Dr
Colorado Springs, Colorado 80921",Property in good standing,6206201041,2841 Winslow Springs Dr^^Henderson^NV^89052^
,,Falcon Property Solutions,,2,Jody McCarthy,"14050 Gleneagle Dr
Colorado Springs, Colorado 80921",Property in good standing,6206201041,6055 Lehman Dr^STE 104^Colorado Springs^CO^80918^
Thomas,McCarthy,,thomnjody@comcast.net,1,,,,,2841 Winslow Springs Dr^^Henderson^NV^89052^
Michael A,McCausland,,chrismc54@aol.com,1,,,,,15215 Diamondhead Court^^Colorado Springs^CO^80921^
Christy L,McCausland,,,2,Michael A McCausland,,,,15215 Diamondhead Court^^Colorado Springs^CO^80921^
Dave,McCone,,lisa.mccone@asd20.org,1,,"975 Wuthering Heights Dr
Colorado Springs, Colorado 80921",Property in good standing,6131106020,975 Wuthering Heights Dr^^Colorado Springs^CO^80921^
Dave,McCone,,drmccone51@gmail.com,1,,"975 Wuthering Heights Dr
Colorado Springs, Colorado 80921",Property in good standing,6131106020,975 Wuthering Heights Dr^^Colorado Springs^CO^80921^
Donna,McCoy,,dmdaisy7@gmail.com,1,,"280 Desert Inn Way
Colorado Springs, Colorado 80921",Property in good standing,6131403009,280 Desert Inn Way^^Colorado Springs^CO^80921^
Robert,McCoy,,br7on7co7@msn.com,1,,"280 Desert Inn Way
Colorado Springs, Colorado 80921",Property in good standing,6131403009,280 Desert Inn Way^^Colorado Springs^CO^80921^
Donna,McCoy,,,2,Robert McCoy,"280 Desert Inn Way
Colorado Springs, Colorado 80921",Property in good standing,6131403009,280 Desert Inn Way^^Colorado Springs^CO^80921^
Thomas,McDorman,,tom.deena@me.com,1,,"65 Doral Way
Colorado Springs, Colorado 80921",Property in good standing,6206104012,65 Doral Way^^Colorado Springs^CO^80921^
Deena,McDorman,,,2,Thomas McDorman,"65 Doral Way
Colorado Springs, Colorado 80921",Property in good standing,6206104012,65 Doral Way^^Colorado Springs^CO^80921^
Brandon,McDowell,,bemcdowell@gmail.com,1,,"14635 River Oaks Dr
Colorado Springs, Colorado 80921",Property in good standing,6131306004,14635 River Oaks Dr^^Colorado Springs^CO^80921^
Beth,McDowell,,,2,Brandon McDowell,"14635 River Oaks Dr
Colorado Springs, Colorado 80921",Property in good standing,6131306004,14635 River Oaks Dr^^Colorado Springs^CO^80921^
Mark,McGrath,,mmcgrath@terarecon.com,1,,"205 Pauma Valley Dr
Colorado Springs, Colorado 80921",Property in good standing,6131303004,205 Pauma Valley Dr^^Colorado Springs^CO^80921^
Kathleen,McGrath,,,2,Mark McGrath,"205 Pauma Valley Dr
Colorado Springs, Colorado 80921",Property in good standing,6131303004,205 Pauma Valley Dr^^Colorado Springs^CO^80921^
Mark,McGrath,,mark8983@icloud.com,1,,"205 Pauma Valley Dr
Colorado Springs, Colorado 80921",Property in good standing,6131303004,205 Pauma Valley Dr^^Colorado Springs^CO^80921^
Teri,McGrath,,tjmcgrat@yahoo.com,1,,"595 Wuthering Heights Dr
Colorado Springs, Colorado 80921",Property in good standing,6131101061,14965 Crooked Spur Lane^^Colorado Springs^CO^80921^
Jay,McGuffin,,vicw001@gmail.com,1,,"14365 Westchester Dr
Colorado Springs, Colorado 80921",Property Dues Delinquent,6206201024,14365 Westchester Dr^^Colorado Springs^CO^80921^
Stephanie,McGuffin,,stephaniemcguffin@hotmail.com,2,Jay McGuffin,"14365 Westchester Dr
Colorado Springs, Colorado 80921",Property Dues Delinquent,6206201024,14365 Westchester Dr^^Colorado Springs^CO^80921^
Steven,McIntosh,,steve.mcintosh@gmail.com,1,,"580 Wuthering Heights Dr
Colorado Springs, Colorado 80921",Property in good standing,6131103101,580 Wuthering Heights Dr^^Colorado Springs^CO^80921^
Megan,McIntosh,,,2,Steven McIntosh,"580 Wuthering Heights Dr
Colorado Springs, Colorado 80921",Property in good standing,6131103101,580 Wuthering Heights Dr^^Colorado Springs^CO^80921^
Dan,McKee,,danjulie@webbydan.com,1,,"510 Wuthering Heights Dr
Colorado Springs, Colorado 80921",Property in good standing,6131103085,510 Wuthering Heights Dr^^Colorado Springs^CO^80921^
Julie,McKee,,,2,Dan McKee,"510 Wuthering Heights Dr
Colorado Springs, Colorado 80921",Property in good standing,6131103085,510 Wuthering Heights Dr^^Colorado Springs^CO^80921^
Thomas,McKeon,,tmckeon22@yahoo.com,1,,"14475 Bermuda Dunes Way
Colorado Springs, Colorado 80921",Property in good standing,6206202004,14475 Bermuda Dunes Way^^Colorado Springs^CO^80921^
Charlotte,Peyton,,,2,Thomas McKeon,"14475 Bermuda Dunes Way
Colorado Springs, Colorado 80921",Property in good standing,6206202004,14475 Bermuda Dunes Way^^Colorado Springs^CO^80921^
Jeffrey,McLemore,,mclemop@att.net,1,,"170 Doral Way
Colorado Springs, Colorado 80921",Property in good standing,6206206005,170 Doral Way^^Colorado Springs^CO^80921^
Pamela,McLemore,,,2,Jeffrey McLemore,"170 Doral Way
Colorado Springs, Colorado 80921",Property in good standing,6206206005,170 Doral Way^^Colorado Springs^CO^80921^
Grady,McNeill,,,1,,"460 Wuthering Heights Dr
Colorado Springs, Colorado 80921",Property in good standing,6131103083,16929 W Hinsdale Way^^Aurora^CO^80016^
,,Action Team Realty,,2,Grady McNeill,"460 Wuthering Heights Dr
Colorado Springs, Colorado 80921",Property in good standing,6131103083,6265 Lehman Drive^Ste 100^Colorado Springs^CO^80918^
Nina,McNeill,,,2,Grady McNeill,"460 Wuthering Heights Dr
Colorado Springs, Colorado 80921",Property in good standing,6131103083,16929 W Hinsdale Way^^Aurora^CO^80016^
Steven,Peterson,,,3,Grady McNeill,"460 Wuthering Heights Dr
Colorado Springs, Colorado 80921",Property in good standing,6131103083,460 Wuthering Heights^^^^^
James L,McVay,,,1,,"14530 Westchester Dr
Colorado Springs, Colorado 80921",Property in good standing,6131304010,14530 Westchester Dr^^Colorado Springs^CO^80921^
Kathy,McVay,,kathy4943@gmail.com,2,James L McVay,"14530 Westchester Dr
Colorado Springs, Colorado 80921",Property in good standing,6131304010,14530 Westchester Dr^^Colorado Springs^CO^80921^
David,Meier,,emilybmeier@hotmail.com,1,,"235 Desert Inn Way
Colorado Springs, Colorado 80921",Property in good standing,6131309001,235 Desert Inn Way^^Colorado Springs^CO^80921^
David,Meier,,meierdc@hotmail.com,1,,"235 Desert Inn Way
Colorado Springs, Colorado 80921",Property in good standing,6131309001,235 Desert Inn Way^^Colorado Springs^CO^80921^
Jennifer K,Melahn,,jmelahn918@gmail.com,1,,"15210 Diamondhead Court
Colorado Springs, Colorado 80921",Property in good standing,6131106017,15210 Diamondhead Court^^Colorado Springs^CO^80921^
Gordon,Mellema,,gmellema@aol.com,1,,"635 Wuthering Heights Dr
Colorado Springs, Colorado 80921",Property in good standing,6131101063,635 Wuthering Heights Dr^^Colorado Springs^CO^80921^
Ken,Mellott,,kwm17@aol.com,1,,"450 Rangely Dr
Colorado Springs, Colorado 80921",Property in good standing,6131401004,450 Rangely Dr^^Colorado Springs^CO^80921^
Laurel,Mellott,,,2,Ken Mellott,"450 Rangely Dr
Colorado Springs, Colorado 80921",Property in good standing,6131401004,450 Rangely Dr^^Colorado Springs^CO^80921^
Louie,Mendoza,,louieandnicolemendoza@hotmail.com,1,,"14220 Gleneagle Dr
Colorado Springs, Colorado 80921",Property in good standing,6206103009,14220 Gleneagle Dr^^Colorado Springs^CO^80921^
Nicole,Mendoza,,,2,Louie Mendoza,"14220 Gleneagle Dr
Colorado Springs, Colorado 80921",Property in good standing,6206103009,14220 Gleneagle Dr^^Colorado Springs^CO^80921^
Charles,Meredith,,,1,,,,,1355 Piros Dr.^^Colorado Springs^CO^80921^
Mary Grace,Meredith,,,2,Charles Meredith,,,,1355 Piros Dr^^Colorado Springs^CO^80921^
Eddie (Charles),Merrideth,,eddiemeredithconstruction@gmail.com,1,,"35 Huntington Beach Dr
Colorado Springs, Colorado 80921",Property Dues Delinquent,6206201107,35 Huntington Beach Drive^^COLORADO SPRINGS^CO^80921^
Andrew,Meyer,,iandrewmeyer@gmail.com,1,,"295 Desert Inn Way
Colorado Springs, Colorado 80921",Property in good standing,6131403008,295 Desert Inn Way^^Colorado SPrings^CO^80921^
Nicole,Gundersen,,nicolegundersen@gmail.com,2,Andrew Meyer,"295 Desert Inn Way
Colorado Springs, Colorado 80921",Property in good standing,6131403008,295 Desert Inn Way^^Colorado Springs^CO^80921^
Hal,Meyer,,peakmeyer@msn.com,1,,"240 Wuthering Heights Dr
Colorado Springs, Colorado 80921",Property in good standing,6131206079,240 Wuthering Heights Dr^^Colorado Springs^CO^80921^
Patricia,Meyer,,,2,Hal Meyer,"240 Wuthering Heights Dr
Colorado Springs, Colorado 80921",Property in good standing,6131206079,240 Wuthering Heights Dr^^Colorado Springs^CO^80921^
Raymond,Micklewright,,sarimicklewright@aol.com,1,,"14450 River Oaks Dr
Colorado Springs, Colorado 80921",Property in good standing,6206201015,14450 River Oaks Dr^^Colorado Springs^CO^80921^
Sari,Micklewright,,,2,Raymond Micklewright,"14450 River Oaks Dr
Colorado Springs, Colorado 80921",Property in good standing,6206201015,14450 River Oaks Dr^^Colorado Springs^CO^80921^
Raymond,Micklewright,,raymicklewright@gmail.com,1,,"14450 River Oaks Dr
Colorado Springs, Colorado 80921",Property in good standing,6206201015,14450 River Oaks Drive^^Colorado Springs^CO^80921^
Raymond,Micklewright,,raymicklewright@aol.com,1,,"14450 River Oaks Dr
Colorado Springs, Colorado 80921",Property in good standing,6206201015,14450 River Oaks Drive^^Colorado Springs^CO^80921^
Cory J,Middel,,lauramiddel@gmail.com,1,,"325 Palm Springs Dr
Colorado Springs, Colorado 80921",Property in good standing,6131404006,5781 Ft Wright Oval^^Fairchild AFB^WA^99011-2203^
Denny,Middel,,denmiddel@gmail.com,1,,"230 Cherry Hills Way
Colorado Springs, Colorado 80921",Property in good standing,6131302034,230 Cherry Hills Way^^Colorado Springs^CO^80921^
Marcia,Middel,,martmiddel@gmail.com,2,Denny Middel,"230 Cherry Hills Way
Colorado Springs, Colorado 80921",Property in good standing,6131302034,230 Cherry Hills Way^^Colorado Springs^CO^80921^
Heidi,Miller,,heidimiller85@gmail.com,1,,"15026 LaJolla Place
Colorado Springs, Colorado 80921",Property in good standing,,15026 LaJolla Place^^Colorado Springs^CO^80921^
Daniel,Benoit,,,2,Heidi Miller,"15026 LaJolla Place
Colorado Springs, Colorado 80921",Property in good standing,,15026 LaJolla Place^^Colorado Springs^CO^80921^
Kent,Miller,,sophiem031@aol.com,1,,"14797 Latrobe Court
Colorado Springs, Colorado 80921",Property in good standing,6131402038,14797 Latrobe Court^^Colorado Springs^CO^80921^
Robin,Miller,,kentlmiller@aol.com,2,Kent Miller,"14797 Latrobe Court
Colorado Springs, Colorado 80921",Property in good standing,6131402038,14797 Latrobe Court^^Colorado Springs^CO^80921^
Leonard D. Jr,Miller,,jmiller275@hotmail.com,1,,"275 Wuthering Heights Dr
Colorado Springs, Colorado 80921",Property in good standing,6131209002,275 Wuthering Heights Dr^^Colorado Springs^CO^80921^
Milton,Miller,,miltm65@gmail.com,1,,"470 Cherry Hills Way
Colorado Springs, Colorado 80921",Property in good standing,6131405010,470 Cherry Hills Way^^Colorado Springs^CO^80921^
Yolinda,Miller,,joyin2011@yahoo.com,1,,"520 Mission Hill Way
Colorado Springs, Colorado 80921",Property Dues Delinquent,6206101003,520 Mission Hill Way^^Colorado Springs^CO^80921^
Michael,Milner,,milnerpetra@yahoo.com,1,,"115 Desert Inn Way
Colorado Springs, Colorado 80921",Property in good standing,6131309024,115 Desert Inn Way^^Colorado Springs^CO^80921^
Bob,Minkus,,bob-lois@minkusfamily.com,1,,"145 Huntington Beach Dr
Colorado Springs, Colorado 80921",Property in good standing,6206201064,145 Huntington Beach Dr^^Colorado Springs^CO^80921^
Lois,Minkus,,,2,Bob Minkus,"145 Huntington Beach Dr
Colorado Springs, Colorado 80921",Property in good standing,6206201064,145 Huntington Beach Dr^^Colorado Springs^CO^80921^
Gene,Miranda,,genemiranda@comcast.net,1,,"14585 River Oaks Dr
Colorado Springs, Colorado 80921",Property in good standing,6131306009,14585 River Oaks Dr^^Colorado Springs^CO^80921^
Joan,Miranda,,,2,Gene Miranda,"14585 River Oaks Dr
Colorado Springs, Colorado 80921",Property in good standing,6131306009,14585 River Oaks Dr^^Colorado Springs^CO^80921^
Shravan,Miriyala,,pubshrav66@gmail.com,1,,"15018 LaJolla Place
Colorado Springs, Colorado 80921",Property in good standing,,15018 La Jolla Pl^^Colorado Springs^CO^80921^
Bindu,Miriyala,,,2,Shravan Miriyala,"15018 LaJolla Place
Colorado Springs, Colorado 80921",Property in good standing,,15018 La Jolla Place^^Colorado Springs^CO^80921^
Matthew,Misja,,heathermisja@gmail.com,1,,"14075 Westchester Dr
Colorado Springs, Colorado 80921",Property in good standing,6206201036,16691 Timber Meadow Drive^^Colorado Springs^CO^80908^
Heather,Misja,,,2,Matthew Misja,"14075 Westchester Dr
Colorado Springs, Colorado 80921",Property in good standing,6206201036,14075 Westchester Drive^^Colorado Springs^CO^80921^
Henry,Mitchell,,hmitchell01@comcast.net,1,,"14180 Gleneagle Dr
Colorado Springs, Colorado 80921",Property in good standing,6206103012,14180 Gleneagle Dr^^Colorado Springs^CO^80921^
Gary,Moe,,gpmoe11@gmail.com,1,,"225 Rangely Dr
Colorado Springs, Colorado 80921",Property in good standing,6131301030,225 Rangely Dr^^Colorado Springs^CO^80921^
Ralph,Moffie,,moffiemem@comcast.net,1,,"150 Palm Springs Dr
Colorado Springs, Colorado 80921",Property in good standing,6131301010,150 Palm Springs Dr^^Colorado Springs^CO^80921^
Marilyn,Moffie,,,2,Ralph Moffie,"150 Palm Springs Dr
Colorado Springs, Colorado 80921",Property in good standing,6131301010,150 Palm Springs Dr^^Colorado Springs^CO^80921^
Eric,Moore,,shannonmoore0914@gmail.com,1,,"14680 Latrobe Dr
Colorado Springs, Colorado 80921",Property in good standing,6131406001,14680 Latrobe Dr^^Colorado Springs^CO^80921^
Shannon,Moore,,,2,Eric Moore,"14680 Latrobe Dr
Colorado Springs, Colorado 80921",Property in good standing,6131406001,14680 Latrobe Dr^^Colorado Springs^CO^80921^
Ruth,Moore,,moorerm52@gmail.com,1,,"435 Picasso Court
Colorado Springs, Colorado 80921",Property in good standing,6131103077,435 Picasso Court^^Colorado Springs^CO^80921^
Peter,Moran,,pcmoran2016@gmail.com,1,,"15215 Diamondhead Court
Colorado Springs, Colorado 80921",Property in good standing,6131110051,15215 Diamondhead ct^^colorado springs^CO^80921^
Steven,Moran,,cynthia.moran2@yahoo.com,1,,"865 Wuthering Heights Dr
Colorado Springs, Colorado 80921",Property in good standing,6131110057,865 Wuthering Heights Dr^^Colorado Springs^CO^80921^
Weston,Moran,,weston.moran@gmail.com,1,,"14247 Gleneagle Dr
Colorado Springs, Colorado 80921",Property in good standing,6206104027,14247 Gleneagle Drive^^Colorado Springs^CO^80921^
Weston,Moran,,wes@morwes.com,1,,"14247 Gleneagle Dr
Colorado Springs, Colorado 80921",Property in good standing,6206104027,14247 Gleneagle Dr^^Colorado Springs^CO^80921^
John,Morrison,,jrossmorrison@msn.com,1,,"14115 Candlewood Court
Colorado Springs, Colorado 80921",Property in good standing,6206104007,14115 Candlewood Court^^Colorado Springs^CO^80921^
Sandra,Morrison,,,2,John Morrison,"14115 Candlewood Court
Colorado Springs, Colorado 80921",Property in good standing,6206104007,14115 Candlewood Court^^Colorado Springs^CO^80921^
Mike,Morrissey,,comorrissey@aol.com,1,,"14115 Westchester Dr
Colorado Springs, Colorado 80921",Property in good standing,6206201034,14115 Westchester Dr^^Colorado Springs^CO^80921^
James,Mullin,,ryan.mullin@newmont.com,1,,"14124 Stone Eagle Place
Colorado Springs, Colorado 80921",Property in good standing,6206201124,14124 Stone Eagle Place^^Colorado Springs^CO^80921^
Lindy,Mullin,,,2,James Mullin,"14124 Stone Eagle Place
Colorado Springs, Colorado 80921",Property in good standing,6206201124,14124 Stone Eagle Place^^Colorado Springs^CO^80921^
Robert D,Mullins,,mullinsrobe@gmail.com,1,,"655 Rembrandt Court
Colorado Springs, Colorado 80921",Property in good standing,6131103098,655 Rembrandt Court^^Colorado Springs^CO^80921^
Rita A,Mullins,,,2,Robert D Mullins,"655 Rembrandt Court
Colorado Springs, Colorado 80921",Property in good standing,6131103098,655 Rembrandt Court^^Colorado Springs^CO^80921^
Jeffrey,Mulzer,,,1,,"14331 Spyglass Hill Pl
Colorado Springs, Colorado 80921",Property in good standing,6206201116,14331 Spyglass Hill Pl^^Colorado Springs^CO^80921^
Jennifer,Mulzer,,,2,Jeffrey Mulzer,"14331 Spyglass Hill Pl
Colorado Springs, Colorado 80921",Property in good standing,6206201116,14331 Spyglass Hill Pl^^Colorado Springs^CO^80921^
Bob,Munoz,,bob.dee72@comcast.net,1,,"440 Torrey Pines Way
Colorado Springs, Colorado 80921",Property in good standing,6131402005,440 Torrey Pines Way^^Colorado Springs^CO^80921^
Beckie,Munson,,beckie.munson@gmail.com,1,,"310 Pauma Valley Dr
Colorado Springs, Colorado 80921",Property in good standing,6131302026,310 Pauma Valley^^Colorado Springs^CO^80921^
Matthew,Munson,,matthew.munson@gmail.com,2,Beckie Munson,"310 Pauma Valley Dr
Colorado Springs, Colorado 80921",Property in good standing,6131302026,310 Pauma Valley^^Colorado Springs^CO^80921^
Douglas,Murray,,themurraycompany@aol.com,1,,"14550 Westchester Dr
Colorado Springs, Colorado 80921",Property in good standing,6131304001,14550 Westchester Dr^^Colorado Springs^CO^80921^
Linda,Musarra,,lindamusarra@msn.com,1,,"14570 River Oaks Dr
Colorado Springs, Colorado 80921",Property in good standing,6131303034,14570 River Oaks Dr^^Colorado Springs^CO^80921^
Jim,Myers,,jfsamyers@gmail.com,1,,"446 Torrey Pines Way
Colorado Springs, Colorado 80921",Property in good standing,6131402004,446 Torrey Pines Way^^Colorado Springs^CO^80921^
Leonard L.,Myers,,lynmyers@hotmail.com,1,,"14350 Westchester Dr
Colorado Springs, Colorado 80921",Property in good standing,6206204003,14350 Westchester Dr^^Colorado Springs^CO^80921^
Karen,Lavee-Myers,,klaveemyers@gmail.com,2,Leonard L. Myers,"14350 Westchester Dr
Colorado Springs, Colorado 80921",Property in good standing,6206204003,14350 Westchester Dr^^Colorado Springs^CO^80921^
Nicholas,Nail,,,1,,"14120 Westchester Dr
Colorado Springs, Colorado 80921",Property in good standing,6206204012,14120 Westchester Dr^^Colorado Springs^CO^80921^
Kristen,Nail,,kristen.nail24@gmail.com,2,Nicholas Nail,"14120 Westchester Dr
Colorado Springs, Colorado 80921",Property in good standing,6206204012,14120 Westchester Dr^^Colorado Springs^CO^80921^
Mary,Nance,,marbil1985@aol.com,1,,"14521 River Oaks Dr
Colorado Springs, Colorado 80921",Property in good standing,6206201004,14521 River Oaks Dr^^Colorado Springs^CO^80921^
Joseph,Navalesi,,joenavalesi@cox.net,1,,"110 Pauma Valley Dr
Colorado Springs, Colorado 80921",Property in good standing,6131302016,110 Pauma Valley Dr^^Colorado Springs^CO^80921^
Magdelyn,Nehring,,magdelynnehring@gmail.com,1,,"14520 River Oaks Dr
Colorado Springs, Colorado 80921",Property in good standing,6131303029,14520 River Oaks Dr^^Colorado Springs^CO^80921^
Kaleb,Nehring,,nehring_k@yahoo.com,2,Magdelyn Nehring,"14520 River Oaks Dr
Colorado Springs, Colorado 80921",Property in good standing,6131303029,14520 River Oaks Dr^^Colorado Springs^CO^80921^
Lorraine,Neigh,,lorineigh@gmail.com,1,,"14536 Latrobe Dr
Colorado Springs, Colorado 80921",Property in good standing,6131406015,14536 Latrobe Dr^^Colorado Springs^CO^80921^
John,Nelson,,jknelsonco@comcast.net,1,,"14525 Bermuda Dunes Way
Colorado Springs, Colorado 80921",Property Dues Delinquent,6131304008,14525 Bermuda Dunes Way^^Colorado Springs^CO^80921^
Karen,Nelson,,,2,John Nelson,"14525 Bermuda Dunes Way
Colorado Springs, Colorado 80921",Property Dues Delinquent,6131304008,14525 Bermuda Dunes Way^^Colorado Springs^CO^80921^
David,Newton,,davidnewton@centura.org,1,,"14386 Spyglass Hill Pl
Colorado Springs, Colorado 80921",Property Dues Delinquent,6206201109,14386 Spyglass Hill Place^^Colorado Springs^CO^80921^
Kimbely,Newton,,,2,David Newton,"14386 Spyglass Hill Pl
Colorado Springs, Colorado 80921",Property Dues Delinquent,6206201109,14386 Spyglass Hill Pl^^Colorado Springs^CO^80921^
Kimberly,Newton,,kknewton5@gmail.com,1,,"14386 Spyglass Hill Pl
Colorado Springs, Colorado 80921",Property Dues Delinquent,6206201109,14386 Spyglass Hill Pl^^Colorado Springs^CO^80921^
Sharon,Newton,,,1,,"14030 Gleneagle Drive
Colorado Springs, Colorado 80921",Property in good standing,6206201122,14030 Gleneagle Drive^^Colorado Springs^CO^80921^
Renee,Hawkins,,,2,Sharon Newton,"14030 Gleneagle Drive
Colorado Springs, Colorado 80921",Property in good standing,6206201122,14030 Gleneagle Drive^^Colorado Springs^CO^80921^
Kenneth,Nieland,,kdnieland87@gmail.com,1,,"14112 Stone Eagle Place
Colorado Springs, Colorado 80921",Property in good standing,6206201123,14112 Stone Eagle Place^^Colorado Springs^CO^80921^
Denise,Nieland,,,2,Kenneth Nieland,"14112 Stone Eagle Place
Colorado Springs, Colorado 80921",Property in good standing,6206201123,14112 Stone Eagle Place^^Colorado Springs^CO^80921^
Carl,Nolt,,carlnolt@msn.com,1,,"14225 Gleneagle Dr
Colorado Springs, Colorado 80921",Property in good standing,6206104023,14225 Gleneagle Dr^^Colorado Springs^CO^80921^
Dennis,Novich,,djnovich@comcast.net,1,,"220 Wuthering Heights Dr
Colorado Springs, Colorado 80921",Property in good standing,6131206077,220 Wuthering Heights Dr^^Colorado Springs^CO^80921^
Susan,Novich,,,2,Dennis Novich,"220 Wuthering Heights Dr
Colorado Springs, Colorado 80921",Property in good standing,6131206077,220 Wuthering Heights Dr^^Colorado Springs^CO^80921^
KEVIN,Nunn,,nunnkev@gmail.com,1,,"14625 River Oaks Dr
Colorado Springs, Colorado 80921",Property in good standing,6131306005,14625 River Oaks Dr^^Colorado Springs^CO^80921^
Masako,Nunn,,masakon@aol.com,2,KEVIN Nunn,"14625 River Oaks Dr
Colorado Springs, Colorado 80921",Property in good standing,6131306005,14625 River Oaks Dr^^Co Spgs^CO^80921^
Michael,O`Rourke,,,1,,"125 Huntington Beach Dr
Colorado Springs, Colorado 80921",Property in good standing,6206201065,110 Huntington Beach Dr^^Colorado Springs^CO^80921^
Michael,O`Rourke,,,1,,"110 Huntington Beach Dr
Colorado Springs, Colorado 80921",Property in good standing,6206201055,110 Huntington Beach Dr^^Colorado Springs^CO^80921^
Rebecca,O`Rourke,,,2,Michael O`Rourke,"125 Huntington Beach Dr
Colorado Springs, Colorado 80921",Property in good standing,6206201065,110 Huntington Beach Dr^^Colorado Springs^CO^80921^
Rebecca,O`Rourke,,,2,Michael O`Rourke,"110 Huntington Beach Dr
Colorado Springs, Colorado 80921",Property in good standing,6206201055,110 Huntington Beach Dr^^Colorado Springs^CO^80921^
Michael & Rebecca,O'Rourke,,rebeccaor@comcast.net,1,,"110 Huntington Beach Dr
Colorado Springs, Colorado 80921",Property in good standing,6206201055,110 Huntingto Beach Dr.^^Colorado Springs^CO^80921^
Mary,Obenauf,,maryobenauf1@gmail.com,1,,"14540 Latrobe Dr
Colorado Springs, Colorado 80921",Property in good standing,6131406016,14520 Latrobe Drive^^Colorado Springs^CO^80921^
Mary,Obenauf,,maryobenauf1@gmail.com,1,,"14520 Latrobe Dr
Colorado Springs, Colorado 80921",Property in good standing,6131406011,14520 Latrobe Drive^^Colorado Springs^CO^80921^
Lawrence,Obenauf,,,2,Mary Obenauf,"14540 Latrobe Dr
Colorado Springs, Colorado 80921",Property in good standing,6131406016,14520 Latrobe Dr^^Colorado Springs^CO^80921^
Lawrence,Obenauf,,,2,Mary Obenauf,"14520 Latrobe Dr
Colorado Springs, Colorado 80921",Property in good standing,6131406011,14520 Latrobe Dr^^Colorado Springs^CO^80921^
Michael,OConnor,,moconnortom@hotmail.com,1,,"15255 Renoir Place
Colorado Springs, Colorado 80921",Property Dues Delinquent,6131101076,15255 Renoir Place^^Colorado Springs^CO^80921^
Raquel,Rengifo,,,2,Michael OConnor,"15255 Renoir Place
Colorado Springs, Colorado 80921",Property Dues Delinquent,6131101076,15255 Renoir Place^^Colorado Springs^CO^80921^
John,Ogden,,jreenogden@msn.com,1,,"14740 Latrobe Dr
Colorado Springs, Colorado 80921",Property in good standing,6131405002,14740 Latrobe Dr^^Colorado Springs^CO^80921^
Richaleen,Ogden,,,2,John Ogden,"14740 Latrobe Dr
Colorado Springs, Colorado 80921",Property in good standing,6131405002,14740 Latrobe Dr^^Colorado Springs^CO^80921^
Michael,OHare,,mcohare@gmail.com,1,,"405 Cherry Hills Way
Colorado Springs, Colorado 80921",Property in good standing,6131406005,405 Cherry Hills Way^^Colorado Springs^CO^80921^
Tatiana,OHare,,oharetanya@gmail.com,2,Michael OHare,"405 Cherry Hills Way
Colorado Springs, Colorado 80921",Property in good standing,6131406005,405 Cherry Hills Way^^Colorado Springs^CO^80921^
Larry,Oliver,,lcoretail@icloud.com,1,,"14120 Gleneagle Dr
Colorado Springs, Colorado 80921",Property in good standing,6206201068,14120 Gleneagle Dr^^Colorado Springs^CO^80921^
Carrie,Oliver,,,2,Larry Oliver,"14120 Gleneagle Dr
Colorado Springs, Colorado 80921",Property in good standing,6206201068,14120 Gleneagle Dr^^Colorado Springs^CO^80921^
Matthew,Oliver,,woliver@ameritech.net,1,,"14239 Gleneagle Dr
Colorado Springs, Colorado 80921",Property in good standing,6206104025,14239 Gleneagle Dr^^Colorado Springs^CO^80921^
Wendy,Oliver,,wcoliver92@gmail.com,2,Matthew Oliver,"14239 Gleneagle Dr
Colorado Springs, Colorado 80921",Property in good standing,6206104025,14239 Gleneagle Dr^^Colorado Springs^CO^80921^
Richard,Olson,,pippa54@comcast.net,1,,"235 Wuthering Heights Dr
Colorado Springs, Colorado 80921",Property in good standing,6131209005,235 Wuthering Heights Dr^^Colorado Springs^CO^80921^
Cheri,Orr,,cheriorr24@gmail.com,1,,"230 Wuthering Heights Dr
Colorado Springs, Colorado 80921",Property in good standing,6131206078,230 Wuthering Heights Dr^^Colorado Springs^CO^80921^
Kristopher,Orr,,,2,Cheri Orr,"230 Wuthering Heights Dr
Colorado Springs, Colorado 80921",Property in good standing,6131206078,230 Wuthering Heights Dr^^Colorado Springs^CO^80921^
River,Outlaw,,m.rivergraceoutlaw@gmail.com,1,,"14527 River Oaks Dr
Colorado Springs, Colorado 80921",Property in good standing,6206201003,14527 River Oaks Drive^Desiree Dr.^Colorado Springs^CO^80921^
Lisa,Owenby,,lpowenby@gmail.com,1,,"14395 Westchester Dr
Colorado Springs, Colorado 80921",Property in good standing,6206201023,14395 Westchester Dr^^Colorado Springs^CO^80921^
Jimmy,Owenby,,owenbyj@erau.edu,2,Lisa Owenby,"14395 Westchester Dr
Colorado Springs, Colorado 80921",Property in good standing,6206201023,14395 Westchester Dr^^Colorado Springs^CO^80921^
Frank,Owens,,frankcowens@comcast.net,1,,"675 Rembrandt Court
Colorado Springs, Colorado 80921",Property in good standing,6131103096,675 Rembrandt Court^^Colorado Springs^CO^80921^
Pam,Padgett,,pjpadgett@comcast.net,1,,"14445 Westchester Dr
Colorado Springs, Colorado 80921",Property in good standing,6206201020,14445 Westchester Dr^^Colorado Springs^CO^80921^
John H.,Papuga,,johnpapuga@comcast.net,1,,"695 Wuthering Heights Dr
Colorado Springs, Colorado 80921",Property in good standing,6131101067,695 Wuthering Heights Dr^^Colorado Springs^CO^80921^
Gabby,Parish,,tcgabby@homescolorado.com,1,,"55 Pauma Valley Dr
Colorado Springs, Colorado 80921",Property in good standing,6131303009,770 Hubbell Drive^^Colorado Springs^CO^80911^
Barney,Parker,,barneyp53@comcast.net,1,,"14060 Gleneagle Dr
Colorado Springs, Colorado 80921",Property in good standing,6206201042,14060 Gleneagle Dr^^Colorado Springs^CO^80921^
Pauline,Parker,,,2,Barney Parker,"14060 Gleneagle Dr
Colorado Springs, Colorado 80921",Property in good standing,6206201042,14060 Gleneagle Dr^^Colorado Springs^CO^80921^
Steven,Parker,Carol (spouse),land_surveyist@hotmail.com,1,,"115 Mission Hill Way
Colorado Springs, Colorado 80921",Property in good standing,6206201080,115 Mission Hills Way^^Colorado Springs^CO^80921^
Steve,Partlow,,separtlow@gmail.com,1,,"14025 Gleneagle Dr
Colorado Springs, Colorado 80921",Property in good standing,6206301221,14025 Gleneagle Dr^^Colorado Springs^CO^80921^
Candy,Partlow,,,2,Steve Partlow,"14025 Gleneagle Dr
Colorado Springs, Colorado 80921",Property in good standing,6206301221,14025 Gleneagle Dr^^Colorado Springs^CO^80921^
Robert Howard,Patterson,,rojopatt@comcast.net,1,,"345 Doral Way
Colorado Springs, Colorado 80921",Property in good standing,6206104014,345 Doral Way^^Colorado Springs^CO^80921^
Jolynn Nadine,Patterson,,,2,Robert Howard Patterson,"345 Doral Way
Colorado Springs, Colorado 80921",Property in good standing,6206104014,345 Doral Way^^Colorado Springs^CO^80921^
Sandra L.,Paul-Sheasley,,123sandylee@gmail.com,1,,"14640 Latrobe Dr
Colorado Springs, Colorado 80921",Property in good standing,6131406020,14640 Latrobe Dr^^Colorado Springs^CO^80921^
James E,Payne,,faithpayne66@gmail.com,1,,"365 Rangely Dr
Colorado Springs, Colorado 80921",Property in good standing,6131402016,365 Rangely Dr^^Colorado Springs^CO^80921^
Faith L,Payne,,,2,James E Payne,"365 Rangely Dr
Colorado Springs, Colorado 80921",Property in good standing,6131402016,365 Rangely Dr^^Colorado Springs^CO^80921^
Joseph,Pelizza,,pelizza40@gmail.com,1,,"260 Cherry Hills Way
Colorado Springs, Colorado 80921",Property in good standing,6131302036,260 Cherry Hills Way^^Colorado Springs^CO^80921^
Jill,Pellegrino,,pellyfarm@gmail.com,1,,"85 Doral Way
Colorado Springs, Colorado 80921",Property in good standing,6206205009,85 Doral Way^^Colorado Springs^CO^80921^
Tony,Pellegrino,,mapelly14@gmail.com,2,Jill Pellegrino,"85 Doral Way
Colorado Springs, Colorado 80921",Property in good standing,6206205009,85 Doral Way^^Colorado Springs^CO^80921^
Greg,Penney,,coppercoin3@yahoo.com,1,,"14945 Gleneagle Dr
Colorado Springs, Colorado 80921",Property in good standing,6131402013,14945 Gleneagle Dr^^Colorado Springs^CO^80921^
Gregory J.,Penney,,dolface4@gmail.com,1,,"14945 Gleneagle Dr
Colorado Springs, Colorado 80921",Property in good standing,6131402013,14945 Gleneagle Dr^^Colorado Springs^CO^80921^
Connie,Penney,,,2,Gregory J. Penney,"14945 Gleneagle Dr
Colorado Springs, Colorado 80921",Property in good standing,6131402013,14945 Gleneagle Dr^^Colorado Springs^CO^80921^
Omar,Perreira,,cperreira2013@gmail.com,1,,"458 Palm Springs Way
Colorado Springs, Colorado 80921",Property Dues Delinquent,6131402002,1018 Lone Buck Pass^^Cedar Park^TX^78613^
Claudia,Pierreira,,,2,Omar Perreira,"458 Palm Springs Way
Colorado Springs, Colorado 80921",Property Dues Delinquent,6131402002,PO Box 6194^^Goodyear^AZ^85338^
Evan,Petersen,,evan@evanpetersen.com,1,,"14065 Gleneagle Dr
Colorado Springs, Colorado 80921",Property in good standing,6206205004,14065 Gleneagle Drive^^Colorado Springs^CO^80921^
Jae Bealena,Jasper,,,2,Evan Petersen,"14065 Gleneagle Dr
Colorado Springs, Colorado 80921",Property in good standing,6206205004,14065 Gleneagle Drive^^Colorado Springs^CO^80921^
Charlotte,Peyton,,peyton105@yahoo.com,1,,"14475 Bermuda Dunes Way
Colorado Springs, Colorado 80921",Property in good standing,6206202004,14475 Bermuda Dunes Way^^Colorado Springs^CO^80921^
Howard L,Pflugh,lisapflugh@gmail.com,howard.pflugh@gmail.com,1,,"14825 Gleneagle Dr
Colorado Springs, Colorado 80921",Property in good standing,6131402031,14825 Gleneagle Dr^^Colorado Springs^CO^80921^
Lisa,Pflugh,,lisapflugh@gmail.com,2,Howard L Pflugh,"14825 Gleneagle Dr
Colorado Springs, Colorado 80921",Property in good standing,6131402031,
Howard,Pflugh,,,1,,,,,14825 Gleneagle Drive^^Colorado Springs^CO^80921^
Robert,Phelps,,rphelps1@att.net,1,,"14105 Candlewood Court
Colorado Springs, Colorado 80921",Property in good standing,6206104008,14105 Candlewood Court^^Colorado Springs^CO^80921^
Marion,Schwartz,,,2,Robert Phelps,"14105 Candlewood Court
Colorado Springs, Colorado 80921",Property in good standing,6206104008,14105 Candlewood Court^^Colorado Springs^CO^80921^
Valentina,Piedrahita,,vpiedrahitas@gmail.com,1,,"14510 Latrobe Dr
Colorado Springs, Colorado 80921",Property in good standing,6131406010,14510 Latrobe Drive^^Colorado Springs^CO^80921^
Jeff,Piggot,,jpiggot@gmail.com,1,,"14247 Gleneagle Dr
Colorado Springs, Colorado 80921",Property in good standing,6206104027,14247 Gleneagle dr^^Colorado Springs^CO^80921^
Barbara,Ping,,baping3@gmail.com,1,,"350 Doral Way
Colorado Springs, Colorado 80921",Property in good standing,6206104049,350 Doral Way^^Colorado Springs^CO^80921^
James,Planckaert,,james.planckaert@icloud.com,1,,"210 Mission Hill Way
Colorado Springs, Colorado 80921",Property in good standing,6206201104,210 Mission Hill Way^^Colorado Springs^CO^80921^
Brett,Plentl,,plentl@msn.com,1,,"14317 Spyglass Hill Pl
Colorado Springs, Colorado 80921",Property in good standing,6206201115,14317 Spyglass Hill Pl^^Colorado Springs^CO^80921^
Brigette,Plentl,,,2,Brett Plentl,"14317 Spyglass Hill Pl
Colorado Springs, Colorado 80921",Property in good standing,6206201115,14317 Spyglass Hill Pl^^Colorado Springs^CO^80921^
Sidney,Pollok,,jspollok@aol.com,1,,"905 Wuthering Heights Dr
Colorado Springs, Colorado 80921",Property in good standing,6131110054,905 Wuthering Heights Dr^^Colorado Springs^CO^80921^
Janice,Pollok,,,2,Sidney Pollok,"905 Wuthering Heights Dr
Colorado Springs, Colorado 80921",Property in good standing,6131110054,905 Wuthering Heights Dr^^Colorado Springs^CO^80921^
John,Poltenovage,,jfp6625@comcast.net,1,,"14130 Gleneagle Dr
Colorado Springs, Colorado 80921",Property in good standing,6206201069,14130 Gleneagle Dr^^Colorado Springs^CO^80921^
Christiane,Poltenovage,,,2,John Poltenovage,"14130 Gleneagle Dr
Colorado Springs, Colorado 80921",Property in good standing,6206201069,14130 Gleneagle Dr^^Colorado Springs^CO^80921^
Dan,Porreco,,porreco@comcast.net,1,,"855 Wuthering Heights Dr
Colorado Springs, Colorado 80921",Property Dues Delinquent,6131110058,855 Wuthering Heights Dr^^Colorado Springs^CO^80921^
Sophia,Porreco,,,2,Dan Porreco,"855 Wuthering Heights Dr
Colorado Springs, Colorado 80921",Property Dues Delinquent,6131110058,855 Wuthering Heights Dr^^Colorado Springs^CO^80921^
Nina,Porter,,,2,Good Home Renovation LLC,"14247 Gleneagle Dr
Colorado Springs, Colorado 80921",Property in good standing,6206104027,14247 Gleneagle Dr^^Colorado Springs^CO^80921^
Kathleen,Potter,,katherlance@gmail.com,1,,"565 Rangely Dr
Colorado Springs, Colorado 80921",Property in good standing,6131402021,565 Rangely Dr^^Colorado Springs^CO^80921^
Lance,Potter,,,1,,"565 Rangely Dr
Colorado Springs, Colorado 80921",Property in good standing,6131402021,565 Rangely Dr^^Colorado Springs^CO^80921^
Dave,Powell,,dppowell1@mindspring.com,1,,"350 Cherry Hills Way
Colorado Springs, Colorado 80921",Property Dues Delinquent,6131404014,350 Cherry Hills Way^^Colorado Springs^CO^80921^
Patty,Powell,,,2,Dave Powell,"350 Cherry Hills Way
Colorado Springs, Colorado 80921",Property Dues Delinquent,6131404014,350 Cherry Hills Way^^Colorado Springs^CO^80921^
Joan,Powell,,jpr1r2@msn.com,1,,"14075 Gleneagle Dr
Colorado Springs, Colorado 80921",Property in good standing,6206205003,14075 Gleneagle Dr^^Colorado Springs^CO^80921^
Richard,Powell,,,2,Joan Powell,"14075 Gleneagle Dr
Colorado Springs, Colorado 80921",Property in good standing,6206205003,14075 Gleneagle Dr	^^Colorado Springs^CO^80921^
GCA,President,,president@gleneaglehoa.org,1,,,,,
John,Puffenbarger,,jepuff78@aol.com,1,,"14695 Latrobe Dr
Colorado Springs, Colorado 80921",Property in good standing,6131402044,9913 South Park Circle^^Fairfax Station^VA^22039^
Diana,Puffenbarger,,ddpuff81@gmail.com,2,John Puffenbarger,"14695 Latrobe Dr
Colorado Springs, Colorado 80921",Property in good standing,6131402044,9913 South Park Circle^^Fairfax Station^VA^22039^
Steve,Rabey,,steverabey@gmail.com,1,,"355 Doral Way
Colorado Springs, Colorado 80921",Property in good standing,6206104013,355 Doral Way^^Colorado Springs^CO^80921^
Lois,Rabey,,loisrabey@gmail.com,2,Steve Rabey,"355 Doral Way
Colorado Springs, Colorado 80921",Property in good standing,6206104013,355 Doral Way^^Colorado Springs^CO^80921^
Mark,Rader,,markwrader74@gmail.com,1,,"15070 Fishers Lane
Colorado Springs, Colorado 80921",Property in good standing,6131401013,15070 Fishers Lane^^Colorado Springs^CO^80921^
Donna,Rader,,,2,Mark Rader,"15070 Fishers Lane
Colorado Springs, Colorado 80921",Property in good standing,6131401013,15070 Fishers Lane^^Colorado Springs^CO^80921^
Bruce,Randall,,bruce.a.randall@gmail.com,1,,"14140 Gleneagle Dr
Colorado Springs, Colorado 80921",Property in good standing,6206201070,14140 Gleneagle Drive^^Colorado Springs^CO^80921^
Uncle,Moose,BAR-None Software Solutions,barandall7960@yahoo.com,2,Bruce Randall,"14140 Gleneagle Dr
Colorado Springs, Colorado 80921",Property in good standing,6206201070,14140 Gleneagle Drive^^Colorado Springs^CO^80921^
Shawna,Randall,,shawna_randall@hotmail.com,2,Bruce Randall,"14140 Gleneagle Dr
Colorado Springs, Colorado 80921",Property in good standing,6206201070,14140 Gleneagle Drive^^Colorado Springs^CO^80921^
Nathan,Randall,,nathan.randall@msn.com,1,,"14195 Westchester Dr
Colorado Springs, Colorado 80921",Property in good standing,6206201031,14195 Westchester Dr^^Colorado Springs^CO^80921^
Paula,Randall,,,2,Nathan Randall,"14195 Westchester Dr
Colorado Springs, Colorado 80921",Property in good standing,6206201031,14195 Westchester Dr^^Colorado Springs^CO^80921^
Christopher,Ratcliff,,,1,,"13915 Westchester Dr
Colorado Springs, Colorado 80921",Property in good standing,6206301004,13915 Westchester Dr^^Colorado Springs^CO^80921^
Christopher,Ratcliff,,cd_ratcliff@hotmail.com,1,,"13915 Westchester Dr
Colorado Springs, Colorado 80921",Property in good standing,6206301004,4917 Vega Court E^^Fort Worth^TX^76133^
Nicholas,Rawe,,slaterglass@yahoo.com,1,,"255 Wuthering Heights Dr
Colorado Springs, Colorado 80921",Property in good standing,6131209003,255 Wuthering Heights Dr^^Colorado Springs^CO^80921^
Ann,Reagan,,reaganab@q.com,1,,"14450 Westchester Dr
Colorado Springs, Colorado 80921",Property in good standing,6206202005,14450 Westchester Dr^^Colorado Springs^CO^80921^
Debbie,Redmond,,naured25@comcast.net,1,,"14460 River Oaks Dr
Colorado Springs, Colorado 80921",Property in good standing,6206201016,14560 River Oaks Drive^^Colorado Springs^CO^80921^
Joshua,Reed,,jreed1701@gmail.com,1,,"205 Desert Inn Way
Colorado Springs, Colorado 80921",Property in good standing,6131309002,205 Desert Inn Way^^Colorado Springs^CO^80921^
Akele,Reed,,,2,Joshua Reed,"205 Desert Inn Way
Colorado Springs, Colorado 80921",Property in good standing,6131309002,205 Desert Inn Way^^Colorado Springs^CO^80921^
Zackery,Reeser,,,1,,"265 Doral Way
Colorado Springs, Colorado 80921",Property in good standing,6206205018,265 Doral Way^^Colorado Springs^CO^80921^
Susan,Craig,,,2,Zackery Reeser,"265 Doral Way
Colorado Springs, Colorado 80921",Property in good standing,6206205018,265 Doral Way^^Colorado Springs^CO^80921^
Zackery,Reeser,,zlreeser@gmail.com,1,,"265 Doral Way
Colorado Springs, Colorado 80921",Property in good standing,6206205018,265 Doral Way^^Colorado Springs^CO^80921^
Jon,Reisinger,,reisinger.jon@gmail.com,1,,"360 Wuthering Heights Dr
Colorado Springs, Colorado 80921",Property in good standing,6131106022,360 Wuthering Heights Dr^^Colorado Springs^CO^80921^
Steven William,Rempelos,,steve@starsports.biz,1,,"14185 Candlewood Court
Colorado Springs, Colorado 80921",Property in good standing,6206104002,14185 Candlewood Court^^Colorado Springs^CO^80921^
Chris,Renn,,christian@affinity-cg.com,1,,"225 Doral Way
Colorado Springs, Colorado 80921",Property Dues Delinquent,6206205015,225 Doral Way^^Colorado Springs^CO^80921^
Anna-Lisa,Renn,,annalisa.renn@gmail.com,2,Chris Renn,"225 Doral Way
Colorado Springs, Colorado 80921",Property Dues Delinquent,6206205015,225 Doral Way^^Colorado Springs^CO^80921^
Robert L,Renner,,,1,,"14345 Spyglass Hill Pl
Colorado Springs, Colorado 80921",Property in good standing,6206201117,14345 Spyglass Hill Pl^^Colorado Springs^CO^80921^
Marie,Renner,,rmrenner@yahoo.com,2,Robert L Renner,"14345 Spyglass Hill Pl
Colorado Springs, Colorado 80921",Property in good standing,6206201117,14345 Spyglass Hill Pl^^Colorado Springs^CO^80921^
Nathaniel,Reveley,,nareveley@gmail.com,1,,"850 Wuthering Heights Dr
Colorado Springs, Colorado 80921",Property in good standing,6131103061,850 Wuthering Heights Drive^^Colorado Springs^CO^80921^
Jennifer,Revello,,,1,,"15240 Renoir Place
Colorado Springs, Colorado 80921",Property in good standing,6131101102,15240 Renoir Place^^Colorado Springs^CO^80921^
Gary,Reynolds,,pmrcolo@hotmail.com,1,,"160 Desert Inn Way
Colorado Springs, Colorado 80921",Property in good standing,6131307006,160 Desert Inn Way^^Colorado Springs^CO^80921^
Randy,Reynolds,,rakanich@hotmail.com,1,,"130 Desert Inn Way
Colorado Springs, Colorado 80921",Property in good standing,6131307019,130 Desert Inn Way^^Colorado Springs^CO^80921^
Karin,Reynolds,,,2,Randy Reynolds,"130 Desert Inn Way
Colorado Springs, Colorado 80921",Property in good standing,6131307019,130 Desert Inn Way^^Colorado Springs^CO^80921^
Jeff,Rhoda,,jmrhoda@comcast.net,1,,"65 Rangely Dr
Colorado Springs, Colorado 80921",Property in good standing,6131402016,65 Rangely Dr^^Colorado Springs^CO^80921^
Melody,Rhoda,,,2,Jeff Rhoda,"65 Rangely Dr
Colorado Springs, Colorado 80921",Property in good standing,6131402016,65 Rangely Dr^^Colorado Springs^CO^80921^
Brian,Rice,,riceonthird@gmail.com,1,,"125 Doral Way
Colorado Springs, Colorado 80921",Property in good standing,6206205011,125 Doral Way^^Colorado Springs^CO^80921^
Karen,Rice,,,2,Brian Rice,"125 Doral Way
Colorado Springs, Colorado 80921",Property in good standing,6206205011,125 Doral Way^^Colorado Springs^CO^80921^
Christopher,Richard,,carichard77@gmail.com,1,,"15245 Renoir Place
Colorado Springs, Colorado 80921",Property in good standing,6131101075,15245 Renoir Place^^Colorado Springs^CO^80921^
Caroline,Richard,,,2,Christopher Richard,"15245 Renoir Place
Colorado Springs, Colorado 80921",Property in good standing,6131101075,15245 Renoir Place^^Colorado Springs^CO^80921^
Aracely,Richardson,,ajaquez01@gmail.com,1,,"15215 Diamondhead Court
Colorado Springs, Colorado 80921",Property in good standing,6131110051,15215 Diamondhead Ct^^Colorado Springs^CO^80921^
Jacob,Riddle,,capitalconstructioncorp08@gmail.com,1,,"14455 Gleneagle Dr
Colorado Springs, Colorado 80921",Property in good standing,6206101004,14455 Gleneagle Drive^^Colorado Springs^CO^80921^
Jacob,Riddle,,,3,Jacob Riddle,"14455 Gleneagle Dr
Colorado Springs, Colorado 80921",Property in good standing,6206101004,14455 Gleneagle Dr^^Colorado Springs^CO^80921^
Randall,Rietcheck,,,1,,"260 Palm Springs Dr
Colorado Springs, Colorado 80921",Property in good standing,6131301036,260 Palm Springs Dr^^Colorado Springs^CO^80921^
Peggy,Riggen,,prriggen@gmail.com,1,,"520 Rangely Dr
Colorado Springs, Colorado 80921",Property in good standing,6131401003,520 Rangely Dr^^Colorado Springs^CO^80921^
Andrea R,Riley,,ririleyt@yahoo.com,1,,"14490 Westchester Dr
Colorado Springs, Colorado 80921",Property in good standing,6131304016,14490 Westchester Dr^^Colorado Springs^CO^80921^
Richard,Riley,,,2,Andrea R Riley,"14490 Westchester Dr
Colorado Springs, Colorado 80921",Property in good standing,6131304016,14490 Westchester Dr^^Colorado Springs^CO^80921^
Andrea,Riley,,andrea.mcelhoes@gmail.com,1,,"14490 Westchester Dr
Colorado Springs, Colorado 80921",Property in good standing,6131304016,5610 Molly Ct^^Colorado Springs^CO^80908^
Eric,Robbins,,eric_robbins76@hotmail.com,1,,"14545 Gleneagle Dr
Colorado Springs, Colorado 80921",Property Dues Delinquent,6131406008,14545 Gleneagle Dr^^Colorado Springs^CO^80921^
Scott,Robb,,scott_robb@hotmail.com,1,,"13930 Westchester Dr
Colorado Springs, Colorado 80921",Property in good standing,6206301007,13930 Westchester Dr^^Colorado Springs^CO^80921^
Maria Leticia,Robel,,malet.g.robel@gmail.com,1,,"345 Cherry Hills Way
Colorado Springs, Colorado 80921",Property in good standing,6131407001,345 Cherry Hills Way^^Colorado Springs^CO^80921^
Kevin,Roberts,,kourteach@gmail.com,1,,"155 Rangely Dr
Colorado Springs, Colorado 80921",Property Dues Delinquent,6131301027,155 Rangely Dr^^Colorado Springs^CO^80921^
Kourtnie,Roberts,,,2,Kevin Roberts,"155 Rangely Dr
Colorado Springs, Colorado 80921",Property Dues Delinquent,6131301027,155 Rangely Dr^^Colorado Springs^CO^80921^
Patricia,Roberts,,pat.roberts33@yahoo.com,1,,"14505 Latrobe Dr
Colorado Springs, Colorado 80921",Property in good standing,6206101007,14505 Latrobe Dr^^Colorado Springs^CO^80921^
Aaron,Roberts,,aarroberts@yahoo.com,2,Patricia Roberts,"14505 Latrobe Dr
Colorado Springs, Colorado 80921",Property in good standing,6206101007,14505 Latrobe Drive^^Colorado Springs^CO^80921^
Arron,Roberts,,comtnbound@comcast.net,2,Patricia Roberts,"14505 Latrobe Dr
Colorado Springs, Colorado 80921",Property in good standing,6206101007,14505 Latrobe Dr^^Colorado Springs^CO^80921^
Hans,Robinson,,hansandlisarobinson@yahoo.com,1,,"155 Palm Springs Dr
Colorado Springs, Colorado 80921",Property in good standing,6131302007,155 Palm Springs Dr^^Colorado Springs^CO^80921^
Lisa,Robinson,,,2,Hans Robinson,"155 Palm Springs Dr
Colorado Springs, Colorado 80921",Property in good standing,6131302007,155 Palm Springs Dr^^Colorado Springs^CO^80921^
James,Robinson,,kelley@peakbackup.com,1,,"345 Palm Springs Dr
Colorado Springs, Colorado 80921",Property in good standing,6131404004,345 Palm Springs Dr^^Colorado Springs^CO^80921^
Russ,Robinson,,russanna@q.com,1,,"14565 River Oaks Dr
Colorado Springs, Colorado 80921",Property in good standing,6131306014,14565 River Oaks Dr^^Colorado Springs^CO^80921^
Ute,Robinson,,,2,Russ Robinson,"14565 River Oaks Dr
Colorado Springs, Colorado 80921",Property in good standing,6131306014,14565 River Oaks Dr^^Colorado Springs^CO^80921^
Dennis,Roesler,,droesler@comcast.net,1,,"465 Palm Springs Way
Colorado Springs, Colorado 80921",Property in good standing,6131402027,465 Palm Springs Way^^Colorado Springs^CO^80921^
Jevita Ruchira,Rogers,,jevita22@yahoo.com,1,,"14540 Westchester Dr
Colorado Springs, Colorado 80921",Property in good standing,6131304011,14540 Westchester Dr^^Colorado Springs^CO^80921^
Marc Alan,Rogers,,,2,Jevita Ruchira Rogers,"14540 Westchester Dr
Colorado Springs, Colorado 80921",Property in good standing,6131304011,14540 Westchester Dr^^Colorado Springs^CO^80921^
Richard (Rick),Rogers,Megan,megan.rgrs@gmail.com,1,,"610 Rembrandt Court
Colorado Springs, Colorado 80921",Property in good standing,6131103087,610 Rembrandt Court^^Colorado Springs^CO^80921^
Thomas,Rogers,,thomrogers71@gmail.com,1,,"14148 Stone Eagle Place
Colorado Springs, Colorado 80921",Property in good standing,6206201126,14148 STONE EAGLE PL^^Colorado Springs^CO^80921^
Randy,Roozeboom,,randy450@comcast.net,1,,"450 Cherry Hills Way
Colorado Springs, Colorado 80921",Property in good standing,6131405009,450 Cherry Hills Way^^Colorado Springs^CO^80921^
Michael,Rosas,,mainrosas@icloud.com,1,,"14575 Latrobe Dr
Colorado Springs, Colorado 80921",Property in good standing,6131402063,14575 Latrobe Dr^^Colorado Springs^CO^80921^
Barbara,Rosas,,,2,Michael Rosas,"14575 Latrobe Dr
Colorado Springs, Colorado 80921",Property in good standing,6131402063,14575 Latrobe Dr^^Colorado Springs^CO^80921^
Christopher,Ross,,lieslross1985@yahoo.com,1,,"715 Wuthering Heights Dr
Colorado Springs, Colorado 80921",Property in good standing,6131101068,715 Wuthering Heights Dr^^Colorado Springs^CO^80921^
Meredith,Ross,,,2,Christopher Ross,"715 Wuthering Heights Dr
Colorado Springs, Colorado 80921",Property in good standing,6131101068,715 Wuthering Heights Dr^^Colorado Springs^CO^80921^
Dave,Ross,,dd0611@comcast.com,1,,"14925 Gleneagle Dr
Colorado Springs, Colorado 80921",Property in good standing,6131402012,14925 Gleneagle Dr^^Colorado Springs^CO^80921^
Linda,Ross,,,2,Dave Ross,"14925 Gleneagle Dr
Colorado Springs, Colorado 80921",Property in good standing,6131402012,14925 Gleneagle Dr^^Colorado Springs^CO^80921^
John,Rosser,,,1,,,,,2896 Kalmia Ave^Apt 204^Boulder^CO^80301^
Anneliese,Ganzel,,,3,John Rosser,,,,250 Wuthering Heights Dr^^Colorado Springs^CO^80921^
William,Ross,,willross53@gmail.com,1,,"14750 Latrobe Court
Colorado Springs, Colorado 80921",Property in good standing,6131402034,14750 Latrobe Ct^^Colorado Springs^CO^80921^
Jaque,Ross,,,2,William Ross,"14750 Latrobe Court
Colorado Springs, Colorado 80921",Property in good standing,6131402034,14750 Latrobe Ct^^Colorado Springs^CO^80921^
Stephanie,Rouire,,,1,,"345 Rangely Dr
Colorado Springs, Colorado 80921",Property in good standing,6131402015,345 Rangely Dr^^Colorado Springs^CO^80921^
Stephanie,Rouire,,weisburg2000@yahoo.com,1,,"345 Rangely Dr
Colorado Springs, Colorado 80921",Property in good standing,6131402015,345 Rangely Dr^^Colorado Springs^CO^80921^
Dawn M.,Rowe,,kbrowe56@icloud.com,1,,"160 Rangely Dr
Colorado Springs, Colorado 80921",Property Dues Delinquent,6131309019,160 Rangely Dr^^Colorado Springs^CO^80921^
Kent,Rowe,,,2,Dawn M. Rowe,"160 Rangely Dr
Colorado Springs, Colorado 80921",Property Dues Delinquent,6131309019,160 Rangely Dr^^Colorado Springs^CO^80921^
Todd,Rowe,,,1,,"445 Rangely Dr
Colorado Springs, Colorado 80921",Property in good standing,6131402018,445 Rangely Drive^^Colorado Springs^CO^80921^
Todd,Rowe,,,1,,,,,445 Rangely Drive^^Colorado Springs^CO^80921^
Kimberly,Rowe,,roweinthesprings@live.com,2,Todd Rowe,,,,445 Rangely Drive^^Colorado Springs^CO^80921^
Thomas,Rowley,,majortomgc031@outlook.com,1,,"925 Wuthering Heights Dr
Colorado Springs, Colorado 80921",Property in good standing,6131110052,925 Wuthering Heights Drive^^Colorado Springs^CO^80921^
Holly,Rupprecht,,hrupprecht81@gmail.com,1,,"415 Wuthering Heights Dr
Colorado Springs, Colorado 80921",Property in good standing,6131104006,415 Wuthering Heights Drive^^Colorado Springs^CO^80921^
Holly,Rupprecht,,h.crownhart@yahoo.com,1,,"415 Wuthering Heights Dr
Colorado Springs, Colorado 80921",Property in good standing,6131104006,415 Wuthering Heights Drive^^Colorado Springs^CO^80921^
Shaun,Rush,,heatherrush2007@gmail.com,1,,"205 Rangely Dr
Colorado Springs, Colorado 80921",Property in good standing,6131301029,205 Rangely Dr^^Colorado Springs^CO^80921^
Heather,Rush,,,2,Shaun Rush,"205 Rangely Dr
Colorado Springs, Colorado 80921",Property in good standing,6131301029,205 Rangely Dr^^Colorado Springs^CO^80921^
Amy,Rydland,,amyryd@mac.com,1,,"14430 Bermuda Dunes Way
Colorado Springs, Colorado 80921",Property in good standing,6206203004,14430 Bermuda Dunes Way^^Colorado Springs^CO^80921^
Audrey,Sargent,,audreycsargent@gmail.com,1,,"485 Palm Springs Way
Colorado Springs, Colorado 80921",Property in good standing,6131402025,485 Palm Springs Way^^Colorado Springs^CO^80921^
Mark,Sargent,,,2,Audrey Sargent,"485 Palm Springs Way
Colorado Springs, Colorado 80921",Property in good standing,6131402025,485 Palm Springs Way^^Colorado Springs^CO^80921^
Mark,Sargent,,mark@markasargent.com,1,,"485 Palm Springs Way
Colorado Springs, Colorado 80921",Property in good standing,6131402025,485 Palm Springs Way^^Colorado Springs^CO^80921^
Scott,Saunders,,vscottsaunders@comcast.net,1,,"14715 Gleneagle Dr
Colorado Springs, Colorado 80921",Property in good standing,6131405006,14715 Gleneagle Dr^^Colorado Springs^CO^80921^
Kerry,Saunders,,,2,Scott Saunders,"14715 Gleneagle Dr
Colorado Springs, Colorado 80921",Property in good standing,6131405006,14715 Gleneagle Dr^^Colorado Springs^CO^80921^
David,Savage,,,1,,"630 Rembrandt Court
Colorado Springs, Colorado 80921",Property in good standing,6131103089,630 Rembrandt Court^^Colorado Springs^CO^80921^
David,Savage,,westslope360@gmail.com,1,,"630 Rembrandt Court
Colorado Springs, Colorado 80921",Property in good standing,6131103089,630 Rembrandt Ct^^Colorado Springs^CO^80921^
David,Savage,,savagechiro@yahoo.com,1,,"630 Rembrandt Court
Colorado Springs, Colorado 80921",Property in good standing,6131103089,630 Rembrandt Ct^^Colorado Springs^CO^80921^
Mark H.,Schaible,,,1,,"955 Wuthering Heights Dr
Colorado Springs, Colorado 80921",Property in good standing,6131106018,"27 GROUSE RUN PELHAM NH, 03076^^Pelham^NH^03076^"
Mark H.,Schaible,,,1,,"15 Desert Inn Way
Colorado Springs, Colorado 80921",Property in good standing,6131309009,"27 GROUSE RUN PELHAM NH, 03076^^Pelham^NH^03076^"
Lauren,Scharff,,laurenscharff@gmail.com,1,,"120 Rangely Dr
Colorado Springs, Colorado 80921",Property in good standing,6131309017,120 Rangely Dr^^Colorado Springs^CO^80921^
Michael,Schaub,,battle1283@aol.com,1,,"15170 Thornbird Ct
Colorado Springs, Colorado 80921",Property in good standing,6131206084,15170 Thornbird Ct^^Colorado Springs^CO^80921^
Amy,Schaub,,pooh211@aol.com,2,Michael Schaub,"15170 Thornbird Ct
Colorado Springs, Colorado 80921",Property in good standing,6131206084,15170 Thornbird Ct^^Colorado Springs^CO^80921^
David,Schichtle,,schichtledsr@aol.com,1,,"215 Mission Hill Way
Colorado Springs, Colorado 80921",Property in good standing,6206201075,215 Mission Hill Way^^Colorado Springs^CO^80921^
Wendy,Schichtle,,,2,David Schichtle,"215 Mission Hill Way
Colorado Springs, Colorado 80921",Property in good standing,6206201075,215 Mission Hill Way^^Colorado Springs^CO^80921^
Kathy,Schierholz,,schierholzk@gmail.com,1,,"270 Doral Way
Colorado Springs, Colorado 80921",Property in good standing,6206206001,270 Doral Way^^Colorado Springs^CO^80921^
James,Schloss,,jschloss29@gmail.com,1,,"145 Doral Way
Colorado Springs, Colorado 80921",Property in good standing,6206205013,145 Doral Way^^Colorado Springs^CO^80921^
Elizabeth,Schloss,,,2,James Schloss,"145 Doral Way
Colorado Springs, Colorado 80921",Property in good standing,6206205013,145 Doral Way^^COLORADO SPRINGS^CO^80921^
Gary,Schmid,,schmgm23@msn.com,1,,"14180 Westchester Dr
Colorado Springs, Colorado 80921",Property in good standing,6206204009,14180 Westchester Dr^^Colorado Springs^CO^80921^
Trudy,Schmid,,,2,Gary Schmid,"14180 Westchester Dr
Colorado Springs, Colorado 80921",Property in good standing,6206204009,14180 Westchester Dr^^Colorado Springs^CO^80921^
Jennifer,Schmidt,,jensch@yahoo.com,1,,"15042 LaJolla Place
Colorado Springs, Colorado 80921",Property in good standing,,15042 LaJolla Place^^Colorado Springs^CO^80921^
Lisa,Schmitz,,lms.ihm@pm.me,1,,"185 Mission Hill Way
Colorado Springs, Colorado 80921",Property in good standing,6206201076,185 Mission Hill Way^^Colorado Springs^CO^80921^
Tony,Schmitz,,tonymschmitz@gmail.com,2,Lisa Schmitz,"185 Mission Hill Way
Colorado Springs, Colorado 80921",Property in good standing,6206201076,185 Mission Hills Way^^Colorado Springs^CO^80921^
Gary,Schneider,,kathy49schneider@gmail.com,1,,"160 Wuthering Heights Dr
Colorado Springs, Colorado 80921",Property in good standing,6131206072,160 Wuthering Heights Dr^^Colorado Springs^CO^80921^
Kathleen,Schneider,,,2,Gary Schneider,"160 Wuthering Heights Dr
Colorado Springs, Colorado 80921",Property in good standing,6131206072,160 Wuthering Heights Dr^^Colorado Springs^CO^80921^
Jennica,Schofield,,jennica.schofield@gmail.com,1,,"14185 Candlewood Court
Colorado Springs, Colorado 80921",Property in good standing,6206104002,14185 Candlewood Ct.^^Colorado Springs^CO^80921^
James,Schrock,,,1,,"14184 Stone Eagle Place
Colorado Springs, Colorado 80921",Property in good standing,6206201129,14184 Stone Eagle Place^^Colorado Springs^CO^80921^
Margaret,Schrock,,,2,James Schrock,"14184 Stone Eagle Place
Colorado Springs, Colorado 80921",Property in good standing,6206201129,14184 Stone Eagle Place^^Colorado Springs^CO^80921^
Jack,Schuler,,jackandkathi@gmail.com,1,,"220 Palm Springs Dr
Colorado Springs, Colorado 80921",Property in good standing,6131301035,220 Palm Springs Dr^^Colorado Springs^CO^80921^
Kathi,Schuler,,,2,Jack Schuler,"220 Palm Springs Dr
Colorado Springs, Colorado 80921",Property in good standing,6131301035,220 Palm Springs Dr^^Colorado Springs^CO^80921^
Brian,Schumann,,dogaxl@hotmail.com,1,,"150 Wuthering Heights Dr
Colorado Springs, Colorado 80921",Property in good standing,6131206071,150 Wuthering Heights Dr^^Colorado Springs^CO^80921^
Kathryn,Schumann,,,2,Brian Schumann,"150 Wuthering Heights Dr
Colorado Springs, Colorado 80921",Property in good standing,6131206071,150 Wuthering Heights Dr^^Colorado Springs^CO^80921^
Kevin,Schutz,,kevinwell@comcast.net,1,,"190 Huntington Beach Dr
Colorado Springs, Colorado 80921",Property in good standing,6206201060,190 Huntington Beach Dr^^Colorado Springs^CO^80921^
Mary,Schutz,,,2,Kevin Schutz,"190 Huntington Beach Dr
Colorado Springs, Colorado 80921",Property in good standing,6206201060,190 Huntington Beach Dr^^Colorado Springs^CO^80921^
Brian,Scott,,brianscott1856@comcast.net,1,,"925 Wuthering Heights Dr
Colorado Springs, Colorado 80921",Property in good standing,6131110052,925 Wuthering Heights Dr^^Colorado Springs^CO^80921^
Kristin,Scott,,scottkristin87@yahoo.com,1,,"910 Wuthering Heights Dr
Colorado Springs, Colorado 80921",Property in good standing,6131103065,910 Wuthering Heights Dr^^Colorado Springs^CO^80921^
Kelly,Scriber,,kscriber74@gmail.com,1,,"245 Palm Springs Dr
Colorado Springs, Colorado 80921",Property in good standing,6131302003,245 Palm Springs Dr^^Colorado Springs^CO^80921^
Kenneth,Scriber,,,2,Kelly Scriber,"245 Palm Springs Dr
Colorado Springs, Colorado 80921",Property in good standing,6131302003,245 Palm Springs Dr^^Colorado Springs^CO^80921^
Todd,Seidenberg,,todd.seidenberg@gmail.com,1,,"745 Wuthering Heights Dr
Colorado Springs, Colorado 80921",Property in good standing,6131101071,745 Wuthering Heights Dr^^Colorado Springs^CO^80921^
Christopher & Jessica,Selby,Shanna,jessi.jamerson@gmail.com,1,,"680 Rembrandt Court
Colorado Springs, Colorado 80921",Property in good standing,6131103094,680 Rembrandt Ct^^Colorado Springs^CO^80921^
Larry,Selman,,lselman@centurylink.net,1,,"105 Huntington Beach Dr
Colorado Springs, Colorado 80921",Property in good standing,6206201066,105 Huntington Beach Dr^^Colorado Springs^CO^80921^
margaret,senanayake,,greenpeg2021@gmail.com,1,,"14155 Gleneagle Dr
Colorado Springs, Colorado 80921",Property in good standing,6206206007,14155 Gleneagle dr^^Colorado Springs^CO^80921^
Eric,Seremet,,epseremet@yahoo.com,1,,"14465 Westchester Dr
Colorado Springs, Colorado 80921",Property in good standing,6206201019,14465 Westchester Dr^^Colorado Springs^CO^80921^
Walter,Sexauer,,friendofbees@protonmail.com,1,,"585 Rangely Dr
Colorado Springs, Colorado 80921",Property in good standing,6131402022,585 Rangely Dr^^Colorado Springs^CO^80921^
Jane,Sexauer,,,2,Walter Sexauer,"585 Rangely Dr
Colorado Springs, Colorado 80921",Property in good standing,6131402022,585 Rangely Dr^^Colorado Springs^CO^80921^
Terry,Shampoe,,shampoe@yahoo.com,1,,"175 Palm Springs Dr
Colorado Springs, Colorado 80921",Property in good standing,6131302006,175 Palm Springs Dr^^Colorado Springs^CO^80921^
Aileen,Ellis,,,2,Terry Shampoe,"175 Palm Springs Dr
Colorado Springs, Colorado 80921",Property in good standing,6131302006,175 Palm Springs Dr^^Colorado Springs^CO^80921^
Benjamin,Shanks,,helpmeshipit@gmail.com,1,,"150 Pauma Valley Dr
Colorado Springs, Colorado 80921",Property in good standing,6131302020,150 Pauma Valley Dr^^Colorado Springs^CO^80921^
Rachel,Shanks,,,2,Benjamin Shanks,"150 Pauma Valley Dr
Colorado Springs, Colorado 80921",Property in good standing,6131302020,
Jeffrey,Sharpe,,jeff.sharpe1@gmail.com,1,,"14285 Westchester Dr
Colorado Springs, Colorado 80921",Property in good standing,6206201099,14285 Westchester Dr^^Colorado Springs^CO^80921^
Barbara,Liddick,,,2,Jeffrey Sharpe,"14285 Westchester Dr
Colorado Springs, Colorado 80921",Property in good standing,6206201099,14285 Westchester Dr^^Colorado Springs^CO^80921^
Joel,Sharratt,,tjsharratt@gmail.com,1,,"475 Wuthering Heights Dr
Colorado Springs, Colorado 80921",Property in good standing,6131104003,735 Brittany Lane^^Saint Louis^MO^63130^
Gary,Sheffield,,thegkjbsheffs@gmail.com,1,,"14615 Latrobe Dr
Colorado Springs, Colorado 80921",Property in good standing,6131402048,14615 Latrobe Dr^^Colorado Springs^CO^80921^
Mimi,Shekoski,,mimi.shekoski@comcast.net,1,,"14160 Stone Eagle Place
Colorado Springs, Colorado 80921",Property in good standing,6206201127,14160 Stone Eagle Place^^Colorado Springs^CO^80921^
Peggy,Sherick,,alsherick@live.com,1,,"14550 River Oaks Dr
Colorado Springs, Colorado 80921",Property in good standing,6131303064,14550 River Oaks Dr^^Colorado Springs^CO^80921^
Al,Sherick,,,2,Peggy Sherick,"14550 River Oaks Dr
Colorado Springs, Colorado 80921",Property in good standing,6131303064,14550 River Oaks Dr^^Colorado Springs^CO^80921^
Peggy,Sherick,,pegansherick@gmail.com,1,,"14550 River Oaks Dr
Colorado Springs, Colorado 80921",Property in good standing,6131303064,14550 River Oaks Dr^^Colorado Springs^CO^80922^
Todd,Sherman,,tandgsherman@msn.com,1,,"615 Wuthering Heights Dr
Colorado Springs, Colorado 80921",Property in good standing,6131101062,615 Wuthering Heights Dr^^Colorado Springs^CO^80921^
Gretchen,Sherman,,,2,Todd Sherman,"615 Wuthering Heights Dr
Colorado Springs, Colorado 80921",Property in good standing,6131101062,615 Wuthering Heights Dr^^Colorado Springs^CO^80921^
Cristen,Shinbashi,,cshinbashi@stanford.edu,1,,"375 Mission Hill Way
Colorado Springs, Colorado 80921",Property in good standing,6206103059,375 Mission Hill Way^^Colorado Springs^CO^80921^
James,Shinbashi,,,2,Cristen Shinbashi,"375 Mission Hill Way
Colorado Springs, Colorado 80921",Property in good standing,6206103059,375 Mission Hill Way^^Colorado Springs^CO^80921^
Rebecca,Shwen,,,1,,"14735 Gleneagle Dr
Colorado Springs, Colorado 80921",Property in good standing,6131405004,14735 Gleneagle Drive^^Colorado Springs^CO^80921^
Kevin,Siegrist,,k.siegrist.02@gmail.com,1,,"910 Wuthering Heights Dr
Colorado Springs, Colorado 80921",Property in good standing,6131103065,910 Wuthering Heights Dr^^Colorado Springs^CO^80921^
Lambert,Sikkema,,pauldsikkema@gmail.com,1,,"14120 Candlewood Court
Colorado Springs, Colorado 80921",Property in good standing,6206104032,14120 Candlewood Ct^^Colorado Springs^CO^80921^
Elisabeth,Sikkema,BTD Enterprise,triviandickard@yahoo.com,2,Lambert Sikkema,"14120 Candlewood Court
Colorado Springs, Colorado 80921",Property in good standing,6206104032,14120 Candlewood Ct^^COLORADO SPRINGS^CO^80921^
Ingrid,Silva,,ingrideileensilva@gmail.com,1,,"230 Scottsdale Dr
Colorado Springs, Colorado 80921",Property in good standing,6206203007,230 Scottsdale Dr^^Colorado Springs^CO^80921^
Will,Griffith,,,2,Ingrid Silva,"230 Scottsdale Dr
Colorado Springs, Colorado 80921",Property in good standing,6206203007,230 Scottsdale Dr^^Colorado Springs^CO^80921^
Don,Simpson,,d_k_simpson@msn.com,1,,"430 Cherry Hills Way
Colorado Springs, Colorado 80921",Property in good standing,6131405008,430 Cherry Hills Way^^Colorado Springs^CO^80921^
Kenie,Simpson,,,2,Don Simpson,"430 Cherry Hills Way
Colorado Springs, Colorado 80921",Property in good standing,6131405008,430 Cherry Hills Way^^Colorado Springs^CO^80921^
Jerome,Simpson,,jsimpson@asd20.org,1,,,,,350 Pauma Valley Dr^^Colorado Springs^CO^80921^
Dorothy,Simpson,,,2,Jerome Simpson,,,,350 Pauma Valley Dr^^Colorado Springs^CO^80921^
Jerome,Simpson,,jeromevangogh@gmail.com,1,,"350 Pauma Valley Dr
Colorado Springs, Colorado 80921",Property in good standing,6131302028,350 Pauma Valley Dr.^^Colorado Springs^CO^80921^
Tom L,Simpson,,redfeather327@gmail.com,1,,"14320 Westchester Dr
Colorado Springs, Colorado 80921",Property in good standing,6206204004,14320 Westchester Dr^^Colorado Springs^CO^80921^
Robin R,Simpson,,,2,Tom L Simpson,"14320 Westchester Dr
Colorado Springs, Colorado 80921",Property in good standing,6206204004,14320 Westchester Dr^^Colorado Springs^CO^80921^
Stuart,Sims,,stuartsims1@aol.com,1,,"14585 Gleneagle Dr
Colorado Springs, Colorado 80921",Property in good standing,6131406006,14585 Gleneagle Dr^^Colorado Springs^CO^80921^
Cheryl,Sims,,,2,Stuart Sims,"14585 Gleneagle Dr
Colorado Springs, Colorado 80921",Property in good standing,6131406006,14585 Gleneagle Dr^^Colorado Springs^CO^80921^
Gregg,Singer,,gjsinger@earthlink.net,1,,"90 Huntington Beach Dr
Colorado Springs, Colorado 80921",Property in good standing,6206201060,90 Huntington Beach Dr^^Colorado Springs^CO^80921^
Amy,Singer,,,2,Gregg Singer,"90 Huntington Beach Dr
Colorado Springs, Colorado 80921",Property in good standing,6206201060,90 Huntington Beach Dr^^Colorado Springs^CO^80921^
Gurdeep,Singh,Yagnaram Singh,14510riveroaksdrive@gmail.com,1,,"14510 River Oaks Dr
Colorado Springs, Colorado 80921",Property in good standing,6131303028,14510 River Oaks Dr^^Colorado Springs^CO^80921^
Elizabeth,Loring,,elizabethannloring@gmail.com,2,Gurdeep Singh,"14510 River Oaks Dr
Colorado Springs, Colorado 80921",Property in good standing,6131303028,14510 River Oaks Dr^^Colorado Springs^CO^80921^
Duane,Slaman,,slaman5@msn.com,1,,"15005 Hilton Head Court
Colorado Springs, Colorado 80921",Property in good standing,6131104017,15005 Hilton Head Court^^Colorado Springs^CO^80921^
Rebecca,Slaman,,,2,Duane Slaman,"15005 Hilton Head Court
Colorado Springs, Colorado 80921",Property in good standing,6131104017,15005 Hilton Head Court^^Colorado Springs^CO^80921^
Jonathon,Slater,,slater6845@yahoo.com,1,,"190 Palm Springs Dr
Colorado Springs, Colorado 80921",Property in good standing,6131301008,190 Palm Springs Dr^^Colorado Springs^CO^80921^
Valerie,Slater,,,2,Jonathon Slater,"190 Palm Springs Dr
Colorado Springs, Colorado 80921",Property in good standing,6131301008,190 Palm Springs Dr^^Colorado Springs^CO^80921^
Marty,Slivka,,mslivka@usa.net,1,,"765 Wuthering Heights Dr
Colorado Springs, Colorado 80921",Property in good standing,6131101073,765 Wuthering Heights Dr^^Colorado Springs^CO^80921^
Dorian,Slivka,,dorian_slivka@msn.com,2,Marty Slivka,"765 Wuthering Heights Dr
Colorado Springs, Colorado 80921",Property in good standing,6131101073,765 Wuthering Heights Dr^^Colorado Springs^CO^80921^
Michael,Smiley,,mmsmiley@comcast.net,1,,"365 Doral Way
Colorado Springs, Colorado 80921",Property in good standing,6206104012,365 Doral Way^^Colorado Springs^CO^80921^
Michele,Smiley,,,2,Michael Smiley,"365 Doral Way
Colorado Springs, Colorado 80921",Property in good standing,6206104012,365 Doral Way^^Colorado Springs^CO^80921^
Alyson,Smith,,asmith489@tampabay.rr.com,1,,"14140 Westchester Dr
Colorado Springs, Colorado 80921",Property in good standing,6206204011,14140 Westchester Dr^^Colorado Springs^CO^80921^
Carolyn,Smith,,,1,,"325 Doral Way
Colorado Springs, Colorado 80921",Property in good standing,6206104015,325 Doral Way^^Colorado Springs^CO^80921^
Daniel,Smith,,dlsmms@reagan.com,1,,"14055 Gleneagle Dr
Colorado Springs, Colorado 80921",Property in good standing,6206205005,14055 Gleneagle Dr^^Colorado Springs^CO^80921^
Margaret,Smith,,,2,Daniel Smith,"14055 Gleneagle Dr
Colorado Springs, Colorado 80921",Property in good standing,6206205005,14055 Gleneagle Dr^^Colorado Springs^CO^80921^
Michael,Smith,,,1,,"14225 Westchester Dr
Colorado Springs, Colorado 80921",Property in good standing,6206201029,14225 Westchester Drive^^Colorado Springs^CO^80921^
Scott,Smith,,smitty9199@aol.com,1,,"875 Wuthering Heights Dr
Colorado Springs, Colorado 80921",Property in good standing,6131110056,875 Wuthering Heights Dr^^Colorado Springs^CO^80921^
Spencer,Smith,,spen@pobox.com,1,,"145 Pauma Valley Dr
Colorado Springs, Colorado 80921",Property in good standing,6131303005,145 Pauma Valley Dr^^Colorado Springs^CO^80921^
Theodore,Smith,,theodore.e.smith@gmail.com,1,,"14785 Latrobe Dr
Colorado Springs, Colorado 80921",Property Dues Delinquent,6131402033,14785 Latrobe Dr^^Colorado Springs^CO^80921^
Thomas,Smith,,bettyesm1@yahoo.com,1,,"14515 River Oaks Dr
Colorado Springs, Colorado 80921",Property in good standing,6131305001,14515 River Oaks Dr^^Colorado Springs^CO^80921^
Betty,Smith,,,2,Thomas Smith,"14515 River Oaks Dr
Colorado Springs, Colorado 80921",Property in good standing,6131305001,14515 River Oaks Dr^^Colorado Springs^CO^80921^
Troy,Smith,,troysmith719@gmail.com,1,,"14550 Latrobe Dr
Colorado Springs, Colorado 80921",Property in good standing,6131406017,14550 Latrobe Dr^^Colorado Springs^CO^80921^
William,Smith,,smithfarmlivestock@gmail.com,1,,"210 Scottsdale Dr
Colorado Springs, Colorado 80921",Property in good standing,6206203005,210 Scottsdale Drive^^Colorado Springs^CO^80921^
carrie,Solano,,carrieasolano@gmail.com,1,,"135 Desert Inn Way
Colorado Springs, Colorado 80921",Property in good standing,6131309025,135 Desert Inn Way^^Colorado Springs^CO^80921-2643^
Carrie,Solano,,bagdini@gmail.com,1,,"135 Desert Inn Way
Colorado Springs, Colorado 80921",Property in good standing,6131309025,135 Desert Inn Way^^COLORADO SPRINGS^CO^80921^
Cosmo,Solano,,cosmosolano@gmail.com,1,,"135 Desert Inn Way
Colorado Springs, Colorado 80921",Property in good standing,6131309025,135 Desert Inn Way^^Colorado Springs^CO^80921-2643^
Silvana,Souza Nunes,,realestate4people@gmail.com,1,,"15041 LaJolla Place
Colorado Springs, Colorado 80921",Property in good standing,,15041 LaJolla Place^^Colorado Springs^CO^80921^
Krista,Spear,,janea.derek@gmail.com,1,,"14195 Gleneagle Dr
Colorado Springs, Colorado 80921",Property in good standing,6206104047,2546 Countryside Drive^^Fairborn^OH^45324^
Derek,Spear,,,2,Krista Spear,"14195 Gleneagle Dr
Colorado Springs, Colorado 80921",Property in good standing,6206104047,2546 COUNTRYSIDE DR^^Fairborn^OH^45324^
Phillip,Spry,,,1,,"15034 LaJolla Place
Colorado Springs, Colorado 80921",Property in good standing,,15034 LaJolla Place^^Colorado Springs^CO^80921^
Elizabeth,Spry,,,2,Phillip Spry,"15034 LaJolla Place
Colorado Springs, Colorado 80921",Property in good standing,,15034 LaJolla Place^^Colorado Springs^CO^80921^
Ann,Stanley,,ann80921@gmail.com,1,,"130 Wuthering Heights Dr
Colorado Springs, Colorado 80921",Property in good standing,6131206069,130 Wuthering Heights Dr^^Colorado Springs^CO^80921^
Patrick,Stanley,,pat80925@windowslive.com,1,,"130 Wuthering Heights Dr
Colorado Springs, Colorado 80921",Property in good standing,6131206069,130 Wuthering Heights Dr^^Colorado Springs^CO^80921^
Ann,Stanley,,,2,Patrick Stanley,"130 Wuthering Heights Dr
Colorado Springs, Colorado 80921",Property in good standing,6131206069,130 Wuthering Heights Dr^^Colorado Springs^CO^80921^
Marc & Louise,Stapley,,uk.louises@gmail.com,1,,"14149 Stone Eagle Place
Colorado Springs, Colorado 80921",Property in good standing,6206201132,14149 Stone Eagle Place^^Colorado Springs^CO^80921^
Stephen,Steele,,mugsandcasey@gmail.com,1,,"14575 Westchester Dr
Colorado Springs, Colorado 80921",Property in good standing,6131303013,14575 Westchester Dr^^Colorado Springs^CO^80921^
Mary,Steele,,,2,Stephen Steele,"14575 Westchester Dr
Colorado Springs, Colorado 80921",Property in good standing,6131303013,14575 Westchester Dr^^Colorado Springs^CO^80921^
Edmund,Stegner,,ejsiii@yahoo.com,1,,"14235 Gleneagle Dr
Colorado Springs, Colorado 80921",Property in good standing,6206104024,14235 Gleneagle Dr^^Colorado Springs^CO^80921^
Margaret,Stegner,,,2,Edmund Stegner,"14235 Gleneagle Dr
Colorado Springs, Colorado 80921",Property in good standing,6206104024,14235 Gleneagle Dr^^Colorado Springs^CO^80921^
Walter J,Steppenbacker,,wsteppenbacker@gmail.com,1,,"175 Rangely Dr
Colorado Springs, Colorado 80921",Property in good standing,6131301028,175 Rangely Dr^^Colorado Springs^CO^80921^
Joe,Stevens,,likelyspam123@yahoo.com,1,,"920 Wuthering Heights Dr
Colorado Springs, Colorado 80921",Property in good standing,6131103066,920 Wuthering Heights Dr^^Colorado Springs^CO^80921^
Michelle,Stevens,,proverb16.24@hotmail.com,1,,"30 Palm Springs Dr
Colorado Springs, Colorado 80921",Property in good standing,6131301034,30 PALM SPRINGS DR^^COLORADO SPRINGS^CO^80921-2660^
Rick,Stevens,,rick.stevens.colorado@gmail.com,1,,"30 Palm Springs Dr
Colorado Springs, Colorado 80921",Property in good standing,6131301034,30 Palm Springs Dr^^Colorado Springs^CO^80921^
Casey,Stewart,,cdsmd104@yahoo.com,1,,"40 Huntington Beach Dr
Colorado Springs, Colorado 80921",Property in good standing,6206201048,40 Huntington Beach Dr^^Colorado Springs^CO^80921^
Kristi,Fontenot,,kristifont14@gmail.com,2,Casey Stewart,"40 Huntington Beach Dr
Colorado Springs, Colorado 80921",Property in good standing,6206201048,40 Huntington Beach Dr^^Colorado Springs^CO^80921^
James,Stewart,,valsatcamp@gmail.com,1,,"14505 Westchester Dr
Colorado Springs, Colorado 80921",Property in good standing,6206201017,14505 Westchester Dr^^Colorado Springs^CO^80921^
Valerie,Stewart,,,2,James Stewart,"14505 Westchester Dr
Colorado Springs, Colorado 80921",Property in good standing,6206201017,14505 Westchester Dr^^Colorado Springs^CO^80921^
Marty,Stoehr,,glen46@centurylink.net,1,,"425 Cherry Hills Way
Colorado Springs, Colorado 80921",Property in good standing,6131406004,425 Cherry Hills Way^^Colorado Springs^CO^80921^
Lucy,Stoehr,,,2,Marty Stoehr,"425 Cherry Hills Way
Colorado Springs, Colorado 80921",Property in good standing,6131406004,425 Cherry Hills Way^^Colorado Springs^CO^80921^
Ryan,Stout,,ryan.w.stout@gmail.com,1,,"310 Doral Way
Colorado Springs, Colorado 80921",Property Dues Delinquent,6206104019,310 Doral Way^^Colorado Springs^CO^80921^
Deb,Stover,,deb@debstover.com,1,,"135 Rangely Dr
Colorado Springs, Colorado 80921",Property in good standing,6131301026,135 Rangely Drive^^Colorado Springs^CO^80921^
Darci,Strecker,,,1,,"50 Palm Springs Dr
Colorado Springs, Colorado 80921",Property in good standing,6131301004,50 Palm Springs Dr^^Colorado Springs^CO^80921^
Adam,Strecker,,,2,Darci Strecker,"50 Palm Springs Dr
Colorado Springs, Colorado 80921",Property in good standing,6131301004,50 Palm Springs Dr^^Colorado Springs^CO^80921^
Gordon,Streich,,gstreich@outlook.com,1,,"230 Doral Way
Colorado Springs, Colorado 80921",Property in good standing,6206206003,230 Doral Way^^Colorado Springs^CO^80921^
Kathy,Streich,,kathystreich@msn.com,2,Gordon Streich,"230 Doral Way
Colorado Springs, Colorado 80921",Property in good standing,6206206003,230 Doral Way^^Colorado Springs^CO^80921^
Thomas,Struve,,,1,,"65 Wuthering Heights Dr
Colorado Springs, Colorado 80921",Property in good standing,6131104008,65 Wuthering Heights Dr^^Colorado Springs^CO^80921^
Rosalinda,Struve,,,2,Thomas Struve,"65 Wuthering Heights Dr
Colorado Springs, Colorado 80921",Property in good standing,6131104008,65 Wuthering Heights Dr^^Colorado Springs^CO^80921^
Jacob,Stuart,,jstuartj@yahoo.com,1,,"440 Wuthering Heights Dr
Colorado Springs, Colorado 80921",Property in good standing,6131103082,440 Wuthering Heights Dr^^Colorado Springs^CO^80921^
John,Suits,,coloradosuits@msn.com,1,,"58 Huntington Beach Dr
Colorado Springs, Colorado 80921",Property in good standing,6206201050,58 Huntington Beach Dr^^Colorado Springs^CO^80921^
Jane,Suits,,,2,John Suits,"58 Huntington Beach Dr
Colorado Springs, Colorado 80921",Property in good standing,6206201050,58 Huntington Beach Dr^^Colorado Springs^CO^80921^
Morgan,Summers,,morganlsummers1@gmail.com,1,,"13940 Westchester Dr
Colorado Springs, Colorado 80921",Property in good standing,6206301008,13940 Westchester Drive^^Colorado Springs^CO^80921^
Thomas,Surface,,melissa.surface@comcast.net,1,,"985 Wuthering Heights Dr
Colorado Springs, Colorado 80921",Property in good standing,6131106021,985 Wuthering Heights Dr^^Colorado Springs^CO^80921^
Daniel,Swecker,,tsweck2068@yahoo.com,1,,"190 Desert Inn Way
Colorado Springs, Colorado 80921",Property Dues Delinquent,6131307021,190 Desert Inn Way^^Colorado Springs^CO^80921^
Teresa,Swecker,,,2,Daniel Swecker,"190 Desert Inn Way
Colorado Springs, Colorado 80921",Property Dues Delinquent,6131307021,190 Desert Inn Way^^Colorado Springs^CO^80921^
Kayla,Sweet,,kaysweet227@outlook.com,1,,"170 Huntington Beach Dr
Colorado Springs, Colorado 80921",Property Dues Delinquent,6206201058,170 Huntington Beach Dr^^Colorado Springs^CO^80921^
Mathew,Sweet,,mathewsweet1028@outlook.com,2,Kayla Sweet,"170 Huntington Beach Dr
Colorado Springs, Colorado 80921",Property Dues Delinquent,6206201058,170 Huntington Beach Dr^^Colorado Springs^CO^80921^
Don,Swetz II,,uscfan@gsf.org,1,,"14465 Gleneagle Dr
Colorado Springs, Colorado 80921",Property in good standing,6206101006,14465 Gleneagle Dr^^Colorado Springs^CO^80921^
Stephen,Swift,,stephenswift6@yahoo.com,1,,"15250 Renoir Place
Colorado Springs, Colorado 80921",Property in good standing,6131101101,15250 Renoir Place^^Colorado Springs^CO^80921^
Elizabeth,Swift,,,2,Stephen Swift,"15250 Renoir Place
Colorado Springs, Colorado 80921",Property in good standing,6131101101,15250 Renoir Place^^Colorado Springs^CO^80921^
Chris,Swiontek,,gleneaglehoa@chrisswiontek.com,1,,"965 Wuthering Heights Dr
Colorado Springs, Colorado 80921",Property in good standing,6131106019,965 Wuthering Heights Dr^^Colorado Springs^CO^80921^
Danielle,Swiontek,,,2,Chris Swiontek,"965 Wuthering Heights Dr
Colorado Springs, Colorado 80921",Property in good standing,6131106019,965 Wuthering Heights Dr^^Colorado Springs^CO^80921^
Samuel,Szarka,,sam.szarka@gmail.com,1,,"685 Rembrandt Court
Colorado Springs, Colorado 80921",Property in good standing,6131103095,685 Rembrandt Court^^Colorado Springs^CO^80921^
Eric and Melissa,Taimanglo,,,1,,"13920 Westchester Dr
Colorado Springs, Colorado 80921",Property Dues Delinquent,6206301006,13920 Westchester Dr^^Colorado Springs^CO^80921^
Aaron K,Tallman,,lindsayntallman@gmail.com,1,,"185 Huntington Beach Dr
Colorado Springs, Colorado 80921",Property in good standing,6206201062,185 Huntington Beach Dr^^Colorado Springs^CO^80921^
Kevin,Tanner,,skicolo14@reagan.com,1,,"14170 Gleneagle Dr
Colorado Springs, Colorado 80921",Property in good standing,6206201073,14170 Gleneagle Dr^^Colorado Springs^CO^80921^
Janell,Tanner,,,2,Kevin Tanner,"14170 Gleneagle Dr
Colorado Springs, Colorado 80921",Property in good standing,6206201073,14170 Gleneagle Dr^^Colorado Springs^CO^80921^
Elizabeth,Tansill,,btansill@gmail.com,1,,"150 Huntington Beach Dr
Colorado Springs, Colorado 80921",Property in good standing,6206201057,PO Box 646^^Monument^CO^80132^
Christopher,Tatka,,chris.tatka@gmail.com,1,,"235 Rangely Dr
Colorado Springs, Colorado 80921",Property in good standing,6131403005,235 Rangely Dr^^Colorado Springs^CO^80921^
Laurie,Tatka,,laurie.tatka@gmail.com,2,Christopher Tatka,"235 Rangely Dr
Colorado Springs, Colorado 80921",Property in good standing,6131403005,235 Rangely Dr^^Colorado Springs^CO^80921^
Alexander,Taus,,armytaus@gmail.com,1,,"14175 Candlewood Court
Colorado Springs, Colorado 80921",Property in good standing,6206104003,14175 Candlewood Ct^^Colorado Springs^CO^80921^
Jim,Taylor,,jimann100@gmail.com,1,,"14730 Cherry Hills Place
Colorado Springs, Colorado 80921",Property in good standing,6131302038,14730 Cherry Hills Place^^Colorado Springs^CO^80921^
Ann,Taylor,,,2,Jim Taylor,"14730 Cherry Hills Place
Colorado Springs, Colorado 80921",Property in good standing,6131302038,14730 Cherry Hills Place^^Colorado Springs^CO^80921^
Rodger,Tennant,,christytennantrn@gmail.com,1,,"14595 Westchester Dr
Colorado Springs, Colorado 80921",Property in good standing,6131303057,14595 Westchester Dr^^Colorado Springs^CO^80921^
Rodger,Tennant,,rodgertennant@gmail.com,1,,"14595 Westchester Dr
Colorado Springs, Colorado 80921",Property in good standing,6131303057,14595 Westchester Dr.^^Colorado Springs^CO^80921^
John,Thies,,,1,,"14410 River Oaks Dr
Colorado Springs, Colorado 80921",Property in good standing,6206201011,14410 River Oaks Dr^^Colorado Springs^CO^80921^
Leslie,Thompson,,ljt960@comcast.net,1,,"340 Rangely Dr
Colorado Springs, Colorado 80921",Property in good standing,6131401008,340 Rangely Dr^^Colorado Springs^CO^80921^
Marvel L.,Thomson,,fthomson1@q.com,1,,"14150 Candlewood Court
Colorado Springs, Colorado 80921",Property in good standing,6206104030,14150 Candlewood Court^^Colorado Springs^CO^80921^
Beverly L.,Sanchez,,,2,Marvel L. Thomson,"14150 Candlewood Court
Colorado Springs, Colorado 80921",Property in good standing,6206104030,14150 Candlewood Court^^Colorado Springs^CO^80921^
Gene,Thornton,,grtatty@aol.com,1,,,,,225 Doral Way^^Colorado Springs^CO^80921^
Tyler,Tidwell,,tyler2142003@gmail.com,1,,"375 Pauma Valley Dr
Colorado Springs, Colorado 80921",Property in good standing,6131408001,375 Pauma Valley Dr^^Colorado Springs^CO^80921^
Tanesia,Dwight,,tanesiadwight@yahoo.com,2,Tyler Tidwell,"375 Pauma Valley Dr
Colorado Springs, Colorado 80921",Property in good standing,6131408001,375 Pauma Valley Dr^^Colorado Springs^CO^80921^
Victor,Tise,,vtmax@aol.com,1,,"85 Wuthering Heights Dr
Colorado Springs, Colorado 80921",Property in good standing,6131110055,85 Wuthering Heights Dr^^Colorado Springs^CO^80921^
Barbara,Tise,,tisebarbara@gmail.com,2,Victor Tise,"85 Wuthering Heights Dr
Colorado Springs, Colorado 80921",Property in good standing,6131110055,
Sandra,Titus,,russelltitus@comcast.net,1,,"15230 Diamondhead Court
Colorado Springs, Colorado 80921",Property in good standing,6131101115,15230 Diamondhead Court^^Colorado Springs^CO^80921^
Stephen,Toldy,,toldyme@aol.com,1,,"14130 Candlewood Court
Colorado Springs, Colorado 80921",Property in good standing,6206104031,14315 Granby Rd^^Colorado Springs^CO^80921^
Katherine,Toldy,,,2,Stephen Toldy,"14130 Candlewood Court
Colorado Springs, Colorado 80921",Property in good standing,6206104031,14315 GRANBY RD^^Colorado Springs^CO^80921^
Margaret,Toldy,,,2,Stephen Toldy,"14130 Candlewood Court
Colorado Springs, Colorado 80921",Property in good standing,6206104031,14315 GRANBY RD^^Colorado Springs^CO^80921^
Steve,Proett,,proett@live.com,3,Stephen Toldy,"14130 Candlewood Court
Colorado Springs, Colorado 80921",Property in good standing,6206104031,14130 Candlewood Court^^Colorado Springs^CO^80921^
Luann,Tomkinson,,,1,,"14215 Gleneagle Dr
Colorado Springs, Colorado 80921",Property in good standing,6206104022,14215 Gleneagle Dr^^Colorado Springs^CO^80921^
Alma,Buitron,,abui6253@gmail.com,2,Luann Tomkinson,"14215 Gleneagle Dr
Colorado Springs, Colorado 80921",Property in good standing,6206104022,10 Huntington Beach Dr.^^Colorado Springs^CO^80921^
Ed,Toner,,ed_toner@yahoo.com,1,,"14150 Gleneagle Dr
Colorado Springs, Colorado 80921",Property in good standing,6206201071,14150 Gleneagle Dr^^Colorado Springs^CO^80921^
Dale,Townsend,,detdst@gmail.com,1,,"14565 Gleneagle Dr
Colorado Springs, Colorado 80921",Property in good standing,6131406007,14565 Gleneagle Dr^^Colorado Springs^CO^80921^
Craig,Trask,,chtraskllc@gmail.com,1,,"20 Rangely Dr
Colorado Springs, Colorado 80921",Property Dues Delinquent,6131401009,20 Rangely Dr^^Colorado Springs^CO^80921^
Sue,Trask,,sue.trask@comcast.net,2,Craig Trask,"20 Rangely Dr
Colorado Springs, Colorado 80921",Property Dues Delinquent,6131401009,20 Rangely Dr^^Colorado Springs^CO^80921^
Steven,Traweek,,straweek@hotmail.com,1,,"14350 Westchester Dr
Colorado Springs, Colorado 80921",Property in good standing,6206204003,14350 Westchester Dr^^Colorado Springs^CO^80921^
GCA,Treasurer,,treasurer@gleneaglehoa.org,1,,,,,
Jeane,Turner,,jeaneturn@icloud.com,1,,,,,14265 Westchester Dr^^Colorado Springs^CO^80921^
Stephen,Turner,,setusafa87@gmail.com,1,,"14265 Westchester Dr
Colorado Springs, Colorado 80921",Property in good standing,6206201102,14265 Westchester Dr^^Colorado Springs^CO^80921^
Warren,Tustin,,info@nitsut.com,1,,"14750 Cherry Hills Place
Colorado Springs, Colorado 80921",Property in good standing,6131404008,14750 Cherry Hills Place^^Colorado Springs^CO^80921^
Carol,Tustin,,,2,Warren Tustin,"14750 Cherry Hills Place
Colorado Springs, Colorado 80921",Property in good standing,6131404008,14750 Cherry Hills Place^^Colorado Springs^CO^80921^
Troy,Uehling,,applefrog@gmail.com,1,,"310 Silver Rock Pl
Colorado Springs, Colorado 80921",Property in good standing,6206103058,310 Silver Rock Pl^^Colorado Springs^CO^80921^
Shawna,Uehling,,shawnauehling@gmail.com,2,Troy Uehling,"310 Silver Rock Pl
Colorado Springs, Colorado 80921",Property in good standing,6206103058,310 Silver Rock Pl^^Colorado Springs^CO^80921^
Mike,Upham,,mau@col.hp.com,1,,"620 Rembrandt Court
Colorado Springs, Colorado 80921",Property in good standing,6131103088,620 Rembrandt Court^^Colorado Springs^CO^80921^
George,Urteaga,	george.urteaga@rsac.com,golf.fanaz@gmail.com,1,,"215 Scottsdale Dr
Colorado Springs, Colorado 80921",Property in good standing,6206204002,215 Scottsdale Drive^^Colorado Springs^CO^80921^
Christy,West,,,2,George Urteaga,"215 Scottsdale Dr
Colorado Springs, Colorado 80921",Property in good standing,6206204002,^^^CO^80921^
Garrett,Usrey,,garrett.usrey61@gmail.com,1,,"215 Scottsdale Dr
Colorado Springs, Colorado 80921",Property in good standing,6206204002,215 Scottsdale Drive^^Colorado Springs^CO^80921^
Michael,Valley,,,1,,"14373 Spyglass Hill Pl
Colorado Springs, Colorado 80921",Property in good standing,6206103049,14373 Spyglass Hill Place^^Colorado Springs^CO^80921^
Kim,Valley,,,2,Michael Valley,"14373 Spyglass Hill Pl
Colorado Springs, Colorado 80921",Property in good standing,6206103049,8300 WYOMING BLVD APT 1333^^ALBUQUERQUE NM^^87113^
Michael,Valley,,valleymikekim@msn.com,1,,,,,14373 Spyglass Hill Place^^Colorado Springs^CO^80921^
Diane,Valori,,dantevalori@gmail.com,1,,"14533 River Oaks Dr
Colorado Springs, Colorado 80921",Property in good standing,6206201002,14533 River Oaks Dr^^Colorado Springs^CO^80921^
Sebastian,Vasquez,,sebastian.alvarez.v@gmail.com,1,,"14205 Westchester Dr
Colorado Springs, Colorado 80921",Property in good standing,6206201030,14205 Westchester Drive^^Colorado Springs^CO^80921^
John,Veautour,,woodstylesjohn@gmail.com,1,,"14015 Gleneagle Dr
Colorado Springs, Colorado 80921",Property in good standing,6206301220,14015 Gleneagle Drive^^Colorado Springs^CO^80921^
Sandy,Veautour,,veautour@gmail.com,2,John Veautour,"14015 Gleneagle Dr
Colorado Springs, Colorado 80921",Property in good standing,6206301220,14015 Gleneagle Drive^^Colorado Springs^CO^80921^
Brian,Veldhuizen,Cindy,brianjv1957@gmail.com,1,,"14161 Stone Eagle Place
Colorado Springs, Colorado 80921",Property in good standing,6206201131,14161 Stone Eagle Place^^Colorado Springs^CO^80921^
Sonu,Verghese,,llcarlisle45@gmail.com,1,,"15020 Hilton Head Court
Colorado Springs, Colorado 80921",Property in good standing,6131104013,15020 Hilton Head Court^^Colorado Springs^CO^80921^
Linda,Carlisle,,,2,Sonu Verghese,"15020 Hilton Head Court
Colorado Springs, Colorado 80921",Property in good standing,6131104013,
Monique,Vollmer,,monique9000@gmail.com,1,,"15235 Diamondhead Court
Colorado Springs, Colorado 80921",Property in good standing,6131110050,701 E Platte Ave.^^Colorado Springs^CO^80903^
Ryan M.,Voneida,,,1,,"640 Rembrandt Court
Colorado Springs, Colorado 80921",Property Dues Delinquent,6131103090,640 Rembrandt Court^^Colorado Springs^CO^80921^
Jennifer D.,Voneida,,jen.voneida@gmail.com,2,Ryan M. Voneida,"640 Rembrandt Court
Colorado Springs, Colorado 80921",Property Dues Delinquent,6131103090,640 Rembrandt Court^^Colorado Springs^CO^80921^
Michael,Wader,,,1,,"13950 Westchester Dr
Colorado Springs, Colorado 80921",Property in good standing,6206301009,13950 Westchester Dr^^Colorado Springs^CO^80921^
Jung Shu,Wader,,,2,Michael Wader,"13950 Westchester Dr
Colorado Springs, Colorado 80921",Property in good standing,6206301009,13950 Westchester Dr^^Colorado Springs^CO^80921^
Malham,Wakin,,profandlynn@aol.com,1,,"135 Desert Inn Way
Colorado Springs, Colorado 80921",Property in good standing,6131309025,135 Desert Inn Way^^Colorado Springs^CO^80921^
Linda,Wakin,,,2,Malham Wakin,"135 Desert Inn Way
Colorado Springs, Colorado 80921",Property in good standing,6131309025,135 Desert Inn Way^^Colorado Springs^CO^80921^
Gary,Walenga,,gary.walenga@gmail.com,1,,"14405 Westchester Dr
Colorado Springs, Colorado 80921",Property in good standing,6206201022,14405 Westchester Dr^^Colorado Springs^CO^80921^
Allison,Walenga,,allison.walenga@gmail.com,2,Gary Walenga,"14405 Westchester Dr
Colorado Springs, Colorado 80921",Property in good standing,6206201022,14405 Westchester Dr^^Colorado Springs^CO^80921^
Don,Wallace,,lindon59@live.com,1,,"255 Desert Inn Way
Colorado Springs, Colorado 80921",Property in good standing,6131301031,255 Desert Inn Way^^Colorado Springs^CO^80921^
Linda,Wallace,,,2,Don Wallace,"255 Desert Inn Way
Colorado Springs, Colorado 80921",Property in good standing,6131301031,255 Desert Inn Way^^Colorado Springs^CO^80921^
Joe,Wallroth,,choochoojoe@hotmail.com,1,,"150 Desert Inn Way
Colorado Springs, Colorado 80921",Property in good standing,6131307007,150 Desert Inn Way^^Colorado Springs^CO^80921^
Kelly,Wallroth,,kellywallroth@gmail.com,2,Joe Wallroth,"150 Desert Inn Way
Colorado Springs, Colorado 80921",Property in good standing,6131307007,150 Desert Inn Way^^Colorado Springs^CO^80921^
Gary,Walters,,gwaltersgroup@gmail.com,1,,"360 Palm Springs Dr
Colorado Springs, Colorado 80921",Property Dues Delinquent,6131403002,360 Palm Springs Dr^^Colorado Springs^CO^80921^
Alice,Ward,,,1,,"14035 Gleneagle Dr
Colorado Springs, Colorado 80921",Property in good standing,6206205007,14035 Gleneagle Dr^^Colorado Springs^CO^80921^
Thomas,Ward,,wardplapp@msn.com,1,,,,,185 Wuthering Heights Dr^^Colorado Springs^CO^80921^
Douglas,Warren,,mpolakos@gmail.com,1,,"14620 Latrobe Dr
Colorado Springs, Colorado 80921",Property Dues Delinquent,6131406019,14620 Latrobe Dr^^Colorado Springs^CO^80921^
Melissa,Polakos,,,2,Douglas Warren,"14620 Latrobe Dr
Colorado Springs, Colorado 80921",Property Dues Delinquent,6131406019,14620 Latrobe Dr^^Colorado Springs^CO^80921^
Fred,Warren,,hugh88warren@yahoo.com,1,,,,,14750 Latrobe Court^^Colorado Springs^CO^80921^
Linda,Warren,,,2,Fred Warren,,,,14750 Latrobe Court^^Colorado Springs^CO^80921^
Joanne,Wasilewski,,joanne.wasilewski@gmail.com,1,,"90 Desert Inn Way
Colorado Springs, Colorado 80921",Property in good standing,6131307017,90 Desert Inn Way^^Colorado Springs^CO^80921^
Kristin,Wasilewski,,,2,Joanne Wasilewski,"90 Desert Inn Way
Colorado Springs, Colorado 80921",Property in good standing,6131307017,90 Desert Inn Way^^Colorado Springs^CO^80921^
Isaac,Watkins,,watkins.isaac@gmail.com,1,,"14195 Candlewood Court
Colorado Springs, Colorado 80921",Property in good standing,6206104001,14195 Candlewood Court^^Colorado Springs^CO^80921^
Elizabeth,Watkins,,watkins.ellie@gmail.com,2,Isaac Watkins,"14195 Candlewood Court
Colorado Springs, Colorado 80921",Property in good standing,6206104001,14195 Candlewood Ct^^Colorado Springs^CO^80921^
Pamela,Watson,,dawnwatson@comcast.net,1,,"14316 Spyglass Hill Pl
Colorado Springs, Colorado 80921",Property in good standing,6206201114,14316 Spyglass Hill Place^^Colorado Springs^CO^80921^
Jeffry Todd,Watson,,,2,Pamela Watson,"14316 Spyglass Hill Pl
Colorado Springs, Colorado 80921",Property in good standing,6206201114,5128 LYDA LN^^Colorado Springs^CO^80904^
Michael D,Watts,,lindsay.knell@gmail.com,1,,"14240 Gleneagle Dr
Colorado Springs, Colorado 80921",Property in good standing,6206103007,14240 Gleneagle Dr^^Colorado Springs^CO^80921^
Lindsay,Knell,,,2,Michael D Watts,"14240 Gleneagle Dr
Colorado Springs, Colorado 80921",Property in good standing,6206103007,1420 Gleneagle Dr^^Colorado Springs^CO^80921^
Jeffery,Waye,,,1,,"14165 Gleneagle Dr
Colorado Springs, Colorado 80921",Property in good standing,6206206008,14165 Gleneagle Dr^^Colorado Springs^CO^80921^
Marc,Weiersmuller,,marc.weiersmuller@oracle.com,1,,"14590 Bermuda Dunes Way
Colorado Springs, Colorado 80921",Property in good standing,6131308044,14590 Bermuda Dunes Way^^Colorado Springs^CO^80921^
Tan,En-Tse,,hazeltan88usa@gmail.com,2,Marc Weiersmuller,"14590 Bermuda Dunes Way
Colorado Springs, Colorado 80921",Property in good standing,6131308044,14590 Bermuda Dunes Way^^Colorado Springs^CO^80921^
Christopher,Weisheit,,sadieweisheit@gmail.com,1,,"14783 Latrobe Court
Colorado Springs, Colorado 80921",Property Dues Delinquent,6131402039,14783 Latrobe Court^^Colorado Springs^CO^80921^
Bill,Welde,,brun0mail@comcast.net,1,,"14780 Latrobe Dr
Colorado Springs, Colorado 80921",Property in good standing,6131405003,14780 Latrobe Dr^^Colorado Springs^CO^80921^
Judy,Welde,,,2,Bill Welde,"14780 Latrobe Dr
Colorado Springs, Colorado 80921",Property in good standing,6131405003,14780 Latrobe Dr^^Colorado Springs^CO^80921^
Baylee,Wells,,baylee.wells77@gmail.com,1,,"260 Pauma Valley Dr
Colorado Springs, Colorado 80921",Property in good standing,6131302024,260 Pauma Valley Dr^^Colorado Springs^CO^80921^
Thomas E,Wells,,,1,,"13965 Westchester Dr
Colorado Springs, Colorado 80921",Property in good standing,6206302001,13965 Westchester Dr^^Colorado Springs^CO^80921^
Suzanne C,Wells,,thesuzannewells@gmail.com,2,Thomas E Wells,"13965 Westchester Dr
Colorado Springs, Colorado 80921",Property in good standing,6206302001,13965 Westchester Dr^^Colorado Springs^CO^80921^
Glen,Westcott,,glen_westcott@msn.com,1,,"360 Rangely Dr
Colorado Springs, Colorado 80921",Property in good standing,6131401007,360 Rangely Drive^^Colorado Springs^CO^80921^
Glen,Westcott,,westcott.glen@gmail.com,1,,"360 Rangely Dr
Colorado Springs, Colorado 80921",Property in good standing,6131401007,360 Rangely Dr^^Colorado Springs^CO^80921^
Patty,Westfall,,westfallpc230@gmail.com,1,,"230 Mission Hill Way
Colorado Springs, Colorado 80921",Property in good standing,6206201103,230 Mission Hill Way^^Colorado Springs^CO^80921^
Thomas,Westfall,,westfalltom@hotmail.com,1,,"230 Mission Hill Way
Colorado Springs, Colorado 80921",Property in good standing,6206201103,230 Mission Hill Way^^Colorado Springs^CO^80921^
Patricia,Westfall,,,2,Thomas Westfall,"230 Mission Hill Way
Colorado Springs, Colorado 80921",Property in good standing,6206201103,230 Mission Hill Way^^Colorado Springs^CO^80921^
Michael,Wheeler,,m_swheeler@msn.com,1,,"885 Wuthering Heights Dr
Colorado Springs, Colorado 80921",Property in good standing,6131110055,885 Wuthering Heights Dr^^Colorado Springs^CO^80921^
Susan,Wheeler,,,2,Michael Wheeler,"885 Wuthering Heights Dr
Colorado Springs, Colorado 80921",Property in good standing,6131110055,885 Wuthering Heights Dr^^Colorado Springs^CO^80921^
Bonnie,White,,leew8909@aol.com,1,,"60 Desert Inn Way
Colorado Springs, Colorado 80921",Property in good standing,6131307015,14998 N 2330 Rd^^Roosevelt^OK^73564^
Larry E.,Wildasin,,janlar85@yahoo.com,1,,"430 Picasso Court
Colorado Springs, Colorado 80921",Property in good standing,6131103070,430 Picasso Court^^Colorado Springs^CO^80921^
Janet M.,Wildasin,,,2,Larry E. Wildasin,"430 Picasso Court
Colorado Springs, Colorado 80921",Property in good standing,6131103070,430 Picasso Court^^Colorado Springs^CO^80921^
Ron,Wiley,,rwiley7247@aol.com,1,,"840 Wuthering Heights Dr
Colorado Springs, Colorado 80921",Property in good standing,6131103060,840 Wuthering Heights Dr^^Colorado Springs^CO^80921^
Adam,Williams,,adamwilliams007@gmail.com,1,,"14145 Gleneagle Dr
Colorado Springs, Colorado 80921",Property in good standing,6206206006,14145 Gleneagle Dr^^Colorado Springs^CO^80921^
Jessica,Williams,,,2,Adam Williams,"14145 Gleneagle Dr
Colorado Springs, Colorado 80921",Property in good standing,6206206006,14145 Gleneagle Dr^^Colorado Springs^CO^80921^
Bob,Williams,,lomere2003@comcast.net,1,,"410 Picasso Court
Colorado Springs, Colorado 80921",Property in good standing,6131103068,410 Picasso Court^^Colorado Springs^CO^80921^
Keith,Williams,,keith_l_williams@hotmail.com,1,,"260 Pauma Valley Dr
Colorado Springs, Colorado 80921",Property in good standing,6131302024,260 Pauma Valley Dr^^Colorado Springs^CO^80921^
Donna,Williams,,,2,Keith Williams,"260 Pauma Valley Dr
Colorado Springs, Colorado 80921",Property in good standing,6131302024,260 Pauma Valley Dr^^Colorado Springs^CO^80921^
Travis,Williams,,,1,,"530 Wuthering Heights Dr
Colorado Springs, Colorado 80921",Property in good standing,6131103086,530 Wuthering Heights Dr^^Colorado Springs^CO^80921^
Devon,Williams,,,2,Travis Williams,"530 Wuthering Heights Dr
Colorado Springs, Colorado 80921",Property in good standing,6131103086,530 Wuthering Heights Dr^^Colorado Springs^CO^80921^
Travis,Williams,,travjay@gmail.com,1,,"530 Wuthering Heights Dr
Colorado Springs, Colorado 80921",Property in good standing,6131103086,530 Wuthering Heights Drive^^Colorado Springs^CO^80921^
Christopher W,Wilson,,cwwilson45@yahoo.com,1,,"35 Palm Springs Dr
Colorado Springs, Colorado 80921",Property in good standing,6131404005,35 Palm Springs Dr^^Colorado Springs^CO^80921^
Matthew,Windland,,winstonusmc@hotmail.com,1,,"535 Rangely Dr
Colorado Springs, Colorado 80921",Property Dues Delinquent,6131402020,535 Rangely Dr^^Colorado Springs^CO^80921^
Shyrel,Windland,,shyrel@gmail.com,2,Matthew Windland,"535 Rangely Dr
Colorado Springs, Colorado 80921",Property Dues Delinquent,6131402020,535 Rangely Dr^^Colorado Springs^CO^80921^
Jonathan,Wingate,,jonathan.wingate@icloud.com,1,,"320 Rangely Dr
Colorado Springs, Colorado 80921",Property Dues Delinquent,6131401009,320 Rangely Drive^^Colorado Springs^CO^80921^
Deborah G,Wood,,debbiegraves7@gmail.com,1,,"230 Palm Springs Dr
Colorado Springs, Colorado 80921",Property Dues Delinquent,6131301005,230 Palm Springs Dr^^Colorado Springs^CO^80921^
Catherine,Woods,,woodskate22@gmail.com,1,,"72 Huntington Beach Dr
Colorado Springs, Colorado 80921",Property in good standing,6206201052,72 Huntington Beach Dr^^Colorado Springs^CO^80921^
Mark,Worthington,,markworth1@gmail.com,1,,"245 Wuthering Heights Dr
Colorado Springs, Colorado 80921",Property in good standing,6131209004,245 Wuthering Heights Dr^^Colorado Springs^CO^80921^
James,Yagmin,,jimyagmin@yahoo.com,1,,"14135 Westchester Dr
Colorado Springs, Colorado 80921",Property in good standing,6206201033,14135 Westchester Dr^^Colorado Springs^CO^80921^
Amgad,Yassa,,janice9@centurylink.net,1,,"130 Palm Springs Dr
Colorado Springs, Colorado 80921",Property Dues Delinquent,6131301012,130 Palm Springs Dr^^Colorado Springs^CO^80921^
Kirby,Zeller,,kirbyzeller@gmail.com,1,,"220 Scottsdale Dr
Colorado Springs, Colorado 80921",Property in good standing,6206203006,220 Scottsdale Dr^^Colorado Springs^CO^80921^
Kyle,Ziegler,,karlieziegler1@gmail.com,1,,"115 Rangely Dr
Colorado Springs, Colorado 80921",Property in good standing,6131301025,115 Rangely Dr^^Colorado Springs^CO^80921^
Karlie,Ziegler,,,2,Kyle Ziegler,"115 Rangely Dr
Colorado Springs, Colorado 80921",Property in good standing,6131301025,115 Rangely Dr^^Colorado Springs^CO^80921^
Kyle,Ziegler,,kyle.ziegler54@gmail.com,1,,"115 Rangely Dr
Colorado Springs, Colorado 80921",Property in good standing,6131301025,115 Rangely Dr^^Colorado Springs^CO^80921^
Barry G.,Zile,,zilefam@yahoo.com,1,,"15260 Renoir Place
Colorado Springs, Colorado 80921",Property in good standing,6131101100,15260 Renoir Place^^Colorado Springs^CO^80921^
William,Zinsmeyer,,zinsbill@gmail.com,1,,"14762 Latrobe Court
Colorado Springs, Colorado 80921",Property Dues Delinquent,6131402035,14762 Latrobe Court^^Colorado Springs^CO^80921^
Theresa,Zinsmeyer,,,2,William Zinsmeyer,"14762 Latrobe Court
Colorado Springs, Colorado 80921",Property Dues Delinquent,6131402035,14762 Latrobe Court^^Colorado Springs^CO^80921^
Paul,Zmuda,,pjzmuda@comcast.net,1,,"190 Wuthering Heights Dr
Colorado Springs, Colorado 80921",Property in good standing,6131206075,190 Wuthering Heights Dr^^Colorado Springs^CO^80921^
Marsha,Zmuda,,,2,Paul Zmuda,"190 Wuthering Heights Dr
Colorado Springs, Colorado 80921",Property in good standing,6131206075,190 Wuthering Heights Dr^^Colorado Springs^CO^80921^
