Access Level,Membership Type ID,Status,User Level,Username,Address,Admin Notes,Block,Board,Bookkeeping Account,Company Name,Covenants Volunteer,Email Address,Email Subscription,Expiration Date,First Name,Join Date,Last Name,Membership Number,New Resident,Password,Primary Phone,RBOS Volunteer,Rental,Show Profile,Primary User
MEMBER,36742,Active,1,trivian.dickard,105 Doral Way^^Colorado Springs^CO^80921^,,,,GCA105DW,,No,Bdickard@Gmail.Com,Yes,,Brian,06/16/2021,Dickard,,No,,,No,,No,
MEMBER,36742,Active,2,brian.dickard,105 Doral Way^^Colorado Springs^CO^80921^,,,,GCA105DW,,No,,No,,Trivian,06/16/2021,Dickard,,No,,,No,,No,Trivian Dickard
MEMBER,36742,Active,1,lselman@centurylink.net,105 Huntington Beach Drive^^Colorado Springs^CO^80921^,7193145743 - Angie,,,GCA105HBD,,,Lselman856@gmail.com,Yes,,Lawrence,05/30/2017,Selman,,,,,,,No,
MEMBER,36742,Active,1,michael@michaelallengray.com,105 Pauma Valley Drive^^Colorado Springs^CO^80921^,"michael@michaelallengray.com
720-660-9634
Email Address	ngravygirl@msn.com
Primary Phone	720-440-4533",,No,GCA105PVD,,No,Michael@Michaelallengray.Com,Yes,,Michael,08/01/2023,Gray,,No,,720-660-9634,No,No,No,
MEMBER,36742,Active,1,Joseph.besler@gmail.com,10 Desert Inn Way^^Colorado Springs^CO^80921^,,,,GCA10DIW,,,,No,12/31/2026,Joseph,03/06/2026,Besler,,,,719-419-4203,No,,No,
MEMBER,36742,Active,1,AlmaBuitron,10 Huntington Beach Drive^^Colorado Springs^CO^80921^,,,No,GCA10HBD,Luann Tomkinson,No,Abui6253@Gmail.Com,No,,Alma,12/19/2022,Buitron,,No,,,No,No,No,
MEMBER,36742,Active,2,JaneODay,10 Huntington Beach Drive^^Colorado Springs^CO^80921^,,,,GCA10HBD,,,,Yes,,Luann,12/19/2022,Tomkinson,,,,,,,No,Alma Buitron
MEMBER,36742,Active,1,MichaelORourke,110 Huntington Beach Drive^^Colorado Springs^CO^80921^,,,,GCA110HBD,,,rebeccaor@comcast.net,Yes,,Michael,11/03/1992,O'Rourke,,,,719-481-8536,,,No,
MEMBER,36742,Active,2,RebeccaORourke,110 Huntington Beach Drive^^Colorado Springs^CO^80921^,,,,GCA110HBD,,,,Yes,,Rebecca,11/03/1992,O'Rourke,,,,,,,No,Michael O`Rourke
MEMBER,36742,Active,1,AlvinEdwardJarrellIII,110 Palm Springs Drive^^Colorado Springs^CO^80921^,,,,GCA110PSD,,,,Yes,,Al,12/28/2016,Jarrell Iii,,,,,,,No,
MEMBER,36742,Active,2,JaimeJarrell,110 Palm Springs Drive^^Colorado Springs^CO^80921^,,,,GCA110PSD,,,,Yes,,Jaime,12/28/2016,Jarrell,,,,,,,No,Alvin Edward Jarrell
MEMBER,36742,Active,1,joenavalesi@cox.net,110 Pauma Valley Drive^^Colorado Springs^CO^80921^,,,,GCA110PVD,,,joenavalesi@cox.net,Yes,,Joseph,07/22/2019,Navalesi,,,,719-922-4248,,,No,
MEMBER,36742,Active,1,milnerpetra@yahoo.com,115 Desert Inn Way^^Colorado Springs^CO^80921^,removed mcpmilner@earthlink.net bad email - jevans 9/16/2012,,,GCA115DIW,,,Milnerpetra@Yahoo.Com,Yes,,nan,02/08/2002,Michael & Petra Milner Trust,,,,719-484-0424,,,No,
MEMBER^ADMINACC,36742,Active,1,ssfoxley@gmail.com,115 Palm Springs Drive^^Colorado Springs^CO^80921^,,,Yes,GCA115PSD,BAR-None Software Solutions,No,ssfoxley@gmail.com,Yes,,Sara,10/01/2026,Garvey,,No,,719-339-4644,No,No,No,
MEMBER,36742,Active,1,kyle.ziegler54@gmail.com,115 Rangely Drive^^Colorado Springs^CO^80921^,,,No,GCA115RD,,No,kyle.ziegler54@gmail.com,Yes,,Kyle,09/12/2026,Ziegler,,No,,618-401-1165,No,No,No,
MEMBER,36742,Active,2,karlie.ziegler,115 Rangely Drive^^Colorado Springs^CO^80921^,,,No,GCA115RD,,No,,No,,Karlie,09/12/2026,Ziegler,,No,,,No,No,No,Kyle Ziegler
MEMBER,36742,Active,1,mjpbrown@outlook.com,115 Wuthering Heights Drive^^Colorado Springs^CO^80921^,,,No,GCA115WHD,,No,mjpbrown@outlook.com,Yes,,Michael,09/01/2026,Brown,,No,,719-237-7330,No,No,No,
MEMBER,36742,Active,1,Tomdaevans@msn.com,120 Mission Hill Way^^Colorado Springs^CO^80921^,,,,GCA120MHW,,No,Dodie14@Comcast.Net,Yes,,Thomas,03/08/2022,Evans,,No,,719-332-3335,No,No,No,
MEMBER,36742,Active,1,laurenscharff@gmail.com,120 Rangely Drive^^Colorado Springs^CO^80921^,,,,GCA120RD,,,laurenscharff@gmail.com,Yes,,Lauren,05/04/2009,Scharff,,,,719-487-2889,,,No,
MEMBER,36742,Active,1,riceonthird@gmail.com,125 Doral Way^^Colorado Springs^CO^80921^,Doral legal from LeDantec,,,GCA125DW,,,riceonthird@gmail.com,Yes,,Brian,06/18/2004,Rice,,No,,719-668-2504,Yes,,No,
MEMBER,36742,Active,2,KarenRice,125 Doral Way^^Colorado Springs^CO^80921^,,,,GCA125DW,,,,Yes,,Karen,06/18/2004,Rice,,,,,,,No,Brian Rice
MEMBER,36742,Active,1,lancecbrown@gmail.com,125 Mission Hill Way^^Colorado Springs^CO^80921^,Phone & e-mail not working as of 6/4/10...Bill Carroll,,,GCA125MHW,,,brett@madgrit.com,Yes,,Annamarie,03/01/2018,Gibson,,,,,,,No,
MEMBER,36742,Active,1,k_public@comcast.net,125 Pauma Valley Drive^^Colorado Springs^CO^80921^,,,,GCA125PVD,,,k_public@comcast.net,Yes,,Kevin,06/16/2006,Kalbfleisch,,,,719-548-8385,,,No,
MEMBER,36742,Active,2,kalbfleisch.co@comcast.net,125 Pauma Valley Drive^^Colorado Springs^CO^80921^,k_public@comcast.net,,No,GCA125PVD,,No,kalbfleisch.co@comcast.net,Yes,,Anupama,06/16/2006,Kalbfleisch,,No,,719-337-0285,No,No,No,Kevin Kalbfleisch
MEMBER,36742,Active,1,Rslogan814@gmail.com,125 Wuthering Heights Drive^^Colorado Springs^CO^80921^,,,,GCA125WHD,,,Rslogan814@Gmail.Com,Yes,,nan,02/28/2013,Logan Family Trust,,,,719-632-5799,,,No,
MEMBER,36742,Active,2,RonaldLogan,125 Wuthering Heights Drive^^Colorado Springs^CO^80921^,,,,GCA125WHD,,,,Yes,,Ronald/Susan,02/28/2013,Logan,,,,,,,No,Susan Logan
MEMBER,36742,Active,1,rakanich@hotmail.com,130 Desert Inn Way^^Colorado Springs^CO^80921^,,,,GCA130DIW,,,rakanich@hotmail.com,Yes,,Randy,06/27/2002,Reynolds,,,,719-596-4517,,,No,
MEMBER,36742,Active,2,KarinReynolds,130 Desert Inn Way^^Colorado Springs^CO^80921^,,,,GCA130DIW,,,,Yes,,Karin,06/27/2002,Reynolds,,,,,,,No,Randy Reynolds
MEMBER,36742,Active,1,williamsgregg1952@gmail.com,130 Huntington Beach Drive^^Colorado Springs^CO^80921^,Gregg Williams requested access,,,GCA130HBD,Williams Family Revocable Living Trust,,Williamsgregg1952@Gmail.Com,No,,nan,09/15/2021,Williams Family Reocable Living Trust,,,,,,,No,
MEMBER,36742,Active,1,AmgadYassa,130 Palm Springs Way^^Colorado Springs^CO^80921^,,,,GCA130PSW,,,Amgadyassa@Gmail.Com,No,,Amgad,09/30/2021,Yassa,,,,,,,No,
MEMBER,36742,Active,1,pat80925@windowslive.com,130 Wuthering Heights Drive^^Colorado Springs^CO^80921^,"2.23.15: Added email address
pat80925@windowslive.com",,No,GCA130WHD,,No,pat80925@windowslive.com,Yes,,Patrick,08/07/2014,Stanley,,No,,719-244-5118,No,No,No,
MEMBER,36742,Active,2,AnnStanley,130 Wuthering Heights Drive^^Colorado Springs^CO^80921^,,,,GCA130WHD,,,,Yes,,Ann,08/07/2014,Stanley,,,,,,,No,Patrick Stanley
MEMBER,36742,Active,1,carrieasolano@gmail.com,135 Desert Inn Way^^Colorado Springs^CO^80921^,,,,GCA135DIW,,,Carrieasolano@Gmail.Com,Yes,12/31/2026,Raymond,01/07/2026,Solando,,,,719-424-6154,No,,No,
MEMBER,36742,Active,2,LindaWakin,135 Desert Inn Way^^Colorado Springs^CO^80921^,,,,GCA135DIW,,,,Yes,,Carrie,08/07/1987,Solando,,,,,,,No,carrie Solano
MEMBER,36742,Active,1,dorapcouch@gmail.com,135 Doral Way^^Colorado Springs^CO^80921^,"5.23.15: EPCA 4501 Fair Creek Ter, Aledo, TX 76008 same owner 12.30.15: Notice that returning to property on 2.1.16",,,GCA135DW,,,Dorapcouch@Gmail.Com,Yes,,nan,04/16/2001,Couch Family Trust,,,,719-648-8038,,,No,
MEMBER,36742,Active,1,crdelich@mac.com,135 Palm Springs Drive^^Colorado Springs^CO^80921^,,,,GCA135PSD,,,calbestrecker30@gmail.com,Yes,,Caleb,06/06/1991,Strecker,,,,719-481-2119,,,No,
MEMBER,36742,Active,2,LisaDelich,135 Palm Springs Drive^^Colorado Springs^CO^80921^,,,,GCA135PSD,,,,Yes,,Samantha,06/06/1991,Strecker,,,,,,,No,Charles Delich
MEMBER,36742,Active,1,debstover,135 Rangely Drive^^Colorado Springs^CO^80921^,Flowers delivered 6/26/22,,,GCA135RD,,No,deb@debstover.com,Yes,,Deb,12/08/2021,Stover,,No,,719-229-3860,No,No,No,
MEMBER,36742,Active,1,NancyBull,13905 Westchester Drive^^Colorado Springs^CO^80921^,,,,GCA13905WD,,,,Yes,,Nancy,07/29/2013,Bull,,,,719-651-6597,,,No,
MEMBER,36742,Active,1,ChristopherRatcliff,13915 Westchester Drive^^Colorado Springs^CO^80921^,,,No,GCA13915WD,,No,Cd_Ratcliff@Hotmail.Com,Yes,,Christopher,08/16/2023,Ratcliff,,No,,,No,No,No,
MEMBER,36742,Active,1,EricTaimanglo,13920 Westchester Drive^^Colorado Springs^CO^80921^,,,No,GCA13920WD,,No,Lissaluck@gmail.com,No,,Eric,12/13/2021,Taimanglo,,No,,,No,No,No,
MEMBER,36742,Active,1,chocholaty.petr@gmail.com,13925 Westchester Drive^^Colorado Springs^CO^80921^,hhchocholaty@gmail.com,,No,GCA13925WD,,No,chocholaty.petr@gmail.com,Yes,,Petr,04/05/2013,Chocholaty,,No,,719-640-6201,No,No,No,
MEMBER,36742,Active,2,HeatherChocholaty,13925 Westchester Drive^^Colorado Springs^CO^80921^,,,,GCA13925WD,,,,Yes,,Heather,04/05/2013,Chocholaty,,,,,,,No,Petr Chocholaty
MEMBER,36742,Active,1,scott_robb@hotmail.com,13930 Westchester Drive^^Colorado Springs^CO^80921^,"Email Address	scott_robb@hotmail.com
Primary Phone	407-257-2230",,No,GCA13930WD,,No,Chiquicap@Gmail.Com,No,,Renato,09/22/2023,Capistrano,,No,,407-257-2230,No,No,No,
MEMBER,36742,Active,1,jeanbrown8244@gmail.com,13935 Westchester Drive^^Colorado Springs^CO^80921^,,,No,GCA13935WD,,No,jeanbrown8244@gmail.com,Yes,,Jean Ann,06/22/2015,Brown,,No,,908-801-3080,No,No,No,
MEMBER,36742,Active,1,morganlsummers1@gmail.com,13940 Westchester Drive^^Colorado Springs^CO^80921^,"morganlsummers1@gmail.com
Leocadio Esqueda
Greeted on 10/28/23",,No,GCA13940WD,,No,Leocadio.Esqueda21@Gmail.Com,Yes,,Morgan,08/02/2023,Summers,,No,,907-351-6818,No,No,No,
MEMBER,36742,Active,1,Lorena.Benavidez,13945 Westchester Drive^^Colorado Springs^CO^80921^,,,,GCA13945WD,,No,lib0302@live.com,Yes,,Lorena,12/15/2021,Benavidez,,Yes,,,No,,No,
MEMBER,36742,Active,1,MichaelWader,13950 Westchester Drive^^Colorado Springs^CO^80921^,,,,GCA13950WD,,,,Yes,,Michael,09/10/1993,Wader,,,,,,,No,
MEMBER,36742,Active,2,JungShuWader,13950 Westchester Drive^^Colorado Springs^CO^80921^,,,,GCA13950WD,,,,Yes,,Jung Shu,09/10/1993,Wader,,,,,,,No,Michael Wader
MEMBER,36742,Active,1,ThomasEWells,13965 Westchester Drive^^Colorado Springs^CO^80921^,,,,GCA13965WD,,,Thesuzannewells@Gmail.Com,Yes,,Thomas,12/14/2016,Wells,,,,719-232-7678,,,No,
MEMBER,36742,Active,2,thesuzannewells@gmail.com,13965 Westchester Drive^^Colorado Springs^CO^80921^,,,,GCA13965WD,,,,Yes,,Suzanne,12/14/2016,Wells,,,,,,,No,Thomas E Wells
MEMBER,36742,Active,1,luckett.home@comcast.net,13975 Westchester Drive^^Colorado Springs^CO^80921^,,,,GCA13975WD,,,luckett.home@comcast.net,Yes,,Bruce,10/02/1990,Luckett,,,,719-481-4995,,,No,
MEMBER,36742,Active,2,GailLuckett,13975 Westchester Drive^^Colorado Springs^CO^80921^,,,,GCA13975WD,,,,Yes,,Gail,10/02/1990,Luckett,,,,,,,No,Bruce Luckett
MEMBER,36742,Active,1,kdbenterprise@yahoo.com,13985 Westchester Drive^^Colorado Springs^CO^80921^,,,,GCA13985WD,,,karlbarela692@gmail.com,Yes,12/31/2026,Karl,01/10/2026,Barela,,,,719-332-2672,No,,No,
MEMBER,36742,Active,2,AnastasiaCummings,13985 Westchester Drive^^Colorado Springs^CO^80921^,,,,GCA13985WD,,,,Yes,,Canler Marion,05/30/2013,Barela,,,,,,,No,Karl Barela
MEMBER,36742,Active,1,AdamEggehorn,13995 Westchester Drive^^Colorado Springs^CO^80921^,,,,GCA13995WD,,No,Aeggehorn@Hotmail.Com,Yes,,Adam,07/17/2017,Eggehorn,,No,,626-372-0220,No,No,No,
MEMBER,36742,Active,2,MarissaEgghorn,13995 Westchester Drive^^Colorado Springs^CO^80921^,,,,GCA13995WD,,,,Yes,,Marissa,07/17/2017,Eggehorn,,,,,,,No,Adam Eggehorn
MEMBER,36742,Active,1,BaxterGarside,14005 Westchester Drive^^Colorado Springs^CO^80921^,,,,GCA14005WD,,,,Yes,,Baxter,07/21/1988,Garside,,,,719-488-2443,,,No,
MEMBER,36742,Active,2,FlorettaGarside,14005 Westchester Drive^^Colorado Springs^CO^80921^,,,,GCA14005WD,,,,Yes,,Floretta,07/21/1988,Garside,,,,,,,No,Baxter Garside
MEMBER,36742,Active,1,woodstylesjohn@gmail.com,14015 Gleneagle Drive^^Colorado Springs^CO^80921^,sold by the Summit at Gleneagle,,,GCA14015GD,,,j.sterz.h@gmail.com,Yes,,Jay,04/29/2019,Harvill,,,,719-645-9988,,,No,
MEMBER,36742,Active,1,COSREVENTURES2LLC,19115 Wing Tip Road^^Colorado Springs^CO^80918^,,,,GCA14015WD,COS RE VENTURES 2 LLC,No,Jt180@Live.Com,Yes,,nan,01/20/2021,Cos Re Ventures 2 Llc,,No,,,No,Yes,No,
MEMBER,36742,Active,1,robert.droke@yahoo.com,14020 Gleneagle Drive^^Colorado Springs^CO^80921^,"the Summit at Gleneagle Murphys Custom Homes, 13977 Milan Road #192, 80908",,,GCA14020GD,,,robert.droke@yahoo.com,Yes,,Robert,10/22/2019,Droke,,,,469-285-6600,,,No,
MEMBER,36742,Active,2,LauraDroke,14020 Gleneagle Drive^^Colorado Springs^CO^80921^,,,,GCA14020GD,,,,Yes,,Laura,10/22/2019,Droke,,,,,,,No,Robert Droke
MEMBER,36742,Active,1,steve.partlow@me.com,14025 Gleneagle Drive^^Colorado Springs^CO^80921^,the Summit at Gleneagle,,,GCA14025GD,,No,Separtlow@Gmail.Com,Yes,,Stephen,09/17/2018,Partlow,,No,,719-358-1594,Yes,,No,
MEMBER,36742,Active,2,CandyPartlow,14025 Gleneagle Drive^^Colorado Springs^CO^80921^,,,,GCA14025GD,,,,Yes,,Candace,09/17/2018,Partlow,,,,,,,No,Steve Partlow
MEMBER,36742,Active,1,SharonNewton,14030 Gleneagle Drive^^Colorado Springs^CO^80921^,,,No,GCA14030GD,,No,,No,,Sharon,02/27/2023,Newton,,No,,,No,No,No,
MEMBER,36742,Active,1,AliceWard,14035 Gleneagle Drive^^Colorado Springs^CO^80921^,,,,GCA14035GD,,,alison.sherrow@gmail.com,Yes,,nan,08/23/1991,Alice B Sherrow Trust,,,,719-488-2012,,,No,
MEMBER,36742,Active,2,AmyKerr14035,14035 Westchester Drive^^Colorado Springs^CO^80921^,"Owner address added 3/19/15 per K. Deardorff- MS; ""8.9.15, 2012 dues pd, owe 13, 14, 15 per ltr of intent""",,,GCA14035WD,,,,Yes,,Amy,12/16/2008,Kerr,,,,719-351-0697,,,No,Floyd Kerr
MEMBER,36742,Active,1,floydkalum@gmail.com,Po Box 5247^^Lompoc^CA^93437^,"Owner address added 3/19/15 per K. Deardorff- MS; ""8.9.15, 2012 dues pd, owe 13, 14, 15 per ltr of intent""
PO BOX 5247 LOMPOC CA, 93437-0247",,No,GCA14035WD,,No,Floydkalum@Gmail.Com,Yes,,Floyd,12/16/2008,Kerr,,No,,719-351-0697,No,No,No,
MEMBER,36742,Active,1,ClayCompanies@gmail.com,14045 Gleneagle Drive^^Colorado Springs^CO^80921^,(719) 492-1863 / (719) 492-8858,,,GCA14045GD,,,Claycompanies@Gmail.Com,Yes,,Jason,03/30/2016,Bowles,,,,,,,No,
MEMBER,36742,Active,2,morgan.bowles94@gmail.com,14045 Gleneagle Drive^^Colorado Springs^CO^80921^,,,,GCA14045GD,,,,Yes,,Michelle,03/30/2016,Bowles,,,,719-322-7242,No,,No,Jason C Bowles
MEMBER,36742,Active,1,DLSMMS@reagan.com,14055 Gleneagle Drive^^Colorado Springs^CO^80921^,06/17/2019,,,GCA14055GD,,,dlsmms@reagan.com,Yes,,Daniel,06/19/2019,Smith,,,,,,,No,
MEMBER,36742,Active,2,MargaretSmith,14055 Gleneagle Drive^^Colorado Springs^CO^80921^,,,,GCA14055GD,,,,Yes,,Margaret,06/19/2019,Smith,,,,,,,No,Daniel Smith
MEMBER,36742,Active,1,mlokeefe@gmail.com,14055 Westchester Drive^^Colorado Springs^CO^80921^,,,,GCA14055WD,,,Mlokeefe@Gmail.Com,Yes,,John,08/16/2005,Leipold,,,,719-227-1397,,,No,
MEMBER,36742,Active,2,MaureenOkeefe,14055 Westchester Drive^^Colorado Springs^CO^80921^,,,,GCA14055WD,,,,Yes,,Maureen,08/16/2005,O'keefe,,,,719-227-1397,,,No,John Leipold
MEMBER,36742,Active,1,barneyP53@comcast.net,14060 Gleneagle Drive^^Colorado Springs^CO^80921^,,,,GCA14060GD,,,Barneyp53@Comcast.Net,Yes,,Barney,11/03/1995,Parker,,,,719-481-3948,,,No,
MEMBER,36742,Active,2,PaulineParker,14060 Gleneagle Drive^^Colorado Springs^CO^80921^,,,,GCA14060GD,,,,Yes,,Anna,11/03/1995,Parker,,,,,,,No,Barney Parker
MEMBER,36742,Active,1,evan@evanpetersen.com,14065 Gleneagle Drive^^Colorado Springs^CO^80921^,Provided Closing Documents (Mortgage Insurance),,,GCA14065GD,,No,Evan@Evanpetersen.Com,No,,Evan,11/29/2021,Petersen,,No,,541-840-8249,No,Yes,No,
MEMBER,36742,Active,2,Jae.Jasper,14065 Gleneagle Drive^^Colorado Springs^CO^80921^,,,,GCA14065GD,,No,,No,,Jae,11/29/2021,Bealena Jasper,,Yes,,,No,,No,Evan Petersen
MEMBER,36742,Active,1,mistercorona@gmail.com,14070 Gleneagle Drive^^Colorado Springs^CO^80921^,,,,GCA14070GD,,,mistercorona@gmail.com,Yes,,Ricky,03/23/2018,Corona,,,,512-804-6352,,,No,
MEMBER,36742,Active,2,PilarCorona,14070 Gleneagle Drive^^Colorado Springs^CO^80921^,,,,GCA14070GD,,,,Yes,,Pilar,03/23/2018,Corona,,,,,,,No,Ricky Corona
MEMBER,36742,Active,1,JoanPowell,14075 Gleneagle Drive^^Colorado Springs^CO^80921^,,,,GCA14075GD,,,Jpr1r2@Msn.Com,Yes,,Richard,01/01/1983,Powell,,,,,,,No,
MEMBER,36742,Active,2,RichardPowell,14075 Gleneagle Drive^^Colorado Springs^CO^80921^,,,,GCA14075GD,,,,Yes,,Joan,01/01/1983,Powell,,,,,,,No,Joan Powell
MEMBER,36742,Active,2,HeatherMisja,14075 Westchester Drive^^Colorado Springs^CO^80921^,,,,GCA14075WD,,No,,No,,Heather,03/11/2022,Misja,,No,,,No,No,No,nan Misja Living Trust
MEMBER,36742,Active,1,MatthewMisja,16691 Timber Meadow Drive^^Colorado Springs^CO^80908^,6/12/22 Matt & Heather bought this property from their parents and will soon occupy it when parents move out.,,,GCA14075WD,,No,Heathermisja@Gmail.Com,No,,nan,03/11/2022,Misja Living Trust,,No,,412-720-9368,No,No,No,
MEMBER,36742,Active,1,elkhunter6@juno.com,14080 Gleneagle Drive^^Colorado Springs^CO^80921^,,,,GCA14080GD,,,Elkhunter6@Juno.Com,Yes,,Tiew,07/05/1991,Hume,,,,719-488-9218,,,No,
MEMBER,36742,Active,1,96sue16beam@gmail.com,14080 Westchester Drive^^Colorado Springs^CO^80921^,,,,GCA14080WD,,,Djharden21@Gmail.Com,Yes,,Darin,04/04/2004,Harden,,,,719-481-4514,,,No,
MEMBER,36742,Active,1,ChristopherGleneagleHOA@gmail.com,14085 Gleneagle Drive^^Colorado Springs^CO^80921^,Kim is not shown as a co-owner on County records,,,GCA14085GD,,,Christophergleneaglehoa@Gmail.Com,Yes,,Christopher,06/06/2001,Doniec,,,,719-358-8017,,,No,
MEMBER,36742,Active,2,KimDoniec,14085 Gleneagle Drive^^Colorado Springs^CO^80921^,,,,GCA14085GD,,,,Yes,,Kimberly,06/06/2001,Doniec,,,,,,,No,Christopher Doniec
MEMBER,36742,Active,1,charlotte.d.andrews@gmail.com,14090 Gleneagle Drive^^Colorado Springs^CO^80921^,,,,GCA14090GD,,,charlotte.d.andrews@gmail.com,Yes,,Charlotte,05/20/2019,Andrews,,,,719-900-3121,,,No,
MEMBER,36742,Active,2,jeremy.d.andrews@gmail.com,14090 Gleneagle Drive^^Colorado Springs^CO^80921^,,,,GCA14090GD,,,jeremy.d.andrews@gmail.com,Yes,,Jeremy,05/20/2019,Andrews,,,,,,,No,Charlotte Andrews
MEMBER,36742,Active,1,jdbrn42@yahoo.com,14090 Westchester Drive^^Colorado Springs^CO^80921^,"Sent cancelled 2002 check with 2003 check, don’t know where it's recorded?",,,GCA14090WD,,,Jdbrn42@Yahoo.Com,Yes,,nan,07/06/1992,J&KB Living Trust,,,,719-481-9853,,,No,
MEMBER,36742,Active,2,KarrieBrown,14090 Westchester Drive^^Colorado Springs^CO^80921^,,,,GCA14090WD,,,,Yes,,Karrie,07/06/1992,Brown Trustee,,,,,,,No,Joel Brown
MEMBER,36742,Active,1,PatrickGruber,14095 Gleneagle Drive^^Colorado Springs^CO^80921^,,,,GCA14095GD,,No,splitf16@mac.com,Yes,,Christopher,05/13/2022,Colcord,,Yes,,,No,No,No,
MEMBER,36742,Active,1,memzjohnson@yahoo.com,14095 Westchester Drive^^Colorado Springs^CO^80921^,"3785 Lower Honoapilani Rd Apt 316, Lahaina, HI 96761-9333 on check in 2021",,,GCA14095WD,,,Memzjohnson@Yahoo.Com,Yes,,nan,04/01/2011,Johnson Family Trust,,,,720-398-7161,,,No,
MEMBER,36742,Active,1,jim.evans@yahoo.com,140 Desert Inn Way^^Colorado Springs^CO^80921^,,,,GCA140DIW,,,jim.evans@yahoo.com,Yes,,Jim,06/16/2021,Evans,,,,719-641-2466,,,No,
MEMBER,36742,Active,1,mark_kohman@hotmail.com,140 Mission Hill Way^^Colorado Springs^CO^80921^,,,,GCA140MHW,,,caitlyncarlson87@gmail.com,Yes,,Robert,02/25/2020,Carlson,,,,,,,No,
MEMBER,36742,Active,2,WendyKohman,140 Mission Hill Way^^Colorado Springs^CO^80921^,,,,GCA140MHW,,,,Yes,,Caitlyn,02/25/2020,Carlson,,,,,,,No,Mark Kohman
MEMBER,36742,Active,1,lmandrus41@yahoo.com,140 Palm Springs Drive^^Colorado Springs^CO^80921^,,,No,GCA140PSD,,No,Lmandrus140@gmail.com,Yes,,nan,10/20/1995,Larry M Andrus Living Trust,,No,,719-464-1194,No,No,No,
MEMBER,36742,Active,1,william.l.lewis@usa.net,140 Pauma Valley Drive^^Colorado Springs^CO^80921^,,,,GCA140PVD,,,stacyLholloway@yahoo.com,Yes,,Stacy,09/02/2021,Lewis,,,,615-305-2656,,,No,
MEMBER,36742,Active,2,oma1962@yahoo.com,140 Pauma Valley Drive^^Colorado Springs^CO^80921^,,,,GCA140PVD,,,,No,,William,09/02/2021,Lewis,,,,719-947-2806,,,No,William Lewis
MEMBER,36742,Active,1,kenc@urassociation.com,140 Rangely Drive^^Colorado Springs^CO^80921^,,,,GCA140RD,,,kenc@urassociation.com,Yes,,Kenneth,02/11/2004,Childress,,,,719-488-0944,,,No,
MEMBER,36742,Active,2,BarbaraInlow-Childress,140 Rangely Drive^^Colorado Springs^CO^80921^,,,,GCA140RD,,,,Yes,,Barbara,02/11/2004,Inlow-Childress,,,,,,,No,Kenneth Childress
MEMBER,36742,Active,1,giniehas3@hotmail.com,140 Wuthering Heights Drive^^Colorado Springs^CO^80921^,ELPCO: CEDOTAL VIRGINIE,,,GCA140WHD,,No,Giniehas3@Hotmail.Com,Yes,,Virginie,09/01/2009,Cedotal,,No,,719-231-0359,Yes,No,No,
MEMBER,36742,Active,1,rphelps1@att.net,14105 Candlewood Court^^Colorado Springs^CO^80921^,,,,GCA14105CWC,,,Rphelps1@Att.Net,Yes,,Robert,11/27/2013,Phelps,,,,,,,No,
MEMBER,36742,Active,2,MarionSchwartz,14105 Candlewood Court^^Colorado Springs^CO^80921^,,,,GCA14105CWC,,,,Yes,,Marion,11/27/2013,Schwarz,,,,,,,No,Robert Phelps
MEMBER,36742,Active,1,beverlyg444@aol.com,14108 Candlewood Court^^Colorado Springs^CO^80921^,This is a legally combined lot with 14102 Candlewood Ct. but not with 14114 Candlewood.  Legally combined with 14114 starting in 2010.,,,GCA14108CWC,,,beverlyg444@aol.com,Yes,,Tom,07/31/2017,Graham,,,,719-322-5799,,,No,
MEMBER,36742,Active,1,Kenneth.Nieland,14112 Stone Eagle Place^^Colorado Springs^CO^80921^,,,,GCA14112SEP,,No,kdnieland87@gmail.com,Yes,,Kenneth,11/05/2021,Nieland,,Yes,,,No,,No,
MEMBER,36742,Active,2,Denise.Nieland,14112 Stone Eagle Place^^Colorado Springs^CO^80921^,,,,GCA14112SEP,,No,,No,,Denise,11/05/2021,Nieland,,Yes,,,No,,No,Kenneth Nieland
MEMBER,36742,Active,1,jrossmorrison@msn.com,14115 Candlewood Court^^Colorado Springs^CO^80921^,e-mail change in May 2009,,,GCA14115CWC,,,jrossmorrison@msn.com,Yes,,John,02/27/7998,Morrison,,,,719-481-0109,,,No,
MEMBER,36742,Active,2,SandraMorrison,14115 Candlewood Court^^Colorado Springs^CO^80921^,,,,GCA14115CWC,,,,Yes,,Sandra,02/27/7998,Morrison,,,,,,,No,John Morrison
MEMBER,36742,Active,1,PeteChagolla,8330 Clifton Drive^^Colorado Springs^CO^80920^,,,,GCA14115GD,,,,Yes,,Peter,07/28/2021,Chagolla Jr,,,,719-282-3913,,,No,
MEMBER,36742,Active,2,KariChagolla,8330 Clifton Drive^^Colorado Springs^CO^80920^,,,,GCA14115GD,,,,Yes,,Kari,07/28/2021,Clements-Chagolla,,,,,,,No,Pete Chagolla
MEMBER,36742,Active,1,comorrissey@aol.com,14115 Westchester Drive^^Colorado Springs^CO^80921^,,,,GCA14115WD,,,Comorrissey@Aol.Com,Yes,,Michael,09/29/1993,Morrissey,,,,719-481-9599,,,No,
MEMBER,36742,Active,1,pauldsikkema@gmail.com,14120 Candlewood Court^^Colorado Springs^CO^80921^,,,,GCA14120CWC,,No,pauldsikkema@gmail.com,Yes,,Lambert,10/12/2021,Sikkema,,No,,719-466-1590,No,No,Yes,
MEMBER,36742,Active,2,Elisabethsikkema,14120 Candlewood Court^^Colorado Springs^CO^80921^,,,,GCA14120CWC,BTD Enterprise,No,triviandickard@yahoo.com,No,,Elisabeth,10/12/2021,Sikkema,,No,,,No,No,Yes,Lambert Sikkema
MEMBER,36742,Active,1,lcoretail@icloud.com,14120 Gleneagle Drive^^Colorado Springs^CO^80921^,"New e-mail as of July 15, 2008 L. Oliver not receiving emails- added email address 7/31/2015",,,GCA14120GD,,,Afgator@Icloud.Com,Yes,,Larry,08/16/1991,Oliver,,,,719-488-9625,No,,No,
MEMBER,36742,Active,2,CarrieOliver,14120 Gleneagle Drive^^Colorado Springs^CO^80921^,,,,GCA14120GD,,,,Yes,,Carol,08/16/1991,Oliver,,,,,,,No,Larry Oliver
MEMBER,36742,Active,1,NicholasRyanNail,14120 Westchester Drive^^Colorado Springs^CO^80921^,,,,GCA14120WD,,,,Yes,,Nicholas,02/14/2018,Nail,,,,719-238-9731,,,No,
MEMBER,36742,Active,2,kristen.nail24@gmail.com,14120 Westchester Drive^^Colorado Springs^CO^80921^,,,,GCA14120WD,,,kristen.nail24@gmail.com,Yes,,Kristen,02/14/2018,Nail,,,,,,,No,Nicholas Nail
MEMBER,36742,Active,1,ryan.mullin@newmont.com,14124 Stone Eagle Place^^Colorado Springs^CO^80921^,the Summit at Gleneagle,,,GCA14124SEP,,,ryan.mullin@newmont.com,Yes,,James,10/23/2020,Mullin,,,,,,,No,
MEMBER,36742,Active,2,LindyMullin,14124 Stone Eagle Place^^Colorado Springs^CO^80921^,,,,GCA14124SEP,,,,Yes,,Lindy,10/23/2020,Mullin,,,,,,,No,James Mullin
MEMBER,36742,Active,1,H.L.Kane@hotmail.com,14125 Candlewood Court^^Colorado Springs^CO^80921^,,,,GCA14125CWC,,,Ckkane65@Hotmail.Com,Yes,,Christopher,07/05/2002,Kane,,,,719-591-2698,,,No,
MEMBER,36742,Active,1,toldyme@aol.com,14315 Granby Road^^Colorado Springs^CO^80921^,,,,GCA14130CWC,,,Toldyme@Aol.Com,Yes,,Stephen,06/06/1992,Toldy,,,,,,,No,
MEMBER,36742,Active,2,KatherineToldy,14315 Granby Road^^Colorado Springs^CO^80921^,,,,GCA14130CWC,,,,Yes,,Margaret/Katherine,06/06/1992,Toldy,,,,,,,No,Stephen Toldy
MEMBER,36742,Active,1,JFP6625@comcast.net,14130 Gleneagle Drive^^Colorado Springs^CO^80921^,,,,GCA14130GD,,,jfp6625@comcast.net,Yes,,John,10/23/1991,Poltenovage,,,,719-481-2977,,,No,
MEMBER,36742,Active,2,ChristianePoltenovage,14130 Gleneagle Drive^^Colorado Springs^CO^80921^,,,,GCA14130GD,,,,Yes,,Christiane,10/23/1991,Poltenovage,,,,,,,No,John Poltenovage
MEMBER,36742,Active,1,hroberts123@gmail.com,14135 Candlewood Court^^Colorado Springs^CO^80921^,,,,GCA14135CWC,,,nathanielwedwards@gmail.com,Yes,,Nathaniel,09/13/2026,Edwards,,,,541-944-9414,No,,No,
MEMBER,36742,Active,1,jimyagmin@yahoo.com,14135 Westchester Drive^^Colorado Springs^CO^80921^,,,,GCA14135WD,,,Jimyagmin@Yahoo.Com,Yes,,James,05/31/2013,Yagmin,,,,719-260-9602,,,No,
ADMIN,36742,Active,1,bruce.a.randall@gmail.com,14140 Gleneagle Drive^^Colorado Springs^CO^80921^,,,No,GCA14140GD,,No,Bruce.A.Randall@Gmail.Com,Yes,,Bruce,06/03/2021,Randall,,No,,719-648-6022,Yes,No,No,
MEMBER,36742,Active,2,barandall7960@yahoo.com,14140 Gleneagle Drive^^Colorado Springs^CO^80921^,,,No,GCA14140GD,BAR-None Software Solutions,No,,No,,Shawna,06/03/2021,Randall,,No,,719-648-6022,No,No,No,Bruce Randall
MEMBER,36742,Active,1,asmith489@tampabay.rr.com,14140 Westchester Drive^^Colorado Springs^CO^80921^,,,,GCA14140WD,,,asmith489@tampabay.rr.com,Yes,,Alyson,03/02/2020,Smith,,,,719-209-2810,,,No,
MEMBER,36742,Active,1,adamwilliams007@gmail.com,14145 Gleneagle Drive^^Colorado Springs^CO^80921^,"lot sold by the Summit at Gleneagle
719-684-4261
adamwilliams007@gmail.com
adam@magneti.com",,No,GCA14145GD,,No,adamwilliams007@gmail.com,Yes,,Adam,02/22/2019,Williams,,No,,719-684-4261,No,No,No,
MEMBER,36742,Active,2,JessicaWilliams,14145 Gleneagle Drive^^Colorado Springs^CO^80921^,,,,GCA14145GD,,,,Yes,,Jessica,02/22/2019,Williams,,,,,,,No,Adam Williams
MEMBER,36742,Active,1,thomrogers71@gmail.com,14148 Stone Eagle Place^^Colorado Springs^CO^80921^,,,,GCA14148SEP,,No,thomrogers71@gmail.com,Yes,,Thomas,03/08/2022,Rogers,,No,,571-228-5040,No,No,No,
MEMBER,36742,Active,1,fthomson1@q.com,14150 Candlewood Court^^Colorado Springs^CO^80921^,,,,GCA14150CWC,,,Fthomson1@Q.Com,Yes,,Marvel,03/31/2017,Thomson,,,,719-488-6746,,,No,
MEMBER,36742,Active,1,ed_toner@yahoo.com,14150 Gleneagle Drive^^Colorado Springs^CO^80921^,,,No,GCA14150GD,,No,ed_toner@yahoo.com,Yes,,Ed,10/02/2000,Toner,,No,,719-314-6287,Yes,No,No,
MEMBER,36742,Active,1,fergusonchaney9@gmail.com,14155 Candlewood Court^^Colorado Springs^CO^80921^,,,,GCA14155CWC,,No,Fergusonchaney9@Gmail.Com,Yes,,Chaney,04/04/2019,Ferguson,,No,,210-202-9791,No,No,No,
MEMBER,36742,Active,2,PamelaJoyceFerguson,14155 Candlewood Court^^Colorado Springs^CO^80921^,,,,GCA14155CWC,,,,Yes,,Pamela,04/04/2019,Ferguson,,,,,,,No,Chaney Lee Ferguson
MEMBER,36742,Active,1,brucejane@bellsouth.net,14155 Gleneagle Drive^^Colorado Springs^CO^80921^,"the Summit at Gleneagle transfer Current legal address: 401 East Liberty St., Milford, MI 48381",,,GCA14155GD,,,greenpeg2021@gmail.com,Yes,,Chris,04/24/2018,Senanayake,,No,,865-742-2378,Yes,,No,
MEMBER,36742,Active,2,JaneLitchfield,14155 Gleneagle Drive^^Colorado Springs^CO^80921^,,,,GCA14155GD,,,,Yes,,Margaret,04/24/2018,Senanayake,,,,,,,No,Bruce Litchfield
MEMBER,36742,Active,1,GlendaLaunder,14160 Gleneagle Drive^^Colorado Springs^CO^80921^,,,No,GCA14160GD,,No,glenna.launder@gmail.com,Yes,,Glenda,08/11/2022,L Launder,,No,,,No,No,No,
MEMBER,36742,Active,1,mimi.shekoski@comcast.net,14160 Stone Eagle Place^^Colorado Springs^CO^80921^,the Summit at Gleneagle,,,GCA14160SEP,,No,Mimi.Shekoski@Comcast.Net,Yes,,Paul,03/10/2020,Shekoski,,No,,815-354-8856,No,No,No,
MEMBER,36742,Active,1,high5dozier@comcast.net,14160 Westchester Drive^^Colorado Springs^CO^80921^,,,,GCA14160WD,,,high5dozier@comcast.net,Yes,,Neil,12/30/2005,Dozier,,,,719-590-7682,,,No,
MEMBER,36742,Active,2,LisaDozier,14160 Westchester Drive^^Colorado Springs^CO^80921^,,,,GCA14160WD,,,,Yes,,Lisa,12/30/2005,Dozier,,,,,,,No,Neil Dozier
MEMBER,36742,Active,1,brianjv1957@gmail.com,14161 Stone Eagle Place^^Colorado Springs^CO^80921^,"brianjv1957@gmail.com
Greeted/Welcome Flowers 9/4/23",,No,GCA14161SEP,Cindy,No,Brianjv1957@Gmail.Com,Yes,,Brian,01/19/2023,Veldhuizen,,No,,217-971-2681,No,No,No,
MEMBER,36742,Active,1,Mtnbizpro@gmail.com,14165 Gleneagle Drive^^Colorado Springs^CO^80921^,,,,GCA14165GD,,,Mtnbizpro@Gmail.Com,Yes,12/31/2026,Bartholomew,12/30/2025,Ingallina,,,,850-357-6412,No,,No,
MEMBER,36742,Active,1,rr.chambon@gmail.com,14170 Candlewood Court^^Colorado Springs^CO^80921^,"Changed e-mail address on 03-22-10
significant other: Bobby Kerr  (Chambon will change to Kerr after marriage)
rr.chambon@gmail.com
robin@thecuttingedgerealtors.com",,No,GCA14170CWC,,No,rr.chambon@gmail.com,Yes,,Robin,03/13/1991,Chambon,,Yes,,719-440-2525,No,No,No,
MEMBER,36742,Active,1,skicolo14@reagan.com,14170 Gleneagle Drive^^Colorado Springs^CO^80921^,,,,GCA14170GD,,,Skicolo14@Reagan.Com,Yes,,William,11/13/2000,Tanner,,,,719-488-1298,,,No,
MEMBER,36742,Active,2,JanellTanner,14170 Gleneagle Drive^^Colorado Springs^CO^80921^,,,,GCA14170GD,,,,Yes,,Janelle,11/13/2000,Tanner,,,,,,,No,Kevin Tanner
MEMBER,36742,Active,1,dawn.m.krupa@gmail.com,14172 Stone Eagle Place^^Colorado Springs^CO^80921^,,,No,GCA14172SEP,,No,Cyndy@Castain.Org,Yes,,nan,03/08/2022,Castain Family Trust,,No,,,No,No,No,
MEMBER,36742,Active,1,caabbf0b9c1711ecb2c6246e967886f8,14175 Candlewood Court^^Colorado Springs^CO^80921^,"cwlunas@hotmail.com
443-243-9631
PO Box 2902
Stika, AK 99835",,No,GCA14175CWC,,No,Armytaus@Gmail.Com,Yes,,Alexander,10/01/2018,Taus,,No,,503-260-3705,No,No,No,
MEMBER,36742,Active,1,leahlou622@gmail.com,14175 Gleneagle Drive^^Colorado Springs^CO^80921^,Lot 16 - the Summit at Gleneagle - bought by New Haven Homes,,No,GCA14175GD,,No,Leahlou622@Gmail.Com,Yes,,Leah,02/10/2020,Newmark,,No,,,No,No,No,
MEMBER,36742,Active,1,hmitchell01@comcast.net,14180 Gleneagle Drive^^Colorado Springs^CO^80921^,"cell# 439-7652
hmitchell01@comcast.net",,No,GCA14180GD,,No,hmitchell01@comcast.net,Yes,,Henry,10/27/1993,Mitchell,,No,,719-488-0969,No,No,No,
MEMBER,36742,Active,1,schmgm23@msn.com,14180 Westchester Drive^^Colorado Springs^CO^80921^,,,,GCA14180WD,,,Quinning0620@Comcast.Net,Yes,,Michael,02/05/2003,Quinn,,,,719-660-8162,,,No,
MEMBER,36742,Active,2,TrudySchmid,14180 Westchester Drive^^Colorado Springs^CO^80921^,,,,GCA14180WD,,,,Yes,,Jaclyn,02/05/2003,Quinn,,,,,,,No,Gary Schmid
MEMBER,36742,Active,1,JamesSchrock,14184 Stone Eagle Place^^Colorado Springs^CO^80921^,the Summit at Gleneagle,,,GCA14184SEP,,,,Yes,,James,05/28/2021,Schrock,,,,,,,No,
MEMBER,36742,Active,2,MargaretSchrock,14184 Stone Eagle Place^^Colorado Springs^CO^80921^,,,,GCA14184SEP,,,,Yes,,Margaret,05/28/2021,Schrock,,,,,,,No,James Schrock
MEMBER,36742,Active,1,steve@starsports.biz,14185 Candlewood Court^^Colorado Springs^CO^80921^,,,,GCA14185CWC,,,jennica.schofield@gmail.com,Yes,,Jennica,11/28/2017,Schofield,,,,719-338-0290,,,No,
MEMBER,36742,Active,1,jl.kerchner@gmail.com,5200 Daventry^^Burke^VA^22015^,"Son: Jon Lynn Kerchner 
jl. kerchner@gmail.com
703-867-1555
5200 Daventry Court
Burke, VA 22015",,No,GCA14190CWC,,No,Jl.Kerchner@Gmail.Com,Yes,,nan,01/01/1973,John F Gonge Revocable Trust,,No,,703-867-1555,No,No,No,
MEMBER,36742,Active,1,SB6669@aol.com,14190 Gleneagle Drive^^Colorado Springs^CO^80921^,"Per POA dated 11.3.15, Carolan gave power to Scott Wayne Miller.",,,GCA14190GD,,,sb6669@aol.com,Yes,,Marc,04/14/2016,Boyce,,,,719-640-1660,,,No,
MEMBER,36742,Active,2,SallyBoyce,14190 Gleneagle Drive^^Colorado Springs^CO^80921^,,,,GCA14190GD,,,,Yes,,Sally,04/14/2016,Boyce,,,,,,,No,Marc Boyce
MEMBER,36742,Active,1,watkins.isaac@gmail.com,14195 Candlewood Court^^Colorado Springs^CO^80921^,,,,GCA14195CWC,,,watkins.isaac@gmail.com,Yes,,Isaac,04/21/2005,Watkins,,,,719-200-7092,,,No,
MEMBER,36742,Active,2,ElizabethWatkins,14195 Candlewood Court^^Colorado Springs^CO^80921^,,,,GCA14195CWC,,No,watkins.ellie@gmail.com,Yes,,Elizabeth,04/21/2005,Watkins,,No,,,No,,No,Isaac Watkins
MEMBER,36742,Active,1,nathan.randall@msn.com,14195 Westchester Drive^^Colorado Springs^CO^80921^,Phone not in book,,,GCA14195WD,,,nathan.randall@msn.com,Yes,,Nathan,08/07/1989,Randall,,,,,,,No,
MEMBER,36742,Active,2,PaulaRandall,14195 Westchester Drive^^Colorado Springs^CO^80921^,,,,GCA14195WD,,,,Yes,,Paula,08/07/1989,Randall,,,,,,,No,Nathan Randall
MEMBER,36742,Active,1,dapelo1984@gmail.com,14205 Gleneagle Drive^^Colorado Springs^CO^80921^,"719-460-2773
Email Address
dapelo1984@gmail.com",,No,GCA14205GD,,No,Dapelo1984@Gmail.Com,No,,Donald,11/02/2023,Apelo,,No,,719-460-2773,No,No,No,
MEMBER,36742,Active,1,sebastian.alvarez.v@gmail.com,14205 Westchester Drive^^Colorado Springs^CO^80921^,sebastian.alvarez.v@gmail.com,,No,GCA14205WD,,No,Sebastian.Alvarez.V@Gmail.Com,Yes,,Sebastian,03/17/2023,Vasquez,,No,,469-230-3618,No,No,No,
MEMBER,36742,Active,1,becci_gruber@yahoo.com,14210 Gleneagle Drive^^Colorado Springs^CO^80921^,"$40 mowing fee from 8/09 add to closing. trivian Sent me an e-mail on 7/4/2009 stating she no longer lives in Gleneagle.....home sold? New owners or occupants yet? New Owner, Rebecca Gruber, as of 10/01/2009.....Bill",,,GCA14210GD,,,becci_gruber@yahoo.com,Yes,,Rebecca,10/01/2009,Gruber,,,,719-487-0048,,,No,
MEMBER,36742,Active,1,coquantum@msn.com,14210 Westchester Drive^^Colorado Springs^CO^80921^,,,,GCA14210WD,,,coquantum@msn.com,Yes,,Kevin,10/22/2010,Deardorff,,,,719-472-0593,,,No,
MEMBER,36742,Active,1,LuannTompkinson,14215 Gleneagle Drive^^Colorado Springs^CO^80921^,"Alma Button is the grandmother who resides here with her daughter (Ms. Tompkinson) and grandchildren. Yes to GCA emails. Previously entered: Contact: Pastor Christopher Bateman Internet search shows ""John Cope"" as owner or resident ...",,,GCA14215GD,,No,Pozi.Agong@Gmail.Com,Yes,,Shueh,05/15/2020,Tsai,,No,,210-373-0398,No,No,No,
MEMBER,36742,Active,1,louieandnicolemendoza@hotmail.com,14220 Gleneagle Drive^^Colorado Springs^CO^80921^,,,No,GCA14220GD,,No,Louieandnicolemendoza@Hotmail.Com,Yes,,Louie,12/29/2015,Mendoza,,No,,951-816-5916,No,No,No,
MEMBER,36742,Active,2,NicoleMendoza,14220 Gleneagle Drive^^Colorado Springs^CO^80921^,,,,GCA14220GD,,,,Yes,,Nichole,12/29/2015,Mendoza,,,,,,,No,Louie Mendoza
MEMBER,36742,Active,1,carlnolt@msn.com,14225 Gleneagle Drive^^Colorado Springs^CO^80921^,,,,GCA14225GD,,,carlnolt@msn.com,Yes,,Carl,07/23/2014,Nolt,,,,305-514-8386,,,No,
MEMBER,36742,Active,1,2b5782a7afb311ec8c50246e967886f8,14225 Westchester Drive^^Colorado Springs^CO^80921^,"dues notice returned, sent to 14225 Westchester?",,,GCA14225WD,,No,,Yes,,Michael,12/27/2019,Smith,,No,,,No,No,No,
MEMBER,36742,Active,1,randybrockett@yahoo.com,14230 Westchester Drive^^Colorado Springs^CO^80921^,,,,GCA14230WD,,,randybrockett@yahoo.com,Yes,,Randy,10/02/2003,Brockett,,,,719-484-0471,,,No,
MEMBER,36742,Active,2,JulieBrockett,14230 Westchester Drive^^Colorado Springs^CO^80921^,,,,GCA14230WD,,,,Yes,,Julie,10/02/2003,Brockett,,,,,,,No,Randy Brockett
MEMBER,36742,Active,1,ejsiii@yahoo.com,14235 Gleneagle Drive^^Colorado Springs^CO^80921^,"ejsiii@yahoo.com
wrigley944@yahoo.com
719-368-7743",,No,GCA14235GD,,No,Ejsiii@Yahoo.Com,Yes,,Edmund,06/26/2014,Stegner,,No,,312-437-7934,No,No,No,
MEMBER,36742,Active,2,MargaretTrausch,14235 Gleneagle Drive^^Colorado Springs^CO^80921^,,,,GCA14235GD,,,,Yes,,Margaret,06/26/2014,Turausch,,,,,,,No,Edmund Stegner
MEMBER,36742,Active,1,woliver@ameritech.net,14239 Gleneagle Drive^^Colorado Springs^CO^80921^,cell # 937-219-9582,,,GCA14239GD,,,woliver@ameritech.net,Yes,,Matthew,08/27/2010,Oliver,,,,937-219-9582,No,,No,
MEMBER,36742,Active,2,wcoliver92@gmail.com,14239 Gleneagle Drive^^Colorado Springs^CO^80921^,"woliver@greenbeansieink.com
wcoliver92@gmail.com",,No,GCA14239GD,,No,wcoliver92@gmail.com,Yes,,Wendy,08/27/2010,Oliver,,No,,937-219-9582,No,No,No,Matthew Oliver
MEMBER,36742,Active,1,lindsay.knell@gmail.com,14240 Gleneagle Drive^^Colorado Springs^CO^80921^,"watts.ape@gmail.com Michael Watts
lindsay.knell@gmail.com Lindsay Knell",,No,GCA14240GD,,No,Lindsay.Knell@Gmail.Com,Yes,,Michael,05/01/2017,Watts,,No,,719-304-9331,No,No,No,
MEMBER,36742,Active,1,thecolomadays02@yahoo.com,14243 Gleneagle Drive^^Colorado Springs^CO^80921^,,,,GCA14243GD,,,thecolomadays02@yahoo.com,Yes,,Dick,07/14/1995,Maday,,,,719-649-8223,,,No,
MEMBER,36742,Active,2,SharonMaday,14243 Gleneagle Drive^^Colorado Springs^CO^80921^,,,,GCA14243GD,,,,Yes,,Sharon,07/14/1995,Maday,,,,,,,No,Dick Maday
MEMBER,36742,Active,1,hueffnert@msn.com,14245 Westchester Drive^^Colorado Springs^CO^80921^,,,,GCA14245WD,,,hueffnert@msn.com,Yes,,Anastasia Maria,02/26/2019,Hueffner,,,,503-989-2547,,,No,
MEMBER,36742,Active,2,NinaPorter,14247 Gleneagle Drive^^Colorado Springs^CO^80921^,,,,GCA14247GD,,,,Yes,,Michelle,12/08/2023,Montes,,,,,,,No,Justin Montes
MEMBER,36742,Active,1,rclark1639@cox.net,131 Poquito Road^^Shalimar^FL^32579^,2021 Nov 10 - Updated mailing address per Ralph info email. BAR,,,GCA14250GD,,,rclark1639@cox.net,Yes,,Ralph,04/25/1997,Clark,,,,850-226-4977,No,,No,
MEMBER,36742,Active,1,mitch_man@comcast.net,14250 Westchester Drive^^Colorado Springs^CO^80921^,,,,GCA14250WD,,,Mitch_Man@Comcast.Net,Yes,,Mitchell,04/06/2017,Calvert,,,,719-282-3174,,,No,
MEMBER,36742,Active,2,CathrynACalvert,14250 Westchester Drive^^Colorado Springs^CO^80921^,,,,GCA14250WD,,,,Yes,,Cathryn,04/06/2017,Calvert,,,,,,,No,Mitchell D Calvert
MEMBER,36742,Active,1,dmcmillwork@gmail.com,14260 Gleneagle Drive^^Colorado Springs^CO^80921^,,,No,GCA14260GD,,No,Dmcmillwork@Gmail.Com,Yes,,David,08/03/2007,Creech,,No,,719-510-5492,No,No,No,
MEMBER,36742,Active,2,debrasue@computermail.net,14260 Gleneagle Drive^^Colorado Springs^CO^80921^,,,,GCA14260GD,,,,Yes,,Debra,08/03/2007,Creech,,,,,,,No,David Creech
MEMBER^ADMINSECRETARY,36742,Active,1,JeaneTurner,14265 Westchester Drive^^Colorado Springs^CO^80921^,,,Yes,GCA14265WD,,No,Setusafa87@Gmail.Com,Yes,,Stephen,06/05/2009,Turner,,No,,,No,No,No,
MEMBER,36742,Active,1,nancy.finnessey@academyrdi.org,14270 Gleneagle Drive^^Colorado Springs^CO^80921^,,,,GCA14270GD,,,,Yes,,Silvana,09/02/2003,Skoko,,,,719-487-9469,,,No,
MEMBER,36742,Active,1,jenniferholmes2113@gmail.com,14280 Gleneagle Drive^^Colorado Springs^CO^80921^,"Property records still Jorge and Eudora Lubary, asked to change to Eudora Cox (285 Rangely). 4.5.15: returned, chk assessor, shows Jeffrey Krska 9/2014 sale. Chgd. 5.23.15: EPCA Eudora Lubary/Cox, 285 Rangely",,,GCA14280GD,,,jenniferholmes2113@gmail.com,Yes,,Jennifer,10/12/2020,Holmes,,,,,,,No,
MEMBER,36742,Active,2,DavidHolmes,14280 Gleneagle Drive^^Colorado Springs^CO^80921^,,,,GCA14280GD,,,,Yes,,David,10/12/2020,Holmes,,,,,,,No,Jennifer Holmes
MEMBER,36742,Active,1,brownemusicstudios@sbcglobal.net,14280 Westchester Drive^^Colorado Springs^CO^80921^,,,No,GCA14280WD,,No,brownemusicstudios@sbcglobal.net,No,,Donna,09/14/2026,Browne,,No,,816-668-5577,No,No,No,
MEMBER,36742,Active,1,jeff.sharpe1@gmail.com,14285 Westchester Drive^^Colorado Springs^CO^80921^,,,,GCA14285WD,,,jeff.sharpe1@gmail.com,Yes,,Jeffrey,09/30/2019,Sharpe,,,,240-494-6672,,,No,
MEMBER,36742,Active,2,BarbaraLiddick,14285 Westchester Drive^^Colorado Springs^CO^80921^,,,,GCA14285WD,,,,Yes,,Barbara,09/30/2019,Liddick,,,,,,,No,Jeffrey Sharpe
MEMBER,36742,Active,1,dawnwatson@comcast.net,14316 Spyglass Hill Place^^Colorado Springs^CO^80921^,Sold by: the Summit at Gleneagle,,,GCA14316SHP,,No,dawnwatson@comcast.net,Yes,,Pamela,10/18/2018,Watson,,No,,719-418-2907,No,No,No,
MEMBER,36742,Active,1,plentl@msn.com,14317 Spyglass Hill Place^^Colorado Springs^CO^80921^,,,,GCA14317SHP,,,plentl@msn.com,Yes,,Brett,08/03/2021,Plentl,,,,719-876-2673,,,No,
MEMBER,36742,Active,2,BrigettePlentl,14317 Spyglass Hill Place^^Colorado Springs^CO^80921^,,,,GCA14317SHP,,,,Yes,,Brigette,08/03/2021,Plentl,,,,,,,No,Brett Plentl
MEMBER,36742,Active,1,Redfeather327@gmail.com,14320 Westchester Drive^^Colorado Springs^CO^80921^,,,,GCA14320WD,,,Redfeather327@Gmail.Com,Yes,,nan,03/04/2016,Rrs 1964 Living Trust,,,,719-573-0602,,,No,
MEMBER,36742,Active,1,hochfamily5@comcast.net,14330 Spyglass Hill Place^^Colorado Springs^CO^80921^,the Summit at Gleneagle,,,GCA14330SHP,,,hochfamily5@comcast.net,Yes,,Steven,12/10/2020,Hochstetter,,,,719-237-2866,,,No,
MEMBER,36742,Active,2,SherriHochstetter,14330 Spyglass Hill Place^^Colorado Springs^CO^80921^,,,,GCA14330SHP,,,,Yes,,Sherri,12/10/2020,Hochstetter,,,,,,,No,Steven Hochstetter
MEMBER,36742,Active,1,JeffreyMulzer,14331 Spyglass Hill Place^^Colorado Springs^CO^80921^,"the Summit at Gleneagle Saddletree Holdings, Inc, 1821 Austin Bluffs Pkwy, 80918",,,GCA14331SHP,,,,Yes,,nan,08/30/2019,Mulzer Living Trust Ii,,,,,,,No,
MEMBER,36742,Active,1,12agalloway@gmail.com,14335 Westchester Drive^^Colorado Springs^CO^80921^,JE: removed bounced email 12/6/2014,,,GCA14335WD,,,12Agalloway@Gmail.Com,Yes,,John,09/26/2007,Galloway,,,,719-232-0397,No,,No,
MEMBER,36742,Active,1,glenn@glenngutnayercustomhomes.com,14344 Spyglass Hill Place^^Colorado Springs^CO^80921^,,,No,GCA14344SHP,,No,ktgut@hotmail.com,Yes,,nan,09/17/2021,Kathleen M Gutnayer Living Trust,,No,,847-962-3529,No,No,No,
MEMBER,36742,Active,2,KathleenGutnayer,14344 Spyglass Hill Place^^Colorado Springs^CO^80921^,,,,GCA14344SHP,,,,No,,Kathleen,09/17/2021,Gutnayer,,,,,,,No,Glenn Gutnayer
MEMBER,36742,Active,1,RobertLRenner,14345 Spyglass Hill Place^^Colorado Springs^CO^80921^,Sold by the Summit at Gleneagle,,,GCA14345SHP,,,Rmrenner@Yahoo.Com,Yes,,Robert,09/05/2018,Renner,,,,719-641-1983,,,No,
MEMBER,36742,Active,2,rmrenner@yahoo.com,14345 Spyglass Hill Place^^Colorado Springs^CO^80921^,,,,GCA14345SHP,,,,Yes,,Marie,09/05/2018,Renner,,,,,,,No,Robert L Renner
MEMBER,36742,Active,1,lynmyers@hotmail.com,14350 Westchester Drive^^Colorado Springs^CO^80921^,j.evans 1/3/2011: removed bad email,,,GCA14350WD,,,straweek@hotmail.com,Yes,,Steve,05/05/2003,Traweek,,No,,719-488-3809,Yes,,No,
MEMBER,36742,Active,2,klaveemyers@gmail.com,14350 Westchester Drive^^Colorado Springs^CO^80921^,,,,GCA14350WD,,No,,Yes,,Rachel,05/05/2003,Traweek,,No,,719-232-8209,Yes,,No,Leonard L. Myers
MEMBER,36742,Active,1,jannajacobs@gmail.com,14359 Spyglass Hill Place^^Colorado Springs^CO^80921^,,,No,GCA14359SHP,,No,jannajacobs@gmail.com,Yes,,Janna,09/11/2020,Jacobs,,Yes,,206-595-0668,No,No,No,
MEMBER,36742,Active,1,vicw001@gmail.com,14365 Westchester Drive^^Colorado Springs^CO^80921^,,,,GCA14365WD,,,vicw001@gmail.com,Yes,,Jay,07/29/2021,McGuffin,,,,719-502-5075,,,No,
MEMBER,36742,Active,2,stephaniemcguffin@hotmail.com,14365 Westchester Drive^^Colorado Springs^CO^80921^,,,,GCA14365WD,,,stephaniemcguffin@hotmail.com,Yes,,Stephanie,07/29/2021,McGuffin,,,,719-502-5075,,,No,Jay McGuffin
MEMBER,36742,Active,1,jjoyful2@gmail.com,14372 Spyglass Hill Place^^Colorado Springs^CO^80921^,"Paulette-added person's name & ph.#, 8/30/21",,,GCA14372SHP,Wisdom and Integrity,,jjoyful2@gmail.com,Yes,,Julie,07/28/2021,Christian,,,,719-510-9322,,,No,
MEMBER,36742,Active,1,MichaelValley,14373 Spyglass Hill Place^^Colorado Springs^CO^80921^,"Address bad, dues notice returned 5.18.2021",,,GCA14373SHP,,No,Valleymikekim@Msn.Com,Yes,,Michael,03/09/2020,Valley,,No,,,No,No,No,
MEMBER,36742,Active,1,davidnewton@centura.org,14386 Spyglass Hill Place^^Colorado Springs^CO^80921^,Sold by the Summit at Gleneagle,,No,GCA14386SHP,,No,daveleenewton@gmail.com,Yes,,David,03/30/2021,Newton,,No,,,No,No,No,
MEMBER,36742,Active,2,KimbelyNewton,14386 Spyglass Hill Place^^Colorado Springs^CO^80921^,,,,GCA14386SHP,,,,Yes,,Kimberly,03/30/2021,Newton,,,,,,,No,David Newton
MEMBER,36742,Active,1,lpowenby@gmail.com,14395 Westchester Drive^^Colorado Springs^CO^80921^,,,,GCA14395WD,,,Lpowenby@Gmail.Com,Yes,,Jimmy,04/22/2019,Owenby,,,,,,,No,
MEMBER,36742,Active,2,owenbyj@erau.edu,14395 Westchester Drive^^Colorado Springs^CO^80921^,,,,GCA14395WD,,,,Yes,,Lisa,04/22/2019,Owenby,,No,,928-533-8467,Yes,,No,Lisa Owenby
MEMBER,36742,Active,1,lpowenby@gmail.com,14395 Westchester Drive^^Colorado Springs^CO^80921^,,,,GCA14395WD,,,owenbyj@erau.edu,Yes,,Jimmy,04/22/2019,Owenby,,,,,,,No,
MEMBER,36742,Active,1,jeanneconder@comcast.net,14405 River Oaks Drive^^Colorado Springs^CO^80921^,"jconder@discovermygoodwill.org
jeanneconder@comcast.net",,No,GCA14405ROD,,No,Jeanneconder@Comcast.Net,Yes,,nan,08/22/1996,Conder Living Trust,,No,,719-339-6868,No,No,No,
MEMBER,36742,Active,1,gary.walenga@gmail.com,14405 Westchester Drive^^Colorado Springs^CO^80921^,,,,GCA14405WD,,,Allison.Walenga@Gmail.Com,Yes,,Gary,12/04/2015,Walenga,,No,,540-558-8561,Yes,,No,
MEMBER,36742,Active,2,allison.walenga@gmail.com,14405 Westchester Drive^^Colorado Springs^CO^80921^,,,,GCA14405WD,,No,,Yes,,Alllison,12/04/2015,Walenga,,No,,,No,No,No,Gary Walenga
MEMBER,36742,Active,1,JohnThies,14410 River Oaks Drive^^Colorado Springs^CO^80921^,,,,GCA14410ROD,,No,,Yes,,nan,06/16/2022,"Petrickur Properties, Llc",,No,,,No,No,No,
MEMBER,36742,Active,1,marktconnell2@gmail.com,14415 River Oaks Drive^^Colorado Springs^CO^80921^,,,No,GCA14415ROD,,No,marktconnell2@gmail.com,Yes,,Mark,06/09/1998,Connell,,No,,719-338-1519,No,No,No,
MEMBER,36742,Active,2,JingHongLiu,14415 River Oaks Drive^^Colorado Springs^CO^80921^,,,,GCA14415ROD,,,,Yes,,Jing Hong,06/09/1998,Liu,,,,,,,No,Mark Connell
MEMBER,36742,Active,1,darren@bondguarantee.com,14420 River Oaks Drive^^Colorado Springs^CO^80921^,210-8449,,,GCA14420ROD,,,darren@bondguarantee.com,Yes,,Darren,07/30/2002,Doucet,,,,719-210-8449,,,No,
MEMBER,36742,Active,2,DonnaDoucet,14420 River Oaks Drive^^Colorado Springs^CO^80921^,,,,GCA14420ROD,,,,Yes,,Donna,07/30/2002,Doucet,,,,,,,No,Darren Doucet
MEMBER,36742,Active,1,rulev12@earthlink.net,14425 River Oaks Drive^^Colorado Springs^CO^80921^,,,No,GCA14425ROD,,No,rulev12@earthlink.net,Yes,,Ruth,02/25/1999,Levy,,No,,719-488-2355,No,No,No,
MEMBER,36742,Active,1,msjackson408@hotmail.com,14425 Westchester Drive^^Colorado Springs^CO^80921^,"Primary Phone
408-508-2562
Email Address
msjackson408@hotmail.com",,No,GCA14425WD,,No,msjackson408@hotmail.com,Yes,,Edward,08/19/2022,Jackson,,No,,408-508-2562,No,No,No,
MEMBER,36742,Active,2,KrystleJackson,14425 Westchester Drive^^Colorado Springs^CO^80921^,,,No,GCA14425WD,,No,,Yes,,Krystle,08/19/2022,Jackson,,No,,,No,No,No,Edward Jackson
MEMBER,36742,Active,1,amyryd@mac.com,14430 Bermuda Dunes Way^^Colorado Springs^CO^80921^,,,,GCA14430BDW,,,reinakitten@yahoo.com,Yes,,David,12/31/2019,Camarillo,,,,,,,No,
MEMBER,36742,Active,1,revghaines@aol.com,14430 River Oaks Drive^^Colorado Springs^CO^80921^,Added spouce e-mail 12/23/09 - Bill,,,GCA14430ROD,,,Dr.Gary633@Gmail.Com,Yes,,Gary,12/01/1983,Haines,,,,719-598-3872,,,No,
MEMBER,36742,Active,2,zinni2@aol.com,14430 River Oaks Drive^^Colorado Springs^CO^80921^,,,,GCA14430ROD,,,,Yes,,Martha,12/01/1983,Haines,,,,,,,No,Rev. Gary Haines
MEMBER,36742,Active,1,accounts@xplsv.net,14435 Gleneagle Drive^^Colorado Springs^CO^80921^,"jevans 8/14/2011-added spouse email JE: removed bounced email 12/6/2014. 2.2.15: HO asked for change to email address, changed.",,,GCA14435GD,,,Accounts@Xplsv.Net,Yes,,Bernard,05/24/2006,Jene,,,,719-439-5406,,,No,
MEMBER,36742,Active,1,bopp.david@gmail.com,Cmr 480 Box 50^^Apo^AE^9128^,,,,GCA14440BDW,,,bopp.david@gmail.com,Yes,,David,10/15/2010,Bopp,,,,571-225-0885,,,No,
MEMBER,36742,Active,1,teenajim1@aol.com,14440 River Oaks Drive^^Colorado Springs^CO^80921^,,,,GCA14440ROD,,,Teenajim1@Aol.Com,Yes,,nan,03/17/1994,Barager Living Trust,,,,719-488-1909,,,No,
MEMBER,36742,Active,2,TeenaBarager,14440 River Oaks Drive^^Colorado Springs^CO^80921^,,,,GCA14440ROD,,,,Yes,,James/ Kristine,03/17/1994,Barager,,,,,,,No,James Barager
MEMBER,36742,Active,1,michaelmilewski@hotmail.com,14445 River Oaks Drive^^Colorado Springs^CO^80921^,"2009 Annual Dues Assesment $313.06. Lien (Placed 5-09-08 for $165.53) will be removed when all dues and fees are paid. NO LONGER IN EFFECT...Paid through 2013. (SEN 3.22.15) 6.28.15: Per Kevin, return Check 4784 marked not for dues $89.10",,No,GCA14445ROD,Shannon,No,Dbull45@Hotmail.Com,No,,James,06/14/2023,Bullock,,No,,850-217-5950,No,No,No,
MEMBER,36742,Active,1,michaelmilewski@hotmail.com,14445 River Oaks Drive^^Colorado Springs^nan^80921^,"2009 Annual Dues Assesment $313.06. Lien (Placed 5-09-08 for $165.53) will be removed when all dues and fees are paid. NO LONGER IN EFFECT...Paid through 2013. (SEN 3.22.15) 6.28.15: Per Kevin, return Check 4784 marked not for dues $89.10",,No,GCA14445ROD,Shannon,No,Dbull45@Hotmail.Com,No,,James,06/14/2023,Bullock,,No,,850-217-5950,No,No,No,
MEMBER,36742,Active,1,pjpadgett@comcast.net,14445 Westchester Drive^^Colorado Springs^CO^80921^,,,,GCA14445WD,,,pjpadgett@comcast.net,Yes,,Pam,05/16/2001,Padgett,,,,719-487-9712,,,No,
MEMBER,36742,Active,1,sarimicklewright@aol.com,14450 River Oaks Drive^^Colorado Springs^CO^80921^,,,,GCA14450ROD,,,sarimicklewright@aol.com,Yes,,Raymond,06/26/1992,Micklewright,,,,719-488-2847,,,No,
MEMBER,36742,Active,2,SariMicklewright,14450 River Oaks Drive^^Colorado Springs^CO^80921^,,,,GCA14450ROD,,,,Yes,,Sari,06/26/1992,Micklewright,,,,,,,No,Raymond Micklewright
MEMBER,36742,Active,1,raymicklewright@gmail.com,14450 River Oaks Drive^^Colorado Springs^CO^80921^,,,,GCA14450ROD,,,raymicklewright@gmail.com,Yes,,Raymond,05/12/2026,Micklewright,,,,719-488-2847,No,,No,
MEMBER,36742,Active,1,raymicklewright@aol.com,14450 River Oaks Drive^^Colorado Springs^CO^80921^,,,,GCA14450ROD,,,raymicklewright@aol.com,No,,Raymond,05/12/2026,Micklewright,,,,719-440-8830,No,,No,
MEMBER,36742,Active,1,reaganab@q.com,14450 Westchester Drive^^Colorado Springs^CO^80921^,County records property address: 14435 Bermuda Dunes,,,GCA14450WD,,,Gwmagowan@Gmail.Com,Yes,,Gareth,06/20/2002,Magowan,,,,719-488-9009,,,No,
MEMBER,36742,Active,1,capitalconstructioncorp08@gmail.com,14455 Gleneagle Drive^^Colorado Springs^CO^80921^,"Tarema
Email Address	capitalconstructioncorp08@gmail.com
Primary Phone	719-229-8107",,No,GCA14455GD,,No,capitalconstructioncorp08@gmail.com,No,,Jacob,12/06/2021,Riddle,,No,,719-229-8107,No,No,No,
MEMBER,36742,Active,1,jbhayman@gmail.com,14455 River Oaks Drive^^Colorado Springs^CO^80921^,New lot sale,,,GCA14455ROD,,No,jbhayman@gmail.com,Yes,,Jason,01/18/2018,Hayman,,No,,719-761-1675,Yes,,No,
MEMBER,36742,Active,2,KariHayman,14455 River Oaks Drive^^Colorado Springs^CO^80921^,,,,GCA14455ROD,,,,Yes,,Kari,01/18/2018,Hayman,,,,,,,No,Jason Hayman
MEMBER,36742,Active,1,codueber@yahoo.com,14460 Bermuda Dunes Way^^Colorado Springs^CO^80921^,,,,GCA14460BDW,,,borotanker@yahoo.com,Yes,,Christopher,09/09/1996,Kane,,,,719-481-1030,,,No,
MEMBER,36742,Active,1,bobkirkpat@comcast.net,14460 River Oaks Drive^^Colorado Springs^CO^80921^,,,,GCA14460ROD,,,Bobkirkpat@Comcast.Net,Yes,,nan,02/03/1994,Kirkpatrick Living Trust,,,,719-481-2040,,,No,
MEMBER,36742,Active,2,CarolKirkpatrick,14460 River Oaks Drive^^Colorado Springs^CO^80921^,,,,GCA14460ROD,,,,Yes,,Robert/ Carol,02/03/1994,Kirkpatrick,,,,,,,No,Robert Kirkpatrick
MEMBER,36742,Active,1,uscfan@gsf.org,14465 Gleneagle Drive^^Colorado Springs^CO^80921^,,,,GCA14465GD,,,Uscfan@Gsf.Org,Yes,,Don,12/15/2006,Swetz,,,,719-359-7098,,,No,
MEMBER,36742,Active,1,whdLtc1@msn.com,14465 River Oaks Drive^^Colorado Springs^CO^80921^,,,,GCA14465ROD,,,whdltc1@msn.com,Yes,,John,10/31/2011,Davis,,,,719-362-3301,No,,No,
MEMBER,36742,Active,1,epseremet@yahoo.com,14465 Westchester Drive^^Colorado Springs^CO^80921^,,,,GCA14465WD,,,epseremet@yahoo.com,Yes,,Eric,12/17/2010,Seremet,,,,,,,No,
MEMBER,36742,Active,1,tanguiano71@yahoo.com,14470 River Oaks Drive^^Colorado Springs^CO^80921^,,,,GCA14470ROD,,,Tanguiano71@Yahoo.Com,Yes,,Trina,05/05/2010,Anguiano,,,,,,,No,
MEMBER,36742,Active,1,GaryGardner,14470 Westchester Drive^^Colorado Springs^CO^80921^,,,,GCA14470WD,,,,Yes,,Gary,11/06/1992,Gardner,,,,719-481-8584,,,No,
MEMBER,36742,Active,2,CindyGardner,14470 Westchester Drive^^Colorado Springs^CO^80921^,,,,GCA14470WD,,,,Yes,,Cynthia,11/06/1992,Gardner,,,,,,,No,Gary Gardner
MEMBER,36742,Active,1,tmckeon22@yahoo.com,14475 Bermuda Dunes Way^^Colorado Springs^CO^80921^,"719-331-0745
719-487-7549
peyton105@yahoo.com
tmckeon22@yahoo.com",,No,GCA14475BDW,,No,tmckeon22@yahoo.com,Yes,,Thomas,08/01/2004,McKeon,,No,,719-331-0745,No,No,No,
MEMBER,36742,Active,2,CharlottePeyton,14475 Bermuda Dunes Way^^Colorado Springs^CO^80921^,,,,GCA14475BDW,,,,Yes,,Charlotte,08/01/2004,Peyton,,,,,,,No,Thomas McKeon
MEMBER,36742,Active,1,wjordeth@aol.com,14475 River Oaks Drive^^Colorado Springs^CO^80921^,,,,GCA14475ROD,,,Wjordeth@Aol.Com,Yes,,William,06/01/1986,Jordeth,,,,719-481-2849,,,No,
MEMBER,36742,Active,2,KimJordeth,14475 River Oaks Drive^^Colorado Springs^CO^80921^,,,,GCA14475ROD,,,,Yes,,Kimberly,06/01/1986,Jordeth,,,,,,,No,Bill Jordeth
MEMBER,36742,Active,1,jeaninehlong@yahoo.com,14480 Bermuda Dunes Way^^Colorado Springs^CO^80921^,,,,GCA14480BDW,,,jeaninehlong@yahoo.com,Yes,,Donald,03/01/1984,Long,,,,719-488-2854,,,No,
MEMBER,36742,Active,2,JeanineLong,14480 Bermuda Dunes Way^^Colorado Springs^CO^80921^,,,,GCA14480BDW,,,,Yes,,Jeanine,03/01/1984,Long,,,,,,,No,Donald Long
MEMBER,36742,Active,1,lisa@brilliantnutrition.com,14480 River Oaks Drive^^Colorado Springs^CO^80921^,NO name or phone in GCA Directory E-mail added on 05/15/10. Bill Carroll,,,GCA14480ROD,,,lisa@brilliantnutrition.com,Yes,,Lisa,05/03/2002,Barney,,,,719-488-9732,,,No,
MEMBER,36742,Active,1,Kaleddyer@gmail.com,14485 River Oaks Drive^^Colorado Springs^CO^80921^,,,,GCA14485ROD,,,Kaleddyer@Gmail.Com,Yes,,Kale,07/18/2018,Dyer,,,,,,,No,
MEMBER,36742,Active,2,mtzdyer@gmail.com,14485 River Oaks Drive^^Colorado Springs^CO^80921^,,,,GCA14485ROD,,,,Yes,,Adrianne,07/18/2018,Dyer,,,,,,,No,Kale D. Dyer
MEMBER,36742,Active,1,kim.gidley@afacademy.af.edu,14485 Westchester Drive^^Colorado Springs^CO^80921^,,,,GCA14485WD,,,kim.gidley@afacademy.af.edu,Yes,,Kim,08/12/2021,Gidley,,,,719-640-0259,,,No,
MEMBER,36742,Active,1,ririleyt@yahoo.com,14490 Westchester Drive^^Colorado Springs^CO^80921^,"VACANT LOT 6.1.15: Added mailing address
ririleyt@yahoo.com

334-414-2811
andrea.mcelhoes@gmail.com",,No,GCA14490WD,,No,ririleyt@yahoo.com,Yes,,Andrea R,08/07/2017,Riley,,No,,719-244-4847,No,No,No,
MEMBER,36742,Active,2,RichardRiley,14490 Westchester Drive^^Colorado Springs^CO^80921^,,,,GCA14490WD,,,,Yes,,Richard,08/07/2017,Riley,,,,,,,No,Andrea R Riley
MEMBER,36742,Active,1,andrea.mcelhoes@gmail.com,5610 Molly Court^^Colorado Springs^CO^80908^,,,,GCA14490WD,,,Ririleyt@Yahoo.Com,Yes,,Andrea,06/04/2026,Riley,,,,719-244-4847,No,,No,
MEMBER,36742,Active,1,pat.roberts33@yahoo.com,14505 Latrobe Drive^^Colorado Springs^CO^80921^,,,,GCA14505LD,,,Aarroberts@Yahoo.Com,Yes,,Aaron,01/27/2021,Roberts,,,,719-201-6098,,,No,
MEMBER,36742,Active,2,AaRRoberts@yahoo.com,14505 Latrobe Drive^^Colorado Springs^CO^80921^,,,,GCA14505LD,,,,Yes,,Patricia,01/27/2021,Roberts,,,,317-524-8560,No,,No,Patricia Roberts
MEMBER,36742,Active,1,valsatcamp@gmail.com,14505 Westchester Drive^^Colorado Springs^CO^80921^,,,No,GCA14505WD,,No,Valsatcamp@Gmail.Com,Yes,,nan,08/12/2019,Stewart Family Living Trust,,No,,929-888-4123,No,No,No,
MEMBER,36742,Active,1,14510riveroaksdrive@gmail.com,14510 River Oaks Drive^^Colorado Springs^CO^80921^,"2009 Annual Dues Assesment $265.45. Lien (Placed 5-09-08 for $135.53) will be removed when all dues and fees are paid.
7/5/22  Elizabeth Loring is also owner along with Gurdeep & Yagnaram Singh
14510riveroaksdrive@gmail.com
Old email: puppetsingh@gmail.com
612-708-5398",,No,GCA14510ROD,Yagnaram Singh,No,14510riveroaksdrive@gmail.com,Yes,,Gurdeep,02/14/2011,Singh,,No,,612-708-5398,No,No,No,
MEMBER,36742,Active,2,elizabethannloring@gmail.com,14510 River Oaks Drive^^Colorado Springs^CO^80921^,,,,GCA14510ROD,,No,elizabethannloring@gmail.com,Yes,,Elizabeth,02/14/2011,Loring,,No,,612-708-5398,No,No,No,Gurdeep Singh
MEMBER,36742,Active,1,ryan_lauber@yahoo.com,14510 Westchester Drive^^Colorado Springs^CO^80921^,,,,GCA14510WD,,,Bobjenz2@Gmail.Com,Yes,,Robert,06/10/2016,Jennings,,,,719-433-8968,,,No,
MEMBER,36742,Active,2,SarahLauber,14510 Westchester Drive^^Colorado Springs^CO^80921^,,,,GCA14510WD,,,,Yes,,Erika,06/10/2016,Jennings,,,,,,,No,Ryan Lauber
MEMBER,36742,Active,1,bettyesm1@yahoo.com,14515 River Oaks Drive^^Colorado Springs^CO^80921^,removed bad email jameseoconnor@earthlink.net - jevans 9/16/2012 added email - jevans 5/6/2013 House for sale - pmarine 4/26/16,,,GCA14515ROD,,,Bettyesm1@Yahoo.Com,Yes,,Thomas,12/10/2017,Smith,,,,719-687-1380,,,No,
MEMBER,36742,Active,2,BettySmith,14515 River Oaks Drive^^Colorado Springs^CO^80921^,,,,GCA14515ROD,,,,Yes,,Elizabeth,12/10/2017,Smith,,,,,,,No,Thomas Smith
MEMBER,36742,Active,1,maryobenauf1@gmail.com,14520 Latrobe Drive^^Colorado Springs^CO^80921^,"Mary's work email? mobenauf@sbcglobal.net
This was on Lawrence's address record.",,No,GCA14520LD,,No,maryobenauf1@gmail.com,Yes,,Mary,01/22/2020,Obenauf,,No,,402-291-6295,No,No,No,
MEMBER,36742,Active,2,LawrenceObenauf,14520 Latrobe Drive^^Colorado Springs^CO^80921^,,,,GCA14520LD,,,,Yes,,Lawrence,01/22/2020,Obenauf,,,,,,,No,Mary Obenauf
MEMBER,36742,Active,1,ChristopherImhof,14520 Westchester Drive^^Colorado Springs^CO^80921^,10/12/23  Greeted / e-mail retrieved.,,No,GCA14520WD,Connie (spouse),No,Cgibus@Yahoo.Com,Yes,,Christopher,09/20/2023,Imhof,,No,,,No,No,No,
MEMBER,36742,Active,1,marbil1985@aol.com,14521 River Oaks Drive^^Colorado Springs^CO^80921^,,,,GCA14521ROD,,,marbil1985@aol.com,Yes,,Mary,09/17/2002,Nance,,,,719-488-2312,,,No,
MEMBER,36742,Active,1,stevekouri@me.com,14524 Latrobe Drive^^Colorado Springs^CO^80921^,"8/5/15,MLS: contact info update Cell: Steve - 719-661-8227, Connie- 719-331-5352",,No,GCA14524LD,,No,cdspringsranch@hotmail.com,Yes,,nan,07/02/2015,Stephen J Kouri & Constance M Revoc Trust,,No,,719-574-1126,No,No,No,
MEMBER,36742,Active,1,jknelsonco@comcast.net,14525 Bermuda Dunes Way^^Colorado Springs^CO^80921^,,,,GCA14525BDW,,,littlebear_ash@yahoo.com,Yes,,Samuel,07/21/2008,Hausman,,,,719-358-8177,,,No,
MEMBER,36742,Active,2,KarenNelson,14525 Bermuda Dunes Way^^Colorado Springs^CO^80921^,,,,GCA14525BDW,,,,Yes,,Ashley,07/21/2008,Hausman,,,,,,,No,John Nelson
MEMBER,36742,Active,1,BradleyDaleKoch,14525 Gleneagle Drive^^Colorado Springs^CO^80921^,6.28.15: Change of ownership,,,GCA14525GD,,,,Yes,,Bradley,05/05/2015,Koch,,,,,,,No,
MEMBER,36742,Active,1,dwgritz@gmail.com,14525 Latrobe Drive^^Colorado Springs^CO^80921^,jbe: updated email 4/13/15,,,GCA14525LD,,,Bfgritz@Gmail.Com,Yes,,nan,11/03/1986,Barbara/Duane Gritzmaker Living Trust,,,,719-481-2424,,,No,
MEMBER,36742,Active,1,pjberkel@gmail.com,14525 Westchester Drive^^Colorado Springs^CO^80921^,,,,GCA14525WD,,,pjberkel@gmail.com,Yes,,Paula,07/10/2020,Berkel,,,,720-841-8378,,,No,
MEMBER^ADMINRBOS,36742,Active,1,grleimbach@aol.com,14527 River Oaks Drive^^Colorado Springs^CO^80921^,,,No,GCA14527ROD,,No,M.Rivergraceoutlaw@Gmail.Com,Yes,,Mysti,07/12/1993,River G. Outlaw,,No,,719-488-3461,Yes,No,No,
MEMBER,36742,Active,1,soonerluv82@yahoo.com,14528 Latrobe Drive^^Colorado Springs^CO^80921^,Darla Ebert sold 3-04 227-4321/481-3647 randd@pcisys.net,,,GCA14528LD,,,soonerluv82@yahoo.com,Yes,,Susan,03/10/2004,Boudreaux,,,,719-559-2355,,,No,
MEMBER,36742,Active,1,tucsonites@hotmail.com,14530 Bermuda Dunes Way^^Colorado Springs^CO^80921^,,,,GCA14530BDW,,,Tucsonites@Hotmail.Com,Yes,,Brandon,05/25/2005,Hunt,,,,719-244-1612,,,No,
MEMBER,36742,Active,1,dkbergman1014@msn.com,14530 River Oaks Drive^^Colorado Springs^CO^80921^,,,,GCA14530ROD,,,Dkbergman1014@Msn.Com,Yes,,Douglas,10/26/2015,Bergman,,,,719-464-7424,,,No,
MEMBER,36742,Active,2,KimMBergman,14530 River Oaks Drive^^Colorado Springs^CO^80921^,,,,GCA14530ROD,,,,Yes,,Kim,10/26/2015,Bergman,,,,,,,No,Douglas W Bergman
MEMBER,36742,Active,1,JamesLMcVay,14530 Westchester Drive^^Colorado Springs^CO^80921^,5.13.15: Title ltr received,,,GCA14530WD,,No,Kathy4943@Gmail.Com,Yes,,James,05/27/2015,McVay,,No,,,No,No,No,
MEMBER,36742,Active,2,kathy4943@gmail.com,14530 Westchester Drive^^Colorado Springs^CO^80921^,,,,GCA14530WD,,No,,Yes,,Kathy,05/27/2015,McVay,,No,,,No,No,No,James L McVay
MEMBER,36742,Active,1,dashferg93@gmail.com,14532 Latrobe Drive^^Colorado Springs^CO^80921^,,,,GCA14532LD,,,Dashferg93@Gmail.Com,Yes,,Shane,05/30/2013,Ferguson,,,,719-238-5125,No,,No,
MEMBER,36742,Active,1,dantevalori@gmail.com,14533 River Oaks Drive^^Colorado Springs^CO^80921^,,,,GCA14533ROD,,,dantevalori@gmail.com,Yes,,Diane,06/04/1997,Valori,,,,719-488-3131,,,No,
MEMBER,36742,Active,1,lorineigh@gmail.com,14536 Latrobe Drive^^Colorado Springs^CO^80921^,lorineigh@gmail.com,,No,GCA14536LD,,No,ashajohnsen@gmail.com,Yes,,Gregory,09/16/2016,Johnsen,,No,,719-271-5625,No,No,No,
MEMBER,36742,Active,1,AmandaKennell,14539 River Oaks Drive^^Colorado Springs^CO^80921^,,,No,GCA14539ROD,,No,Mandyk.Tx@Gmail.Com,Yes,,Amanda,09/19/2022,Kennell,,No,,832-814-7290,No,No,No,
MEMBER,36742,Active,1,jevita22@yahoo.com,14540 Westchester Drive^^Colorado Springs^CO^80921^,,,,GCA14540WD,,,Jevita22@Yahoo.Com,Yes,,Jevita,01/26/2017,Rogers,,,,571-235-5291,,,No,
MEMBER,36742,Active,2,MarcAlanRogers,14540 Westchester Drive^^Colorado Springs^CO^80921^,,,,GCA14540WD,,,,Yes,,Marc,01/26/2017,Rogers,,,,,,,No,Jevita Ruchira Rogers
MEMBER,36742,Active,1,terrybram@yahoo.com,14545 Bermuda Dunes Way^^Colorado Springs^CO^80921^,,,,GCA14545BDW,,,terrybram@yahoo.com,Yes,,Terry,10/07/2007,Bramschreiber,,,,719-573-4961,,,No,
MEMBER,36742,Active,2,CarolBramschreiber,14545 Bermuda Dunes Way^^Colorado Springs^CO^80921^,,,,GCA14545BDW,,,,Yes,,Carol,10/07/2007,Bramschreiber,,,,,,,No,Terry Bramschreiber
MEMBER,36742,Active,1,eric_robbins76@hotmail.com,14545 Gleneagle Drive^^Colorado Springs^CO^80921^,,,,GCA14545GD,,No,Eric_Robbins76@Hotmail.Com,Yes,,Eric,02/02/2016,Robbins,,No,,816-679-1142,No,,No,
MEMBER,36742,Active,1,tessmess1@comcast.net,14545 Latrobe Drive^^Colorado Springs^CO^80921^,"JE: removed bounced email 12/6/2014 12.28.15: Rcvd HTC chk, but no transfer docs. Chkd EPC records, still Cooper as owner 7.29.15: Owner change per P. Marine. EPC records indicate change. MLS",,,GCA14545LD,,,tessmess1@comcast.net,Yes,,Jim,06/30/2015,Hodges,,,,719-203-6562,,,No,
MEMBER,36742,Active,2,AmyHodges,14545 Latrobe Drive^^Colorado Springs^CO^80921^,,,,GCA14545LD,,,,Yes,,Amy,06/30/2015,Hodges,,,,,,,No,Jim Hodges
MEMBER,36742,Active,1,mborden21@gmail.com,14545 River Oaks Drive^^Colorado Springs^CO^80921^,kborden11@gmail.com,,No,GCA14545ROD,,No,Kborden11@Gmail.Com,Yes,,Matthew,01/25/2017,Borden,,No,,919-961-8166,No,No,No,
MEMBER,36742,Active,2,KatieBorden,14545 River Oaks Drive^^Colorado Springs^CO^80921^,,,,GCA14545ROD,,,,Yes,,Kathleen,01/25/2017,Borden,,,,,,,No,Matt Borden
MEMBER,36742,Active,1,mblowe@att.net,14545 Westchester Drive^^Colorado Springs^CO^80921^,,,,GCA14545WD,,,Mblowe@Att.Net,Yes,,nan,02/15/2006,Lowes Living Trust,,No,,719-339-0227,Yes,,No,
MEMBER,36742,Active,1,dwlit@yahoo.com,14550 Bermuda Dunes Way^^Colorado Springs^CO^80921^,333-7019,,,GCA14550BDW,,,dwlit@yahoo.com,Yes,,Daniel,10/03/2002,Litwhiler,,,,719-488-1663,,,No,
MEMBER,36742,Active,2,MargaretLitwhiler,14550 Bermuda Dunes Way^^Colorado Springs^CO^80921^,,,,GCA14550BDW,,,,Yes,,Margaret,10/03/2002,Litwhiler,,,,,,,No,Daniel Litwhiler
MEMBER,36742,Active,1,troysmith719@gmail.com,14550 Latrobe Drive^^Colorado Springs^CO^80921^,,,,GCA14550LD,,,Troysmith719@Gmail.Com,Yes,,Troy,03/04/2020,Smith,,,,719-964-2588,,,No,
MEMBER,36742,Active,1,Alsherick@live.com,14550 River Oaks Drive^^Colorado Springs^CO^80921^,This is a legally combined lot with 14540 River Oaks Dr. New e-mail on 06-07-10 - Bill Carroll jevans 1/3/2012 - removed bad email,,,GCA14550ROD,,,Alsherick@Live.Com,Yes,,Peggy,09/03/2020,Sherick,,,,615-400-5407,,,No,
MEMBER,36742,Active,2,AlSherick,14550 River Oaks Drive^^Colorado Springs^CO^80921^,,,,GCA14550ROD,,,,Yes,,Alvin,09/03/2020,Sherick,,,,,,,No,Peggy Sherick
MEMBER,36742,Active,1,themurraycompany@aol.com,14550 Westchester Drive^^Colorado Springs^CO^80921^,return to sender 3/5/10 resent dues to Occupant 6.28.15: added new email address provided,,,GCA14550WD,,,Themurraycompany@Aol.Com,Yes,,Douglas,10/10/2014,Murray,,,,203-650-5720,,,No,
MEMBER,36742,Active,1,mlharper_6237@hotmail.com,14553 Westchester Drive^^Colorado Springs^CO^80921^,,,,GCA14553WD,,,Mlharper_6237@Hotmail.Com,Yes,,Christopher,06/02/2014,Harper,,,,719-964-3233,,,No,
MEMBER,36742,Active,1,joe2joni@msn.com,14555 River Oaks Drive^^Colorado Springs^CO^80921^,,,,GCA14555ROD,,,joe2joni@msn.com,Yes,,Joe,05/25/2001,Ennis,,,,719-484-0032,,,No,
MEMBER,36742,Active,2,JoniEnnis,14555 River Oaks Drive^^Colorado Springs^CO^80921^,,,,GCA14555ROD,,,,Yes,,Joni,05/25/2001,Ennis,,,,,,,No,Joe Ennis
MEMBER,36742,Active,1,stacy.goff@gmail.com,14557 Westchester Drive^^Colorado Springs^CO^80921^,488-3372,,,GCA14557WD,,No,stacy.goff@gmail.com,Yes,,Stacy,11/11/1998,Goff,,No,,719-488-3850,No,No,No,
MEMBER,36742,Active,2,RoseJohnston,14557 Westchester Drive^^Colorado Springs^CO^80921^,,,,GCA14557WD,,No,rose.4053@gmail.com,Yes,,Rose,11/11/1998,Johnston,,No,,,No,No,No,Stacy Goff
MEMBER,36742,Active,1,RichardHunt,14559 Westchester Drive^^Colorado Springs^CO^80921^,"rhunt@sardismedia.com
847-989-8159",,No,GCA14559WD,,No,,No,,Richard,03/28/2023,Hunt,,No,,,No,No,No,
MEMBER,36742,Active,1,RHUNT@SardisMedia.com,14559 Westchester Drive^^Colorado Springs^CO^80921^,,,No,GCA14559WD,,No,rhunt@sardismedia.com,Yes,,Richard,07/12/2021,Hunt,,No,,847-989-8159,Yes,No,No,
MEMBER,36742,Active,1,kellyhalligan1971@gmail.com,2045 Juniper Way^^Erie^CO^80516^,,,,GCA14560LD,,,kellyhalligan1971@gmail.com,No,,Kelly,09/22/2021,Halligan,,,,210-844-1005,,,No,
MEMBER,36742,Active,1,Jgoran7@hotmail.com,14560 River Oaks Drive^^Colorado Springs^CO^80921^,Closing 2021-11-11,,,GCA14560ROD,,,naured25@comcast.net,No,,Charles,10/11/2021,Redmond,,,,720-839-5053,,,No,
MEMBER,36742,Active,2,Chad.Hulan,14560 River Oaks Drive^^Colorado Springs^CO^80921^,,,,GCA14560ROD,,No,,No,,Deborah,10/11/2021,Redmond,,Yes,,,No,,No,Jennifer Hulan
MEMBER,36742,Active,1,kimcastellanet@hotmail.com,14560 Westchester Drive^^Colorado Springs^CO^80921^,,,,GCA14560WD,,,curtkim7@msn.com,Yes,,Curtis,11/11/1998,Castellanet,,,,719-499-3525,,,No,
MEMBER,36742,Active,2,KimberlyACastellanet,14560 Westchester Drive^^Colorado Springs^CO^80921^,,,,GCA14560WD,,,,Yes,,Kimberly,11/11/1998,Castellanet,,,,,,,No,Curtis M Castellanet
MEMBER,36742,Active,1,kmeb2@hotmail.com,14561 Westchester Drive^^Colorado Springs^CO^80921^,,,,GCA14561WD,,,Kmeb2@Hotmail.Com,Yes,,nan,09/12/2005,Campbell Living Trust,,,,719-487-8529,,,No,
MEMBER,36742,Active,1,lesterd649@aol.com,14565 Bermuda Dunes Way^^Colorado Springs^CO^80921^,,,,GCA14565BDW,,,Lesterd649@Aol.Com,Yes,,nan,07/01/1991,Lester Living Trust,,,,719-488-3685,,,No,
MEMBER,36742,Active,1,detdst@gmail.com,14565 Gleneagle Drive^^Colorado Springs^CO^80921^,,,,GCA14565GD,,,Detdst@Gmail.Com,Yes,,Dale,09/02/1997,Townsend,,,,719-488-5680,,,No,
MEMBER,36742,Active,1,fellerfam@yahoo.com,14565 Latrobe Drive^^Colorado Springs^CO^80921^,,,,GCA14565LD,,,fellerfam@yahoo.com,Yes,,Doug,07/29/2005,Feller,,,,719-488-5852,,,No,
MEMBER,36742,Active,2,BrendaFeller,14565 Latrobe Drive^^Colorado Springs^CO^80921^,,,,GCA14565LD,,,,Yes,,Brenda,07/29/2005,Feller,,,,,,,No,Doug Feller
MEMBER,36742,Active,1,russanna@q.com,14565 River Oaks Drive^^Colorado Springs^CO^80921^,This is a legally combined lot with 14575 River Oaks Dr. 554-4203w,,,GCA14565ROD,,,russanna@myctl.net,Yes,,Russell,01/01/1993,Robinson,,,,719-488-8957,,,No,
MEMBER,36742,Active,2,UteRobinson,14565 River Oaks Drive^^Colorado Springs^CO^80921^,,,,GCA14565ROD,,,,Yes,,Ute,01/01/1993,Robinson,,,,,,,No,Russ Robinson
MEMBER,36742,Active,1,mikeandwinnie@aol.com,14565 Westchester Drive^^Colorado Springs^CO^80921^,2.2.15: Requested mailed version. Created and emailed.,,,GCA14565WD,,,mikeandwinnie@aol.com,Yes,,Michael,11/17/1988,Bochnak,,,,719-488-9660,,,No,
MEMBER,36742,Active,2,JuanitaBochnak,14565 Westchester Drive^^Colorado Springs^CO^80921^,,,,GCA14565WD,,,,Yes,,Juanita,11/17/1988,Bochnak,,,,,,,No,Michael Bochnak
MEMBER,36742,Active,1,stevetwylalee@gmail.com,14569 Westchester Drive^^Colorado Springs^CO^80921^,,,,GCA14569WD,,,stevetwylalee@gmail.com,Yes,,Steven,03/15/2010,Lee,,,,719-822-7422,,,No,
MEMBER,36742,Active,2,TwylaLee,14569 Westchester Drive^^Colorado Springs^CO^80921^,,,,GCA14569WD,,,,Yes,,Twyla,03/15/2010,Lee,,,,,,,No,Steven Lee
MEMBER,36742,Active,1,hootcarver@gmail.com,14570 Bermuda Dunes Way^^Colorado Springs^CO^80921^,e-mail bad and phone does not allow messages to be left - 06/04/10 - Bill Carroll,,,GCA14570BDW,,,hootcarver@gmail.com,Yes,,William,10/12/1990,Carver,,,,719-481-4804,,,No,
MEMBER,36742,Active,2,MonikaCarver,14570 Bermuda Dunes Way^^Colorado Springs^CO^80921^,,,,GCA14570BDW,,,,Yes,,Monika,10/12/1990,Carver,,,,,,,No,William Carver
MEMBER,36742,Active,1,lindamusarra@msn.com,14570 River Oaks Drive^^Colorado Springs^CO^80921^,Change of e-mail to comcast from msn in May 2009. Added spouse e-mail on 03-22-10...changed back to msn e-mail on 06-01-10,,,GCA14570ROD,,,Ldmusarra@gmail.com,Yes,,Rodney,10/10/2001,Musarra,,,,719-659-8948,,,No,
MEMBER^ADMINTREASURER,36742,Active,1,mainrosas@icloud.com,14575 Latrobe Drive^^Colorado Springs^CO^80921^,,,Yes,GCA14575LD,,No,mainrosas@icloud.com,Yes,,Michael,05/30/2007,Rosas,,No,,719-433-3417,No,No,No,
MEMBER,36742,Active,2,BarbaraRosas,14575 Latrobe Drive^^Colorado Springs^CO^80921^,,,,GCA14575LD,,,,Yes,,Barbara,05/30/2007,Rosas,,,,,,,No,Michael Rosas
MEMBER,36742,Active,1,mugsandcasey@gmail.com,14575 Westchester Drive^^Colorado Springs^CO^80921^,,,,GCA14575WD,,,Mugsandcasey@Gmail.Com,Yes,,nan,09/04/1992,Steele Co-Trustees,,,,719-481-8156,,,No,
MEMBER,36742,Active,2,MarySteele,14575 Westchester Drive^^Colorado Springs^CO^80921^,,,,GCA14575WD,,,,Yes,,Stephen/Mary,09/04/1992,Steele Co-Trustees,,,,,,,No,Stephen Steele
MEMBER,36742,Active,1,thelapierres4@gmail.com,14580 River Oaks Drive^^Colorado Springs^CO^80921^,,,,GCA14580ROD,,,thelapierres4@gmail.com,Yes,,Kevin,09/27/2013,LaPierre,,,,719-375-5081,,,No,
MEMBER,36742,Active,2,ShannonLaPierre,14580 River Oaks Drive^^Colorado Springs^CO^80921^,,,,GCA14580ROD,,,,Yes,,Shannon,09/27/2013,LaPierre,,,,,,,No,Kevin LaPierre
MEMBER,36742,Active,1,maastrichtnl@icloud.com,14580 Westchester Drive^^Colorado Springs^CO^80921^,,,,GCA14580WD,,No,Maastrichtnl@Icloud.Com,Yes,,Wilson,08/28/2006,Bailey,,No,,719-352-1759,No,No,No,
MEMBER,36742,Active,1,stuartsims1@aol.com,14585 Gleneagle Drive^^Colorado Springs^CO^80921^,,,,GCA14585GD,,No,stuartsims1@aol.com,Yes,,Stuart,10/01/1993,Sims,,No,,719-488-3028,No,No,No,
MEMBER,36742,Active,2,CherylSims,14585 Gleneagle Drive^^Colorado Springs^CO^80921^,,,,GCA14585GD,,,,Yes,,Cheryl,10/01/1993,Sims,,,,,,,No,Stuart Sims
MEMBER,36742,Active,1,chrisclabaugh88@comcast.net,14585 Latrobe Drive^^Colorado Springs^CO^80921^,chrisclabaugh88@comcast.net,,No,GCA14585LD,,No,Beckyclabaugh@Yahoo.Com,Yes,,Christopher,07/13/2015,Clabaugh,,No,,719-481-3078,No,No,No,
MEMBER,36742,Active,2,BeckyClabaugh,14585 Latrobe Drive^^Colorado Springs^CO^80921^,,,No,GCA14585LD,,No,,Yes,,Becky,07/13/2015,Clabaugh,,No,,,No,No,No,Chris Clabaugh
MEMBER,36742,Active,1,genemiranda@comcast.net,14585 River Oaks Drive^^Colorado Springs^CO^80921^,,,,GCA14585ROD,,,Genemiranda@Comcast.Net,Yes,,Eugene,02/13/1992,Miranda,,,,719-488-3831,,,No,
MEMBER,36742,Active,1,liftoff87@gmail.com,14585 Westchester Drive^^Colorado Springs^CO^80921^,,,No,GCA14585WD,,No,liftoff87@gmail.com,Yes,,Curtis,09/16/2026,Malfeld,,No,,719-238-2379,No,No,No,
MEMBER,36742,Active,2,rockymountaindana@gmail.com,14585 Westchester Drive^^Colorado Springs^CO^80921^,,,No,GCA14585WD,,No,rockymountaindana@gmail.com,No,,Dana,09/16/2026,Malfeld,,No,,,No,No,No,Curtis Malfeld
MEMBER,36742,Active,1,marc.weiersmuller@oracle.com,14590 Bermuda Dunes Way^^Colorado Springs^CO^80921^,2017 late fee waived - error made at closing by agent.,,,GCA14590BDW,,,Hazeltan88usa@Gmail.Com,Yes,,Marc,02/28/2017,Weiersmuller,,,,,,,No,
MEMBER,36742,Active,2,hazeltan88usa@gmail.com,14590 Bermuda Dunes Way^^Colorado Springs^CO^80921^,,,,GCA14590BDW,,,,Yes,,Hazel,02/28/2017,Tan En-Tze,,,,,,,No,Marc Weiersmuller
MEMBER,36742,Active,1,christian_demeyer@yahoo.com,14590 River Oaks Drive^^Colorado Springs^CO^80921^,,,,GCA14590ROD,,,Christian_Demeyer@Yahoo.Com,Yes,,Christian,12/02/2005,Demeyer,,,,719-481-1919,,,No,
MEMBER,36742,Active,1,kenneth.judd@yahoo.com,14594 Westchester Drive^^Colorado Springs^CO^80921^,jevans-9/6/2011 - updated email,,,GCA14594WD,,,Kenneth.Judd@Yahoo.Com,Yes,,Kenneth,06/03/2002,D Judd,,,,719-651-3984,No,,No,
MEMBER,36742,Active,1,kenf1@comcast.net,14595 River Oaks Drive^^Colorado Springs^CO^80921^,,,,GCA14595ROD,,,Kenf1@Comcast.Net,Yes,,James,04/28/1995,Feldman,,,,719-488-0163,,,No,
MEMBER,36742,Active,1,christytennantrn@gmail.com,14595 Westchester Drive^^Colorado Springs^CO^80921^,"Christy Tennant
christytennantrn@gmail.com
Primary Phone	501-628-2851",,No,GCA14595WD,,No,ashleyvrcic@gmail.com,No,,James,09/29/2021,Aust,,No,,,No,No,No,
MEMBER,36742,Active,1,jschloss29@gmail.com,145 Doral Way^^Colorado Springs^CO^80921^,"Email Address	jschloss29@gmail.com
Primary Phone	719-465-6704",,No,GCA145DW,,No,jschloss29@gmail.com,No,,James,02/25/2022,Schloss,,No,,719-465-6704,No,No,No,
MEMBER,36742,Active,2,elizabethschloss,145 Doral Way^^Colorado Springs^CO^80921^,,,,GCA145DW,,No,,No,,Elizabeth,02/25/2022,Schloss,,No,,,No,No,No,James Schloss
MEMBER,36742,Active,1,tfreier31@hotmail.com,145 Huntington Beach Drive^^Colorado Springs^CO^80921^,,,,GCA145HBD,,,tfreier31@hotmail.com,Yes,,Timothy,06/12/2026,Freier,,,,719-203-8976,No,,No,
MEMBER,36742,Active,2,LoisMinkus,145 Huntington Beach Drive^^Colorado Springs^CO^80921^,,,,GCA145HBD,,,,Yes,,Alison,09/03/1991,Freier,,,,,,,No,Tim Freier
MEMBER,36742,Active,1,tim_coy@hotmail.com,145 Mission Hill Way^^Colorado Springs^CO^80921^,,,,GCA145MHW,,,Lbmcdowell52@Hotmail.Com,Yes,,nan,12/17/2015,McDowell Family Trust,,,,719-237-8787,,,No,
MEMBER,36742,Active,2,vrc48@hotmail.com,145 Mission Hill Way^^Colorado Springs^CO^80921^,,,,GCA145MHW,,,,Yes,,John/ Linda,12/17/2015,McDowell,,,,,,,No,Timothy B Coy
MEMBER,36742,Active,1,spen@pobox.com,145 Pauma Valley Drive^^Colorado Springs^CO^80921^,,,,GCA145PVD,,,Spen@Pobox.Com,Yes,,Spencer,07/22/2020,Smith,,,,719-331-8411,No,,No,
MEMBER,36742,Active,1,rjtbaker@comcast.net,145 Wuthering Heights Drive^^Colorado Springs^CO^80921^,,,,GCA145WHD,,,LGMLMD87@gmail.com,Yes,,nan,12/01/2020,"145 Wuthering Heights, LLC",,,,719-651-3263,,,No,
MEMBER,36742,Active,1,luke.fulghum@gmail.com,525 S Hook Drive^^Pueblo^CO^81007^,,,,GCA14605ROD,,,luke.fulghum@gmail.com,Yes,,Luke,07/28/2021,Fulghum,,,,,,,No,
MEMBER,36742,Active,2,s.fulghum7@gmail.com,525 S Hook Drive^^Pueblo^CO^81007^,,,,GCA14605ROD,,,s.fulghum7@gmail.com,Yes,,Sandra,07/28/2021,Fulghum,,,,,,,No,Luke Fulghum
MEMBER,36742,Active,1,jakcor86@comcast.net,14615 River Oaks Drive^^Colorado Springs^CO^80921^,,,,GCA14615ROD,,No,jakcor86@comcast.net,Yes,,John,04/16/2022,Corbett,,No,,714-917-7039,No,No,No,
MEMBER,36742,Active,2,kjcorbett83@gmail.com,14615 River Oaks Drive^^Colorado Springs^CO^80921^,,,,GCA14615ROD,,No,kjcorbett83@gmail.com,No,,Kelly,04/16/2022,Corbett,,No,,,No,No,No,John Corbett
MEMBER,36742,Active,1,mpolakos@gmail.com,14620 Latrobe Drive^^Colorado Springs^CO^80921^,,,,GCA14620LD,,,mpolakos@gmail.com,Yes,,Douglas,10/23/2013,Warren,,,,732-754-6944,,,No,
MEMBER,36742,Active,2,MelissaPolakos,14620 Latrobe Drive^^Colorado Springs^CO^80921^,,,,GCA14620LD,,,,Yes,,Melissa,10/23/2013,Polakos,,,,,,,No,Douglas Warren
MEMBER,36742,Active,1,jessicajenkins1014@gmail.com,14620 River Oaks Drive^^Colorado Springs^CO^80921^,,,,GCA14620ROD,,,Jessicajenkins1014@Gmail.Com,Yes,,Justin,03/23/2020,Jenkins,,,,,,,No,
MEMBER,36742,Active,1,mmark7604@gmail.com,14625 River Oaks Drive^^Colorado Springs^CO^80921^,"Received complaint from potential buyer of numerous violations; unkempt appearance, non-running vehicle in driveway, junk piled on side of house, etc.  Notice to owners.  Do not have name for renters.",,,GCA14625ROD,,,,Yes,,Kevin,03/18/2016,Nunn,,No,,918-906-7795,Yes,,No,
MEMBER,36742,Active,2,AnnMartin,14625 River Oaks Drive^^Colorado Springs^CO^80921^,,,,GCA14625ROD,,,,Yes,,Masako,03/18/2016,Nunn,,,,,,,No,Mark Martin
MEMBER,36742,Active,1,kohlent@comcast.net,14635 Latrobe Drive^^Colorado Springs^CO^80921^,,,,GCA14635LD,,,kohlent@comcast.net,Yes,,Edwin,07/10/2021,Kohl,,,,719-488-2870,,,No,
MEMBER,36742,Active,1,bemcdowell@gmail.com,14635 River Oaks Drive^^Colorado Springs^CO^80921^,,,,GCA14635ROD,,,Jdumke91@Gmail.Com,No,,Jared,09/19/2021,Dumke,,No,,678-586-9890,Yes,,No,
MEMBER,36742,Active,1,123SandyLee@gmail.com,14640 Latrobe Drive^^Colorado Springs^CO^80921^,,,,GCA14640LD,,,123sandylee@gmail.com,Yes,,Sandra L.,02/06/2018,Paul-Sheasley,,,,609-410-6412,,,No,
MEMBER,36742,Active,1,RogerCall@comcast.net,14655 Latrobe Drive^^Colorado Springs^CO^80921^,,,,GCA14655LD,,,Gaylecall@Comcast.Net,Yes,,nan,09/06/1994,Call Family Revoc Living Trust,,,,719-488-8627,,,No,
MEMBER,36742,Active,2,gaylecall@comcast.net,14655 Latrobe Drive^^Colorado Springs^CO^80921^,,,,GCA14655LD,,,,Yes,,James/Gayle,09/06/1994,Roger Trustees,,,,,,,No,Roger Call
MEMBER,36742,Active,1,danicaalter@gmail.com,14660 Latrobe Drive^^Colorado Springs^CO^80921^,,,,GCA14660LD,,No,Danicaalter@Gmail.Com,Yes,,Benjamin,11/23/2021,Alter,,No,,434-284-1604,No,No,No,
MEMBER,36742,Active,2,Benjamin.Alter,14660 Latrobe Drive^^Colorado Springs^CO^80921^,,,,GCA14660LD,,No,,Yes,,Danica,11/23/2021,Alter,,No,,,No,No,No,Danica Alter
MEMBER,36742,Active,1,MichaelLarock,14675 Latrobe Drive^^Colorado Springs^CO^80921^,,,,GCA14675LD,,,,Yes,,Michael,06/29/2005,Larock,,,,,,,No,
MEMBER,36742,Active,2,DeirdreLarock,14675 Latrobe Drive^^Colorado Springs^CO^80921^,,,,GCA14675LD,,,,Yes,,Deirdre,06/29/2005,Larock,,,,,,,No,Michael Larock
MEMBER,36742,Active,1,shannonmoore0914@gmail.com,14680 Latrobe Drive^^Colorado Springs^CO^80921^,"ericmoore0914@gmail.com
Primary Phone
701-200-2398
Email Address
shannonmoore0914@gmail.com",,No,GCA14680LD,,No,shannonmoore0914@gmail.com,Yes,,Eric,08/27/2021,Moore,,No,,701-200-2398,No,No,No,
MEMBER,36742,Active,2,ShannonMoore,14680 Latrobe Drive^^Colorado Springs^CO^80921^,,,,GCA14680LD,,No,,No,,Shannon,08/27/2021,Moore,,No,,,No,,No,Eric Moore
MEMBER,36742,Active,1,ddpuff81@gmail.com,9913 South Park Circle^^Fairfax Station^VA^22039^,"ddpuff81@gmail.com
jepuff78@aol.com John",,No,GCA14695LD,,No,jepuff78@aol.com,Yes,,John,02/01/1986,Puffenbarger,,No,,703-455-7945,No,No,No,
MEMBER,36742,Active,2,jepuff78@aol.com,9913 South Park Circle^^Fairfax Station^VA^22039^,,,,GCA14695LD,,,ddpuff81@gmail.com,Yes,,Diana,02/01/1986,Puffenbarger,,,,571-232-8740,No,,No,John Puffenbarger
MEMBER,36742,Active,1,alford1019@gmail.com,14710 Cherry Hills Place^^Colorado Springs^CO^80921^,,,,GCA14710CHP,,,Alford1019@Gmail.Com,Yes,,Laura,10/30/2019,Alford,,,,719-243-8238,,,No,
MEMBER,36742,Active,2,LauraAlford,14710 Cherry Hills Place^^Colorado Springs^CO^80921^,,,,GCA14710CHP,,,,Yes,,Brent,10/30/2019,Alford,,,,,,,No,Brent Alford
MEMBER,36742,Active,1,gleneagle@q.com,14710 Gleneagle Drive^^Colorado Springs^CO^80921^,,,,GCA14710GD,,,Gleneagledr@Gmail.Com,Yes,,Philip,04/01/1986,Catalfamo,,,,719-481-4839,,,No,
MEMBER,36742,Active,2,LauraCatalfamo,14710 Gleneagle Drive^^Colorado Springs^CO^80921^,,,,GCA14710GD,,,,Yes,,Laura,04/01/1986,Catalfamo,,,,,,,No,Phil Catalfamo
MEMBER,36742,Active,1,KateKinnison,14710 Latrobe Drive^^Colorado Springs^CO^80921^,719-648-7616,,,GCA14710LD,,No,katebachmeier@gmail.com,Yes,,Kate,06/21/2010,Kinnison,,No,,970-405-3560,No,No,No,
MEMBER,36742,Active,2,ZachKinnison,14710 Latrobe Drive^^Colorado Springs^CO^80921^,719-648-7616,,,GCA14710LD,,No,katebachmeier@g.mail.com,Yes,,Zach,06/21/2010,Kinnison,,No,,970-405-3560,No,No,No,Kate Kinnison
MEMBER,36742,Active,1,vscottsaunders@comcast.net,14715 Gleneagle Drive^^Colorado Springs^CO^80921^,,,,GCA14715GD,,,Vscottsaunders@Comcast.Net,Yes,,Scott,05/30/2000,Suanders,,,,719-963-8784,,,No,
MEMBER,36742,Active,2,KerrySaunders,14715 Gleneagle Drive^^Colorado Springs^CO^80921^,,,,GCA14715GD,,,,Yes,,Kerry,05/30/2000,Suanders,,,,,,,No,Scott Saunders
MEMBER,36742,Active,1,rcherter@gmail.com,14715 Latrobe Drive^^Colorado Springs^CO^80921^,"JE: removed bounced email 12/6/2014 6.28.15: Change of ownership 3/12/2018 - sent e-mail requesting payment of $2.25
jessika.reynolds01@gmail.com",,No,GCA14715LD,,No,Jessika.Reynolds01@Gmail.Com,Yes,,Ryan,06/04/2015,Herter,,No,,719-440-3026,No,No,No,
MEMBER,36742,Active,2,jessika.reynolds01@gmail.com,14715 Latrobe Drive^^Colorado Springs^CO^80921^,,,No,GCA14715LD,,No,,Yes,,Jessika,06/04/2015,Herter,,No,,,No,No,No,Ryan C Herter
MEMBER,36742,Active,1,JoeBrouillard,14725 Cherry Hills Place^^Colorado Springs^CO^80921^,,,,GCA14725CHP,,,,Yes,,Joseph,11/09/1998,Brouillard,,,,719-481-8449,,,No,
MEMBER,36742,Active,2,LaurenBrouillard,14725 Cherry Hills Place^^Colorado Springs^CO^80921^,,,,GCA14725CHP,,,,Yes,,Lauren,11/09/1998,Brouillard,,,,,,,No,Joe Brouillard
MEMBER,36742,Active,1,amberheavner@yahoo.com,14725 Gleneagle Drive^^Colorado Springs^CO^80921^,,,,GCA14725GD,,,Amberheavner@Yahoo.Com,No,,Zane,09/15/2021,Heavner,,,,,,,No,
MEMBER,36742,Active,2,zane_heavner@yahoo.com,14725 Gleneagle Drive^^Colorado Springs^CO^80921^,,,,GCA14725GD,,,,No,,Amber,09/15/2021,Heavner,,,,,,,No,Amber Heavner
MEMBER,36742,Active,1,jimann100@gmail.com,14730 Cherry Hills Place^^Colorado Springs^CO^80921^,,,,GCA14730CHP,,,jimann100@gmail.com,Yes,,Jim,09/02/1998,Taylor,,No,,719-218-2614,Yes,,No,
MEMBER,36742,Active,2,AnnTaylor,14730 Cherry Hills Place^^Colorado Springs^CO^80921^,,,,GCA14730CHP,,,,Yes,,Ann,09/02/1998,Taylor,,,,,,,No,Jim Taylor
MEMBER,36742,Active,1,driftwood_62@yahoo.com,14730 Gleneagle Drive^^Colorado Springs^CO^80921^,"Unger, Mike & Lisa 481-3411 Doral legal money to the Ungers Gauck new owner in 11/03",,,GCA14730GD,,,Driftwood_62@Yahoo.Com,Yes,,Brian,11/06/2003,Gauck,,,,719-238-8001,,,No,
MEMBER,36742,Active,1,RebeccaShwen,14735 Gleneagle Drive^^Colorado Springs^CO^80921^,,,,GCA14735GD,,No,,No,,Rebecca,07/01/2021,Shwen,,No,,,No,No,Yes,
MEMBER,36742,Active,1,bammesbe,14735 Latrobe Drive^^Colorado Springs^CO^80921^,MAIL NOTICES,,,GCA14735LD,,,Bamfamily7@Msn.Com,Yes,,Steven,06/12/2006,Bammesberger,,,,719-522-0665,,,No,
MEMBER,36742,Active,2,EdithaBammesberger,14735 Latrobe Drive^^Colorado Springs^CO^80921^,,,,GCA14735LD,,,,Yes,,Editha,06/12/2006,Bammesberger,,,,,,,No,Steve Bammesberger
MEMBER,36742,Active,1,jreenogden@msn.com,14740 Latrobe Drive^^Colorado Springs^CO^80921^,,,,GCA14740LD,,,travis.collier07@gmail.com,Yes,,Travis,01/04/2002,Collier,,,,719-488-0830,,,No,
MEMBER,36742,Active,2,RichaleenOgden,14740 Latrobe Drive^^Colorado Springs^CO^80921^,,,,GCA14740LD,,,,Yes,,Madison,01/04/2002,Collier,,,,,,,No,John Ogden
MEMBER,36742,Active,1,hawfam5@comcast.net,14745 Cherry Hills Place^^Colorado Springs^CO^80921^,,,,GCA14745CHP,,,Hawfam5@Comcast.Net,Yes,,Lowell,01/20/1999,Hawthorne,,,,719-487-0582,,,No,
MEMBER,36742,Active,1,info@nitsut.com,14750 Cherry Hills Place^^Colorado Springs^CO^80921^,,,No,GCA14750CHP,,No,Info@Nitsut.Com,Yes,,nan,09/22/2005,Cherry Glen Family Trust,,No,,719-598-1213,No,No,No,
MEMBER,36742,Active,2,CarolTustin,14750 Cherry Hills Place^^Colorado Springs^CO^80921^,,,,GCA14750CHP,,,,Yes,,Carol/Warren,09/22/2005,Trustin Trustees,,,,,,,No,Warren Tustin
MEMBER,36742,Active,1,akendal@gmail.com,14750 Gleneagle Drive^^Colorado Springs^CO^80921^,,,,GCA14750GD,,,Akendal@Gmail.Com,Yes,,Amanda,09/25/2019,Armstrong,,,,719-201-2825,,,No,
MEMBER,36742,Active,2,AmandaArmstrong,14750 Gleneagle Drive^^Colorado Springs^CO^80921^,,,,GCA14750GD,,,,Yes,,Kendal,09/25/2019,Armstrong,,,,,,,No,Kendal Armstrong
MEMBER,36742,Active,1,willross53@gmail.com,14750 Latrobe Court^^Colorado Springs^CO^80921^,,,,GCA14750LC,,No,Willross53@Gmail.Com,Yes,,nan,12/06/2021,Lavender Field Trust,,No,,,No,,No,
MEMBER,36742,Active,2,JaqueRoss,14750 Latrobe Court^^Colorado Springs^CO^80921^,,,,GCA14750LC,,No,,No,,Ross,12/06/2021,Trust,,No,,,No,,No,William Ross
MEMBER,36742,Active,1,mike@mjkarin.net,14755 Cherry Hills Place^^Colorado Springs^CO^80921^,,,,GCA14755CHP,,,mike@mjkarin.net,Yes,,Mike,03/25/2003,Karin,,,,719-229-6450,,,No,
MEMBER,36742,Active,1,ksk@k-c-c-i.com,14755 Latrobe Court^^Colorado Springs^CO^80921^,,,,GCA14755LD,,,Ksk@K-C-C-I.Com,Yes,,nan,05/17/2006,Kathleen/Daniel Katzer Trustees,,,,719-598-3606,,,No,
MEMBER,36742,Active,2,KathleenKatzer,14755 Latrobe Court^^Colorado Springs^CO^80921^,,,,GCA14755LD,,,,Yes,,Daniel,05/17/2006,Katzer Trustees,,,,,,,No,Daniel Katzer
MEMBER,36742,Active,1,SusanHess,14760 Cherry Hills Place^^Colorado Springs^CO^80921^,,,,GCA14760CHP,,,Roger.J.Hess@Gmail.Com,Yes,,nan,08/15/2019,Susan M Hess Revocable Living Trust,,,,309-370-7086,,,No,
MEMBER,36742,Active,1,zinsbill@gmail.com,14762 Latrobe Court^^Colorado Springs^CO^80921^,,,,GCA14762LC,,,Zinsbill@Gmail.Com,Yes,,William,08/06/1993,Zinsmeryer,,,,719-481-3263,,,No,
MEMBER,36742,Active,2,TheresaZinsmeyer,14762 Latrobe Court^^Colorado Springs^CO^80921^,,,,GCA14762LC,,,,Yes,,Theresa,08/06/1993,Zinsmeryer,,,,,,,No,William Zinsmeyer
MEMBER,36742,Active,1,chrystiburroughs@mac.com,14770 Gleneagle Drive^^Colorado Springs^CO^80921^,,,,GCA14770GD,,,Chrystiburroughs@Mac.Com,Yes,,Scott,06/22/2018,Burroughs,,,,303-917-7174,,,No,
MEMBER,36742,Active,1,p.marine@comcast.net,14776 Latrobe Court^^Colorado Springs^CO^80921^,,,,GCA14776LC,,,P.Marine@Comcast.Net,Yes,,Larry,06/02/2003,Marine,,,,719-231-0659,,,No,
MEMBER,36742,Active,1,brun0mail@comcast.net,14780 Latrobe Drive^^Colorado Springs^CO^80921^,,,,GCA14780LD,,,brun0mail@comcast.net,Yes,,Bill,08/27/2001,Welde,,,,719-484-0421,,,No,
MEMBER,36742,Active,2,JudyWelde,14780 Latrobe Drive^^Colorado Springs^CO^80921^,,,,GCA14780LD,,,,Yes,,Judy,08/27/2001,Welde,,,,,,,No,Bill Welde
MEMBER,36742,Active,1,sadieweisheit@gmail.com,14783 Latrobe Court^^Colorado Springs^CO^80921^,Unified Title paid 2003 dues at closing,,,GCA14783LC,,,Cjweisheit@Gmail.Com,Yes,,Christopher,03/19/2019,Weisheit,,,,719-306-1922,,,No,
MEMBER,36742,Active,1,theodore.e.smith@gmail.com,14785 Latrobe Drive^^Colorado Springs^CO^80921^,,,,GCA14785LD,,,Sheardr@gmail.com,Yes,,Robert,11/15/2019,Sheard Jr,,,,720-934-4151,,,No,
MEMBER,36742,Active,1,mharry@mac.com,14790 Gleneagle Drive^^Colorado Springs^CO^80921^,"08/03/2015, MLS: new owner info updated per P.Marine",,,GCA14790GD,,,erinanderson575@gmail.com,Yes,,Jason,04/30/2015,Anderson,,,,719-337-4962,,,No,
MEMBER,36742,Active,2,rcaux@mac.com,14790 Gleneagle Drive^^Colorado Springs^CO^80921^,,,,GCA14790GD,,,,Yes,,Erin,04/30/2015,Anderson,,No,,,Yes,,No,Mark Harry
MEMBER,36742,Active,1,francesmarionluke@gmail.com,14790 Latrobe Court^^Colorado Springs^CO^80921^,new email 2/23/2012 - jevans,,,GCA14790LD,,,francesmarionluke@gmail.com,Yes,,Marion,04/05/1993,Luke,,,,719-481-4607,,,No,
MEMBER,36742,Active,2,FrancesLuke,14790 Latrobe Court^^Colorado Springs^CO^80921^,,,,GCA14790LD,,,,Yes,,Frances,04/05/1993,Luke,,,,,,,No,Marion Luke
MEMBER,36742,Active,1,sophiem031@aol.com,14797 Latrobe Court^^Colorado Springs^CO^80921^,,,,GCA14797LC,,,Kentlmiller@Aol.Com,Yes,,nan,11/13/2001,Miller Living Trust,,,,719-488-1152,,,No,
MEMBER,36742,Active,1,acook123@gmail.com,14815 Gleneagle Drive^^Colorado Springs^CO^80921^,213-344-6174,,,GCA14815GD,,,Acook123@Gmail.Com,Yes,,Alexander,10/01/2017,Cook,,,,213-268-6470,,,No,
MEMBER,36742,Active,1,howard.pflugh@gmail.com,14825 Gleneagle Drive^^Colorado Springs^CO^80921^,,,,GCA14825GD,lisapflugh@gmail.com,No,howard.pflugh@gmail.com,Yes,,Howard L,06/29/2015,Pflugh,,No,,717-991-5415,No,No,No,
MEMBER,36742,Active,1,t.gihring@yahoo.com,14835 Gleneagle Drive^^Colorado Springs^CO^80921^,"Home in forclosure 10/25/10, sold by Fannie Mae 9/13/11
alethag@hotmail.com
t.gihring@yahoo.com",,No,GCA14835GD,,No,christinesmithtechart@gmail.com,Yes,,Christine,09/13/2011,Smith,,No,,719-339-6876,No,No,No,
MEMBER,36742,Active,1,timetogolf@yahoo.com,14915 Gleneagle Drive^^Colorado Springs^CO^80921^,,,,GCA14915GD,,,jorboswell@icloud.com,Yes,,Mason,06/26/2019,Boswell,,,,,,,No,
MEMBER,36742,Active,2,SandraLHodgson,14915 Gleneagle Drive^^Colorado Springs^CO^80921^,,,,GCA14915GD,,,,Yes,,Jorie,06/26/2019,Boswell,,,,,,,No,Mickel S Hodgson
MEMBER,36742,Active,1,dd0611@comcast.com,14925 Gleneagle Drive^^Colorado Springs^CO^80921^,"Email Address	dd0611@comcast.com
Primary Phone	719-481-4541
Address	14925 Gleneagle
old: daveross1@comcast.net",,No,GCA14925GD,,No,Dd0611@Comcast.Net,Yes,,nan,08/10/2000,Ross Family Revoc Living Trust,,No,,719-481-4541,No,No,No,
MEMBER,36742,Active,2,LindaRoss,14925 Gleneagle Drive^^Colorado Springs^CO^80921^,,,,GCA14925GD,,,,Yes,,David/ Linda,08/10/2000,Ross,,,,,,,No,Dave Ross
MEMBER,36742,Active,1,dolface4@gmail.com,14945 Gleneagle Drive^^Colorado Springs^CO^80921^,,,,GCA14945GD,,,dolface4@gmail.com,Yes,,Gregory J.,07/02/1987,Penney,,,,719-481-2343,,,No,
MEMBER,36742,Active,2,ConniePenney,14945 Gleneagle Drive^^Colorado Springs^CO^80921^,,,,GCA14945GD,,,,Yes,,Connie,07/02/1987,Penney,,,,,,,No,Gregory J. Penney
MEMBER,36742,Active,1,slaman5@msn.com,15005 Hilton Head Court^^Colorado Springs^CO^80921^,,,,GCA15005HHC,,,slaman5@msn.com,Yes,,Duane,01/02/2003,Slaman,,,,719-481-1407,,,No,
MEMBER,36742,Active,2,RebeccaSlaman,15005 Hilton Head Court^^Colorado Springs^CO^80921^,,,,GCA15005HHC,,,,Yes,,Rebecca,01/02/2003,Slaman,,,,,,,No,Duane Slaman
MEMBER,36742,Active,1,MaxDelgado,15010 Hilton Head Court^^Colorado Springs^CO^80921^,,,,GCA15010HHC,,,m8x@duckduck.com,Yes,,Max,06/05/2014,Delgado Iii,,,,,,,No,
MEMBER,36742,Active,2,VeronicaDelgado,15010 Hilton Head Court^^Colorado Springs^CO^80921^,,,,GCA15010HHC,,,,Yes,,Veronica,06/05/2014,Delgado,,,,,,,No,Max Delgado
MEMBER,36742,Active,1,denshardvorak@gmail.com,2440 Ptarmigan Lane^^Colorado Springs^CO^80918^,VACANT LOT,,,GCA15010LJP,,,denshardvorak@gmail.com,Yes,,Dennis,10/06/1994,Dvorak,,,,,,,No,
MEMBER,36742,Active,2,SharonDvorak,2440 Ptarmigan Lane^^Colorado Springs^CO^80918^,,,,GCA15010LJP,,,,Yes,,Sharon,10/06/1994,Dvorak,,,,,,,No,Dennis Dvorak
MEMBER,36742,Active,1,hanrm0415@gmail.com,15015 Hilton Head Court^^Colorado Springs^CO^80921^,,,,GCA15015HHC,,,Chaveal7@Gmail.Com,Yes,,Ana,07/26/1989,Chavez,,,,719-649-6576,Yes,,No,
MEMBER,36742,Active,1,pubshrav66@gmail.com,15018 La Jolla Place^^Colorado Springs^CO^80921^,,,,GCA15018LJP,,,pubshrav66@gmail.com,Yes,,Shravan,09/09/2021,Miriyala,,,,720-470-1785,,,No,
MEMBER,36742,Active,2,BinduMiriyala,15018 La Jolla Place^^Colorado Springs^CO^80921^,,,,GCA15018LJP,,,,No,,Bindu,09/09/2021,Miriyala,,,,,,,No,Shravan Miriyala
MEMBER,36742,Active,1,llcarlisle45@gmail.com,15020 Hilton Head Court^^Colorado Springs^CO^80921^,"llcarlisle45@gmail.com
Linda Carlisle
Primary Phone	505-670-0129
Address	15020 Hilton Head Court
Colorado Springs, CO 80921",,No,GCA15020HHC,,No,Llcarlisle45@Gmail.Com,Yes,,Sonu,05/22/2023,Verghese,,No,,505-670-0129,No,No,No,
MEMBER,36742,Active,1,bennettm84@gmail.com,15025 Hilton Head Court^^Colorado Springs^CO^80921^,,,,GCA15025HHC,,No,Bennettm84@Gmail.Com,Yes,,Amanda,07/05/2022,Lamb,,No,,,No,No,No,
MEMBER,36742,Active,1,bblazi@comcast.net,15030 Hilton Head Court^^Colorado Springs^CO^80921^,,,,GCA15030HHC,,,Bblazi@Comcast.Net,Yes,,William,08/30/1988,Blazi,,,,719-481-4229,,,No,
MEMBER,36742,Active,2,RoseMarieBlazi,15030 Hilton Head Court^^Colorado Springs^CO^80921^,,,,GCA15030HHC,,No,,Yes,,Rose,08/30/1988,Blazi,,No,,,No,No,No,William Blazi
MEMBER,36742,Active,1,markwrader74@gmail.com,15070 Fishers Lane^^Colorado Springs^CO^80921^,Address?: 570 Rangely? 1/3/2011 J.Evans: removed bad email,,,GCA15070FL,,,Markwrader74@Gmail.Com,Yes,,Donna,06/03/1997,Rader,,,,719-481-6144,,,No,
MEMBER,36742,Active,2,DonnaRader,15070 Fishers Lane^^Colorado Springs^CO^80921^,,,,GCA15070FL,,,,Yes,,Mark,06/03/1997,Rader,,,,,,,No,Mark Rader
MEMBER,36742,Active,1,choochoojoe@hotmail.com,150 Desert Inn Way^^Colorado Springs^CO^80921^,JE: updated kellys email,,,GCA150DIW,,,choochoojoe@hotmail.com,Yes,,Joe,07/24/2007,Wallroth,,,,719-481-5583,,,No,
MEMBER,36742,Active,2,kellywallroth@gmail.com,150 Desert Inn Way^^Colorado Springs^CO^80921^,,,,GCA150DIW,,,kellywallroth@gmail.com,Yes,,Kelly,07/24/2007,Wallroth,,,,,,,No,Joe Wallroth
MEMBER,36742,Active,1,moffiemem@comcast.net,150 Palm Springs Drive^^Colorado Springs^CO^80921^,,,,GCA150PSD,,,jon.moser9@gmail.com,Yes,,Jonathan/Aubrey,04/01/1986,Moser,,,,719-481-3938,,,No,
MEMBER,36742,Active,2,MarilynMoffie,150 Palm Springs Drive^^Colorado Springs^CO^80921^,,,,GCA150PSD,,,,Yes,,Donna,04/01/1986,NcCoy,,,,,,,No,Ralph Moffie
MEMBER,36742,Active,1,helpmeshipit@gmail.com,150 Pauma Valley Drive^^Colorado Springs^CO^80921^,"helpmeshipit@gmail.com
541-500-9947
lovegranola@yahoo.com",,No,GCA150PVD,,No,Helpmeshipit@Gmail.Com,Yes,,Benjamin,06/15/2022,Shanks,,No,,541-601-8817,No,No,No,
MEMBER,36742,Active,1,dogaxl@hotmail.com,150 Wuthering Heights Drive^^Colorado Springs^CO^80921^,JE: removed bounced spouse email togax1@hotmail.com 7/18/2015,,,GCA150WHD,,,Dogaxl@Hotmail.Com,Yes,,nan,08/22/1989,Schumann Revoc Trust,,,,719-488-3387,,,No,
MEMBER,36742,Active,2,KathrynSchumann,150 Wuthering Heights Drive^^Colorado Springs^CO^80921^,,,,GCA150WHD,,,,Yes,,Brian/Kathryn,08/22/1989,Schumann,,,,,,,No,Brian Schumann
MEMBER,36742,Active,1,cameronmaxw@hotmail.com,15125 Thornbird Court^^Colorado Springs^CO^80921^,Both e-mail addresses changed on 03-23-10,,,GCA15125TC,,,cameronmaxw@hotmail.com,Yes,,Max,09/17/1987,Cameron,,,,719-488-0427,,,No,
MEMBER,36742,Active,2,xjcameron@hotmail.com,15125 Thornbird Court^^Colorado Springs^CO^80921^,,,,GCA15125TC,,,xjcameron@hotmail.com,Yes,,Janet,09/17/1987,Cameron,,,,,,,No,Max Cameron
MEMBER,36742,Active,1,rnhgarrison@gmail.com,15130 Thornbird Court^^Colorado Springs^CO^80921^,,,,GCA15130TC,,,spn2113@gmail.com,Yes,,Suresh,05/19/2006,Nambiar,,,,719-272-7188,,,No,
MEMBER,36742,Active,2,HeidiFranz-Garrison,15130 Thornbird Court^^Colorado Springs^CO^80921^,,,,GCA15130TC,,,,Yes,,Prachi,05/19/2006,Nambiar,,,,,,,No,Rex Garrison
MEMBER,36742,Active,1,cindystvjohnson@comcast.net,15150 Thornbird Court^^Colorado Springs^CO^80921^,Added e-mail on 05-02-10...Bill Carroll,,,GCA15150TC,,,Cindystvjohnson@Comcast.Net,Yes,,Steven,07/18/2000,Johnson,,,,719-481-8923,,,No,
MEMBER,36742,Active,2,CindyJohnson,15150 Thornbird Court^^Colorado Springs^CO^80921^,,,,GCA15150TC,,,,Yes,,Cynthia,07/18/2000,Johnson,,,,,,,No,Steve Johnson
MEMBER,36742,Active,1,sdfandslf@msn.com,15155 Thornbird Court^^Colorado Springs^CO^80921^,,,,GCA15155TC,,,sdfandslf@msn.com,Yes,,Steven,05/17/1999,Fowler,,,,719-487-8489,,,No,
MEMBER,36742,Active,2,SherrieFowler,15155 Thornbird Court^^Colorado Springs^CO^80921^,,,,GCA15155TC,,,,Yes,,Sherrie,05/17/1999,Fowler,,,,,,,No,Steven Fowler
MEMBER,36742,Active,1,battle1283@aol.com,15170 Thornbird Court^^Colorado Springs^CO^80921^,,,,GCA15170TC,,,battle1283@aol.com,Yes,,Michael,12/06/2005,Schaub,,,,719-481-5635,,,No,
MEMBER,36742,Active,2,pooh211@aol.com,15170 Thornbird Court^^Colorado Springs^CO^80921^,,,,GCA15170TC,,,pooh211@aol.com,Yes,,Amy,12/06/2005,Schaub,,,,,,,No,Michael Schaub
MEMBER,36742,Active,1,renae@warriorservicesgroup.com,15175 Thornbird Court^^Colorado Springs^CO^80921^,,,,GCA15175TC,,,Renae@Warriorservicesgroup.Com,Yes,,nan,02/28/2012,Lunn Living Trust,,,,719-290-5122,,,No,
MEMBER,36742,Active,1,jmelahn918@gmail.com,15210 Diamondhead Court^^Colorado Springs^CO^80921^,,,,GCA15210DHC,,,Jmelahn918@Gmail.Com,Yes,,Jennifer,06/06/2017,Melahn,,,,815-276-2373,,,No,
MEMBER,36742,Active,1,chrismc54@aol.com,15215 Diamondhead Court^^Colorado Springs^CO^80921^,"5.23.15: Rcvd title check, no WD",,,GCA15215DHC,,,Losrichardsons@Gmail.Com,Yes,,Paul,05/12/2015,Richardson,,,,719-440-3546,,,No,
MEMBER,36742,Active,2,ChristyLMcCausland,15215 Diamondhead Court^^Colorado Springs^CO^80921^,,,,GCA15215DHC,,,,Yes,,Aracely,05/12/2015,Richardson,,,,,,,No,Michael A McCausland
MEMBER,36742,Active,1,russelltitus@comcast.net,15230 Diamondhead Court^^Colorado Springs^CO^80921^,,,,GCA15230DHC,,,russelltitus@comcast.net,Yes,,Sandra,08/13/1992,Titus,,,,719-481-8648,,,No,
MEMBER,36742,Active,1,kchuxtable@msn.com,15230 Renoir Place^^Colorado Springs^CO^80921^,5.23.15: Dues chk w/note moved in Feb to new address. EPCA shows property as mailing address. 6.28.15: Change of ownership,,,GCA15230RP,,,Kchuxtable@Msn.Com,Yes,,Christopher,06/12/2015,Huxtable,,,,720-217-2587,,,No,
MEMBER,36742,Active,1,monique9000@gmail.com,701 E Platte Ave^^Colorado Springs^CO^80903^,,,,GCA15235DHC,,,monique9000@gmail.com,Yes,,Monique,05/12/2003,Vollmer,,,,,,,No,
MEMBER,36742,Active,1,JenniferRevelllo,15240 Renoir Place^^Colorado Springs^CO^80921^,,,,GCA15240RP,,No,,Yes,,Jennifer,08/10/2009,Revello,,No,,,No,No,No,
MEMBER,36742,Active,1,carichard77@gmail.com,15245 Renoir Place^^Colorado Springs^CO^80921^,,,,GCA15245RP,,,carichard77@gmail.com,Yes,,Christopher,10/08/2019,Richard,,,,,,,No,
MEMBER,36742,Active,2,CarolineRichard,15245 Renoir Place^^Colorado Springs^CO^80921^,,,,GCA15245RP,,,,Yes,,Caroline,10/08/2019,Richard,,,,,,,No,Christopher Richard
MEMBER,36742,Active,1,stephenswift6@yahoo.com,15250 Renoir Place^^Colorado Springs^CO^80921^,"New e-mail on April 27, 2009",,,GCA15250RP,,,stephenswift6@yahoo.com,Yes,,Stephen,05/02/1996,Swift,,,,719-481-0710,,,No,
MEMBER,36742,Active,2,ElizabethSwift,15250 Renoir Place^^Colorado Springs^CO^80921^,,,,GCA15250RP,,,,Yes,,Elizabeth,05/02/1996,Swift,,,,,,,No,Stephen Swift
MEMBER,36742,Active,1,moconnortom@hotmail.com,15255 Renoir Place^^Colorado Springs^CO^80921^,removed mdconnortom@hotmail.com bad mail - jevans 9/16/2012 added email jevans 5/6/2013,,,GCA15255RP,,,moconnortom@hotmail.com,Yes,,Michael,09/01/2011,OConnor,,,,717-343-8083,,,No,
MEMBER,36742,Active,2,RaquelRengifo,15255 Renoir Place^^Colorado Springs^CO^80921^,,,,GCA15255RP,,,,Yes,,Raquel,09/01/2011,Rengifo,,,,,,,No,Michael OConnor
MEMBER,36742,Active,1,zilefam@yahoo.com,15260 Renoir Place^^Colorado Springs^CO^80921^,,,,GCA15260RP,,,Zilefam@Yahoo.Com,Yes,,Barry,11/09/2017,Zile,,,,,,,No,
MEMBER,36742,Active,1,blujnldy@comcast.net,15265 Renoir Place^^Colorado Springs^CO^80921^,,,,GCA15265RP,,,blujnldy@comcast.net,Yes,,Bob,08/04/1998,Clements,,,,719-481-5650,,,No,
MEMBER,36742,Active,2,StaceyClements,15265 Renoir Place^^Colorado Springs^CO^80921^,,,,GCA15265RP,,,,Yes,,Stacey,08/04/1998,Clements,,,,,,,No,Bob Clements
MEMBER,36742,Active,1,albright.9@hotmail.com,155 Desert Inn Way^^Colorado Springs^CO^80921^,,,,GCA155DIW,,No,Albright.9@Hotmail.Com,Yes,,Cole,07/12/2021,Albright,,No,,719-502-7346,No,No,No,
MEMBER,36742,Active,2,brandi5683@gmail.com,155 Desert Inn Way^^Colorado Springs^CO^80921^,,,,GCA155DIW,,No,,Yes,,Brandice,07/12/2021,Albright,,No,,719-314-7487,No,No,No,Cole Albright
MEMBER,36742,Active,1,hansandlisarobinson@yahoo.com,155 Palm Springs Drive^^Colorado Springs^CO^80921^,"Changed e-mail on 6/4/10 - Bill Carroll
303-328-7941
hansandlisarobinson@yahoo.com
revededieu@yahoo.com",,No,GCA155PSD,,No,Hansandlisarobinson@Yahoo.Com,Yes,,nan,07/22/2016,Robinson Revocable Living Trust,,No,,303-328-7941,No,No,No,
MEMBER,36742,Active,1,kourteach@gmail.com,155 Rangely Drive^^Colorado Springs^CO^80921^,,,,GCA155RD,,,kourteach@gmail.com,Yes,,Kevin,08/23/2018,Roberts,,,,,,,No,
MEMBER,36742,Active,2,KourtnieRoberts,155 Rangely Drive^^Colorado Springs^CO^80921^,,,,GCA155RD,,,,Yes,,Kourtnie,08/23/2018,Roberts,,,,,,,No,Kevin Roberts
MEMBER,36742,Active,1,timothy@eas.tc,15 Huntington Beach Drive^^Colorado Springs^CO^80921^,,,,GCA15HBD,,,,Yes,,Andrew,06/01/2017,Schneider,,,,719-321-5891,,,No,
MEMBER,36742,Active,2,TeresaCochran,15 Huntington Beach Drive^^Colorado Springs^CO^80921^,,,,GCA15HBD,,,,Yes,,Rachel,06/01/2017,Schneider,,,,,,,No,Timothy Cochran
MEMBER,36742,Active,1,pmrcolo@hotmail.com,160 Desert Inn Way^^Colorado Springs^CO^80921^,,,,GCA160DIW,,,Pmrcolo@Hotmail.Com,Yes,,Gary,01/20/2006,Reynolds,,,,719-440-9070,,,No,
MEMBER,36742,Active,1,bachp@comcast.net,160 Mission Hill Way^^Colorado Springs^CO^80921^,,,,GCA160MHW,,,Bachp@Comcast.Net,Yes,,Beth,03/01/2007,Allen,,,,719-593-7794,,,No,
MEMBER,36742,Active,1,kbrowe56@icloud.com,160 Rangely Drive^^Colorado Springs^CO^80921^,,,,GCA160RD,,,Kbrowe56@Icloud.Com,Yes,,Dawn,05/20/2019,Rowe,,,,530-953-8858,,,No,
MEMBER,36742,Active,1,kathy49schneider@gmail.com,160 Wuthering Heights Drive^^Colorado Springs^CO^80921^,,,,GCA160WHD,,,kathy49schneider@gmail.com,Yes,,Gary,08/17/1990,Schneider,,,,719-481-4351,,,No,
MEMBER,36742,Active,2,KathleenSchneider,160 Wuthering Heights Drive^^Colorado Springs^CO^80921^,,,,GCA160WHD,,,,Yes,,Kathleen,08/17/1990,Schneider,,,,,,,No,Gary Schneider
MEMBER,36742,Active,1,sharp.shawn.free@outlook.com,165 Huntington Beach Drive^^Colorado Springs^CO^80921^,,,,GCA165HBD,,,Sharp.Shawn.Free@Outlook.Com,Yes,,William,04/30/2012,Free,,,,719-216-7860,,,No,
MEMBER,36742,Active,1,bcolao@sbcglobal.net,165 Mission Hill Way^^Colorado Springs^CO^80921^,"New owner, not listed yet",,,GCA165MHW,,,kengarvey13@gmail.com,Yes,,Kenneth,07/18/2019,Garvey,,,,214-207-7656,,,No,
MEMBER,36742,Active,1,desougs@auburn.edu,165 Wuthering Heights Drive^^Colorado Springs^CO^80921^,"334-559-0780
334-524-0780
desou001@yahoo.com
desougs@auburn.edu",,No,GCA165WHD,,No,Desougs@Auburn.Edu,Yes,,Ismenia,02/28/2011,Sales De Souza,,No,,334-559-0780,No,No,No,
MEMBER,36742,Active,2,IsmeniaSalesdeSouza,165 Wuthering Heights Drive^^Colorado Springs^CO^80921^,,,,GCA165WHD,,,,Yes,,Geraldo,02/28/2011,Soares De Souza,,,,,,,No,Geraldo DeSouza
MEMBER,36742,Active,1,Jdeist0731@gmail.com,170 Desert Inn Way^^Colorado Springs^CO^80921^,,,,GCA170DIW,,No,Jdeist0731@Gmail.Com,Yes,,Baret,04/15/2019,Bachmeier,,No,,719-649-2431,No,No,No,
MEMBER,36742,Active,2,BaretGunnessBachmeier,170 Desert Inn Way^^Colorado Springs^CO^80921^,,,,GCA170DIW,,,,Yes,,Jessica,04/15/2019,Bachmeier,,,,,,,No,Jessica Marie Bachmeier
MEMBER,36742,Active,1,mclemop@att.net,170 Doral Way^^Colorado Springs^CO^80921^,,,,GCA170DW,,,mclemop@att.net,Yes,,Jeffrey,08/17/2018,McLemore,,No,,719-487-9150,Yes,,No,
MEMBER,36742,Active,2,PamelaMcLemore,170 Doral Way^^Colorado Springs^CO^80921^,,,,GCA170DW,,,,Yes,,Pamela,08/17/2018,McLemore,,No,,719-487-9150,Yes,,No,Jeffrey McLemore
MEMBER,36742,Active,1,Kaysweet227@outlook.com,170 Huntington Beach Drive^^Colorado Springs^CO^80921^,,,,GCA170HBD,,,,Yes,,Thomas,05/16/2019,Erdman,,,,,,,No,
MEMBER,36742,Active,1,scott.lindner@gmail.com,170 Palm Springs Drive^^Colorado Springs^CO^80921^,,,,GCA170PSD,,No,scott.lindner@gmail.com,Yes,,Scott,01/13/2020,Lindner,,No,,719-433-4722,No,No,No,
MEMBER,36742,Active,1,GregBird,170 Wuthering Heights Drive^^Colorado Springs^CO^80921^,,,,GCA170WHD,,No,Cadeaderick@Gmail.Com,Yes,,Carolyn,10/11/2019,Deadrick,,No,,540-656-8310,No,No,No,
MEMBER,36742,Active,1,shampoe@yahoo.com,175 Palm Springs Drive^^Colorado Springs^CO^80921^,JE: removed bounced email 12/6/2014,,,GCA175PSD,,,Shampoe@Yahoo.Com,Yes,,Terry,05/03/2001,Shampoe,,,,719-481-3046,,,No,
MEMBER,36742,Active,2,AileenEllis,175 Palm Springs Drive^^Colorado Springs^CO^80921^,,,,GCA175PSD,,,,Yes,,Aileen,05/03/2001,Shampoe,,,,,,,No,Terry Shampoe
MEMBER,36742,Active,1,wsteppenbacker@gmail.com,175 Rangely Drive^^Colorado Springs^CO^80921^,,,,GCA175RD,,,Bonijiang@Gmail.Com,Yes,,Boni,12/05/2016,Jiang,,,,719-377-0512,,,No,
MEMBER,36742,Active,1,sbcolchin@gmail.com,180 Huntington Beach Drive^^Colorado Springs^CO^80921^,"Paulette updated - New owners, 8/30/21  Tim's ph.#614-425-0097/614-312-1797",,,GCA180HBD,,No,,Yes,,Amber,04/01/2019,Dolezal,,No,,614-425-0097,No,No,No,
MEMBER,36742,Active,1,ra_cjgreen@msn.com,180 Mission Hill Way^^Colorado Springs^CO^80921^,,,,GCA180MHW,,,ra_cjgreen@msn.com,Yes,,Randall,03/29/2004,Green,,,,719-487-9656,,,No,
MEMBER,36742,Active,2,CarolGreen,180 Mission Hill Way^^Colorado Springs^CO^80921^,,,,GCA180MHW,,,,Yes,,Carol,03/29/2004,Green,,,,,,,No,Randall Green
MEMBER,36742,Active,1,AlexHilborn,180 Rangely Drive^^Colorado Springs^CO^80921^,,,,GCA180RD,,,Alex.Hilborn@Gmail.Com,Yes,,Alexander,06/20/2016,Hilborn,,,,,,,No,
MEMBER,36742,Active,2,JenniferHilborn,180 Rangely Drive^^Colorado Springs^CO^80921^,,,,GCA180RD,,,,Yes,,Jennifer,06/20/2016,Hilborn,,,,,,,No,Alex Hilborn
MEMBER,36742,Active,1,ken.balser@comcast.net,180 Wuthering Heights Drive^^Colorado Springs^CO^80921^,,,,GCA180WHD,,,kevinsarahh@yahoo.com,Yes,,nan,08/24/1988,Hall Family Trust,,,,719-488-2666,,,No,
MEMBER,36742,Active,2,ElizabethBalser,180 Wuthering Heights Drive^^Colorado Springs^CO^80921^,,,,GCA180WHD,,,,Yes,,Kevin/ Sarah,08/24/1988,Hall,,,,,,,No,Ken Balser
MEMBER,36742,Active,1,lindsayntallman@gmail.com,185 Huntington Beach Drive^^Colorado Springs^CO^80921^,,,,GCA185HBD,,,lindsayntallman@gmail.com,Yes,,Aaron K,12/23/2015,Tallman,,,,618-520-5331,,,No,
MEMBER,36742,Active,1,lms.ihm@pm.me,185 Mission Hill Way^^Colorado Springs^CO^80921^,New construction 2017,,,GCA185MHW,,,Lms.Ihm@Pm.Me,Yes,,Anthony,07/01/2017,Schmitz,,No,,651-245-9451,No,,No,
MEMBER,36742,Active,1,Tracy.Bristol,185 Wuthering Heights Drive^^Colorado Springs^CO^80921^,,,,GCA185WHD,,No,tbristol800@gmail.com,Yes,,Tracy,11/11/2021,Bristol,,Yes,,310-365-6172,No,,No,
MEMBER,36742,Active,2,Jack.Rydell,185 Wuthering Heights Drive^^Colorado Springs^CO^80921^,,,,GCA185WHD,,No,,No,,Jack,11/11/2021,Rydell,,Yes,,,No,,No,Tracy Bristol
MEMBER,36742,Active,1,wardplapp@msn.com,185 Wuthering Heights Drive^^Colorado Springs^CO^80921^,,,No,GCA185WHD,,No,wardplapp@msn.com,No,,Thomas,09/12/2008,Ward,,No,,719-487-0957,No,Yes,No,
MEMBER,36742,Active,1,tsweck2068@yahoo.com,190 Desert Inn Way^^Colorado Springs^CO^80921^,,,,GCA190DIW,,,Sweck52@Yahoo.Com,Yes,,Daniel,11/25/2019,Swecker,,,,303-898-2064,,,No,
MEMBER,36742,Active,1,Kevinwell@comcast.net,190 Huntington Beach Drive^^Colorado Springs^CO^80921^,,,,GCA190HBD,,,kevinwell@comcast.net,Yes,,Kevin,06/14/2019,Schutz,,No,,970-690-5869,Yes,,No,
MEMBER,36742,Active,2,MaryShutz,190 Huntington Beach Drive^^Colorado Springs^CO^80921^,,,,GCA190HBD,,,,Yes,,Mary,06/14/2019,Schutz,,,,,,,No,Kevin Schutz
MEMBER,36742,Active,1,slater6845@yahoo.com,190 Palm Springs Drive^^Colorado Springs^CO^80921^,8.9.15: Pd past due. Unpaid late fees of $45 13/14/15.,,,GCA190PSD,,No,slater6845@yahoo.com,Yes,,Jonathon,07/01/2022,Slater,,No,,951-842-1049,No,No,No,
MEMBER,36742,Active,2,ValerieSlater,190 Palm Springs Drive^^Colorado Springs^CO^80921^,,,,GCA190PSD,,No,,Yes,,Valerie,07/01/2022,Slater,,No,,,No,No,No,Jonathon Slater
MEMBER,36742,Active,1,pjzmuda@comcast.net,190 Wuthering Heights Drive^^Colorado Springs^CO^80921^,,,,GCA190WHD,,,pjzmuda@comcast.net,Yes,,Paul,05/24/1994,Zmuda,,,,719-337-3600,,,No,
MEMBER,36742,Active,2,MarshaZmuda,190 Wuthering Heights Drive^^Colorado Springs^CO^80921^,,,,GCA190WHD,,,,Yes,,Marsha,05/24/1994,Zmuda,,,,,,,No,Paul Zmuda
MEMBER,36742,Active,1,drkipknight@aol.com,195 Huntington Beach Drive^^Colorado Springs^CO^80921^,"drkipknight@aol.com
Primary Phone	719-210-2513",,No,GCA195HBD,,No,drkipknight@aol.com,Yes,,Jonathan,11/20/2012,Knight,,No,,719-210-2513,No,No,No,
MEMBER,36742,Active,2,KimberlyJohnson,195 Huntington Beach Drive^^Colorado Springs^CO^80921^,,,,GCA195HBD,,,,Yes,,Kimberly,11/20/2012,Johnson,,,,,,,No,Jonathan Knight
MEMBER,36742,Active,1,rbfinley@gmail.com,205 Desert Inn Way^^Colorado Springs^CO^80921^,,,,GCA205DIW,,,Jreed1701@Gmail.Com,Yes,,Joshua,05/24/2017,Knecht-Reed,,,,701-340-4157,,,No,
MEMBER,36742,Active,2,Akele.Reed,205 Desert Inn Way^^Colorado Springs^CO^80921^,,,,GCA205DIW,,No,,No,,Akele,11/23/2021,Knecht-Reed,,Yes,,,No,,No,Roger Finley
MEMBER,36742,Active,1,arrangingcreations@cox.net,205 Palm Springs Drive^^Colorado Springs^CO^80921^,918-688-4221 (mobile),,,GCA205PSD,,,Arrangingcreations@Cox.Net,Yes,,Christopher,06/28/2013,Koeninger,,,,918-688-0997,,,No,
MEMBER,36742,Active,1,mmcgrath@terarecon.com,205 Pauma Valley Drive^^Colorado Springs^CO^80921^,,,,GCA205PVD,,,GTHensen@yahoo.com,Yes,,George,12/14/2005,Hensen II,,,,719-473-2000,,,No,
MEMBER,36742,Active,2,KathleenMcGrath,205 Pauma Valley Drive^^Colorado Springs^CO^80921^,,,,GCA205PVD,,,,Yes,,Lairie,12/14/2005,Johnson,,,,,,,No,Mark McGrath
MEMBER,36742,Active,1,heatherrush2007@gmail.com,205 Rangely Drive^^Colorado Springs^CO^80921^,,,,GCA205RD,,,heatherrush2007@gmail.com,Yes,,Shaun,01/16/2020,Rush,,,,757-778-4273,,,No,
MEMBER,36742,Active,2,HeatherRush,205 Rangely Drive^^Colorado Springs^CO^80921^,,,,GCA205RD,,,,Yes,,Heather,01/16/2020,Rush,,,,,,,No,Shaun Rush
MEMBER,36742,Active,1,carlhobel@hotmail.com,205 Scottsdale Drive^^Colorado Springs^CO^80921^,,,,GCA205SD,ashley.molchany@gmail.com,No,Ashley.Molchany@Gmail.Com,Yes,,Carl,07/28/2021,Hobel,,No,,719-640-9906,No,No,No,
MEMBER,36742,Active,2,CarlHobel,205 Scottsdale Drive^^Colorado Springs^CO^80921^,,,,GCA205SD,,,,Yes,,Ashley,07/28/2021,Hobel,,,,484-347-5263,,,No,Ashley E Hobel
MEMBER,36742,Active,1,sagoodale@comcast.net,20 Desert Inn Way^^Colorado Springs^CO^80921^,,,,GCA20DIW,,,Sagoodale@Comcast.Net,Yes,,Scott,02/07/2006,Goodale,,,,719-266-1478,,,No,
MEMBER,36742,Active,1,CynthiaFreeman,20 Huntington Beach Drive^^Colorado Springs^CO^80921^,the Summit at Gleneagle Christina Childers Timothy Boersma and Christina Childers-Boersma are shown as co-owners on the County Assessors website. 972-214-8800/817-713-1928 cdcred@gmail.com tbdopa@gmail.com simplytaxes06@gmail.com,,No,GCA20HBD,,No,,No,,Cynthia,04/07/2023,Freeman,,No,,,No,No,No,
MEMBER,36742,Active,1,ksfargo4@gmail.com,15 Palm Springs Drive^^Colorado Springs^CO^80921^,,,,GCA20PVD,,,ksfargo4@gmail.com,Yes,,William,06/05/2000,Fargo,,,,719-481-8683,,,No,
MEMBER,36742,Active,2,kathrynFargo,15 Palm Springs Drive^^Colorado Springs^CO^80921^,,,,GCA20PVD,,,,Yes,,Kathryn,06/05/2000,Fargo,,,,,,,No,William Fargo
MEMBER,36742,Active,1,chtraskllc@gmail.com,20 Rangely Drive^^Colorado Springs^CO^80921^,Added spouse e-mail 07/16/09,,,GCA20RD,,,Chtraskllc@Gmail.Com,Yes,,Craig,12/18/1996,Trask,,,,719-481-1336,,,No,
MEMBER,36742,Active,2,sue.trask@comcast.net,20 Rangely Drive^^Colorado Springs^CO^80921^,,,,GCA20RD,,,,Yes,,Suzanne,12/18/1996,Trask,,,,,,,No,Craig Trask
MEMBER,36742,Active,1,hamilmac@comcast.net,210 Desert Inn Way^^Colorado Springs^CO^80921^,"hamilmac@comcast.net
ellenlbmac@comcast.net",,No,GCA210DIW,,No,Hamilmac@Comcast.Net,Yes,,Mark,02/07/2019,Macalester,,No,,719-419-7939,No,No,No,
MEMBER,36742,Active,1,rbartron18@gmail.com,210 Doral Way^^Colorado Springs^CO^80921^,"rbartron18@gmail.com
Brandy",,No,GCA210DW,,No,Rbartron18@Gmail.Com,Yes,,Robert,12/13/2016,Bartron,,No,,785-806-1100,No,No,No,
MEMBER,36742,Active,1,DaneDewberrySr,210 Mission Hill Way^^Colorado Springs^CO^80921^,,,,GCA210MHW,,No,james.planckaert@icloud.com,No,,James,12/31/2021,Planckaert,,Yes,,,No,No,No,
MEMBER,36742,Active,2,Theresa.Dewberry,210 Mission Hill Way^^Colorado Springs^CO^80921^,,,,GCA210MHW,,No,,Yes,,Olesea,12/31/2021,Planckaert,,Yes,,912-660-9781,No,,No,Dane Dewberrry
MEMBER,36742,Active,1,rebakerbasler@gmail.com,210 Pauma Valley Drive^^Colorado Springs^CO^80921^,,,,GCA210PVS,,,Jmichaelbasler@Comcast.Net,Yes,,John,10/02/2021,Basler,,,,719-310-9161,,,No,
MEMBER,36742,Active,2,jmichaelbasler@comcast.net,210 Pauma Valley Drive^^Colorado Springs^CO^80921^,,,,GCA210PVS,,,,Yes,,Regina,10/02/2021,Basler,,,,719-487-7461,,,No,Gina (Regina) Baker Basler
MEMBER,36742,Active,1,KirkHennen,210 Rangely Drive^^Colorado Springs^CO^80921^,,,,GCA210RD,,No,Ocontreras1974@Gmail.Com,Yes,,Oscar,07/07/2022,Vasquez,,No,,,No,No,No,
MEMBER,36742,Active,1,smithfarmlivestock@gmail.com,210 Scottsdale Drive^^Colorado Springs^CO^80921^,,,,GCA210SD,,,Smithfarmlivestock@Gmail.Com,Yes,,William,08/05/2021,Smith,,,,435-279-0548,,,No,
MEMBER,36742,Active,1,zammybaby14@gmail.com,210 Wuthering Heights Drive^^Colorado Springs^CO^80921^,"Unauthorized Fence section(since May 2015). $200.00 fine assessed to property on 10 October in accordance with GCA Fines Schedule and Covenants Enforcement policy. (kad)
Email Address	zammybaby14@gmail.com
Primary Phone	719-257-9190",,No,GCA210WHD,,No,Phylliskennedy50@Gmail.Com,Yes,,Janet,02/28/2014,Allen,,No,,719-257-9190,No,No,No,
MEMBER,36742,Active,1,schichtledsr@aol.com,215 Mission Hill Way^^Colorado Springs^CO^80921^,,,,GCA215MHW,,,Schichtledsr@Aol.Com,Yes,,David,08/12/1996,Schichtle,,,,719-424-7486,,,No,
MEMBER,36742,Active,1,Oliviaaaron400@gmail.com,215 Scottsdale Drive^^Colorado Springs^CO^80921^,,,,GCA215SD,,,garrett.usrey61@yahoo.com,Yes,12/31/2026,nan,08/18/2025,Olivia Susanne Aaron Residence Trust,,,,276-734-3487,No,,No,
MEMBER,36742,Active,1,IsaacMartinez,220 Cherry Hills Way^^Colorado Springs^CO^80921^,,,No,GCA220CHW,,No,Martha_Salazar@Yahoo.Com,Yes,,Isaac,09/09/2016,Garcia,,No,,650-210-6860,No,No,No,
MEMBER,36742,Active,2,martha_salazar@yahoo.com,220 Cherry Hills Way^^Colorado Springs^CO^80921^,,,,GCA220CHW,,,,Yes,,Martha,09/09/2016,Ortega,,,,,,,No,Isaac Martinez Garcia
MEMBER,36742,Active,1,jackandkathi@gmail.com,220 Palm Springs Drive^^Colorado Springs^CO^80921^,Legally Combined with 210 Palm Springs,,,GCA220PSD,,,Jackandkathi@Gmail.Com,Yes,,Jack,09/25/1995,Schuler,,,,719-481-3348,,,No,
MEMBER,36742,Active,2,KathiSchuler,220 Palm Springs Drive^^Colorado Springs^CO^80921^,,,,GCA220PSD,,,,Yes,,Katherine,09/25/1995,Schuler,,,,,,,No,Jack Schuler
MEMBER,36742,Active,1,KirbyZeller@gmail.com,220 Scottsdale Drive^^Colorado Springs^CO^80921^,Change e-mail on 3/4/2011,,,GCA220SD,,,Kirbyzeller@Gmail.Com,Yes,,Kirby,07/10/2021,Zeller,,,,719-481-3206,,,No,
MEMBER,36742,Active,1,djnovich@comcast.net,220 Wuthering Heights Drive^^Colorado Springs^CO^80921^,,,,GCA220WHD,,,djnovich@comcast.net,Yes,,Dennis,07/01/1985,Novich,,,,719-556-9348,,,No,
MEMBER,36742,Active,2,SusanNovich,220 Wuthering Heights Drive^^Colorado Springs^CO^80921^,,,,GCA220WHD,,,,Yes,,Susan,07/01/1985,Novich,,,,,,,No,Dennis Novich
MEMBER,36742,Active,1,christian@affinity-cg.com,225 Doral Way^^Colorado Springs^CO^80921^,,,,GCA225DW,,,Annalisa.Renn@Gmail.Com,Yes,,nan,07/09/2021,Renn Living Trust,,,,719-660-0560,,,No,
MEMBER,36742,Active,2,annalisa.renn@gmail.com,225 Doral Way^^Colorado Springs^CO^80921^,,,,GCA225DW,,,,Yes,,Christian/ Anna-Lisa,07/09/2021,Renn,,,,,,,No,Chris Renn
MEMBER,36742,Active,1,morbiddea@yahoo.com,225 Palm Springs Drive^^Colorado Springs^CO^80921^,morbiddea@yahoo.com,,No,GCA225PSD,,No,Morbiddea@Yahoo.Com,Yes,,Rolando,11/08/2023,Aguirre,,No,,,No,No,No,
MEMBER,36742,Active,2,RAguirre,225 Palm Springs Drive^^Colorado Springs^CO^80921^,,,No,GCA225PSD,,No,,No,,Tania,11/08/2023,Aguirre,,No,,,No,No,No,Tania Aguirre
MEMBER,36742,Active,1,gpmoe11@gmail.com,225 Rangely Drive^^Colorado Springs^CO^80921^,,,,GCA225RD,,,Gpmoe11@Gmail.Com,Yes,,nan,09/27/2002,G&Pm Living Trust,,,,719-445-2412,,,No,
MEMBER,36742,Active,1,denmiddel@gmail.com,230 Cherry Hills Way^^Colorado Springs^CO^80921^,,,,GCA230CHW,,,denmiddel@gmail.com,Yes,,Denny,08/21/2014,Middel,,No,,303-241-3983,Yes,,No,
MEMBER,36742,Active,2,martmiddel@gmail.com,230 Cherry Hills Way^^Colorado Springs^CO^80921^,,,,GCA230CHW,,,martmiddel@gmail.com,Yes,,Marcia,08/21/2014,Middel,,,,,,,No,Denny Middel
MEMBER,36742,Active,1,gstreich@outlook.com,230 Doral Way^^Colorado Springs^CO^80921^,,,No,GCA230DW,,No,Gstreich@Outlook.Com,Yes,,Gordon,08/11/2021,Streich,,No,,303-588-6457,Yes,No,No,
MEMBER,36742,Active,2,kathystreich@msn.com,230 Doral Way^^Colorado Springs^CO^80921^,,,,GCA230DW,,,,Yes,,Kathleen,08/11/2021,Streich,,,,,,,No,Gordon Streich
MEMBER,36742,Active,1,westfalltom@hotmail.com,230 Mission Hill Way^^Colorado Springs^CO^80921^,,,,GCA230MHW,,,westfalltom@hotmail.com,Yes,,Thomas,09/01/2003,Westfall,,No,,719-488-6834,Yes,,No,
MEMBER,36742,Active,2,PatriciaWestfall,230 Mission Hill Way^^Colorado Springs^CO^80921^,,,,GCA230MHW,,,,Yes,,Patricia,09/01/2003,Westfall,,,,,,,No,Thomas Westfall
MEMBER,36742,Active,1,debbiegraves7@gmail.com,230 Palm Springs Drive^^Colorado Springs^CO^80921^,,,,GCA230PSD,,,debbiegraves7@gmail.com,Yes,,Deborah G,03/02/2016,Wood,,,,719-244-6674,,,No,
MEMBER,36742,Active,1,ingrideileensilva@gmail.com,230 Scottsdale Drive^^Colorado Springs^CO^80921^,"Will Griffith lives with Ingrid....do not think he has any ownership in home but listed him & e-mail for contact purposes only. He has his own phone also.....481-8590...Bill Carroll - 7/22/09. Per Will, removed his e-mail address on 03-22-10.",,,GCA230SD,,,Ingrideileensilva@Gmail.Com,Yes,,Ingrid,05/12/2004,Silva,,,,719-481-8590,,,No,
MEMBER,36742,Active,1,cheriorr24@gmail.com,230 Wuthering Heights Drive^^Colorado Springs^CO^80921^,Orr Living Trust,,,GCA230WHD,,,Cheriorr24@Gmail.Com,Yes,,nan,06/17/2020,Orr Living Trust,,,,,,,No,
MEMBER,36742,Active,1,bbeulin@gmail.com,235 Cherry Hills Way^^Colorado Springs^CO^80921^,"sent 2002 invoice 12/20/2014 Added email address 4.5.15: Address on check 1880 Office Club Point, 80920",,,GCA235CHW,,,Bbeulin@Gmail.Com,Yes,,Bryan,10/28/2015,Beulin,,,,719-487-8494,,,No,
MEMBER,36742,Active,2,mcandee23@gmail.com,235 Cherry Hills Way^^Colorado Springs^CO^80921^,,,,GCA235CHW,,,,Yes,,Melissa,10/28/2015,Beulin,,,,,,,No,Bryan C Beulin
MEMBER,36742,Active,1,emilybmeier@Hotmail.com,235 Desert Inn Way^^Colorado Springs^CO^80921^,County records property address: 230 Rangely,,,GCA235DIW,,,Emilybmeier@Hotmail.Com,Yes,,David,07/26/2010,Meier,,,,719-999-8444,,,No,
MEMBER,36742,Active,1,chris.tatka@gmail.com,235 Rangely Drive^^Colorado Springs^CO^80921^,573-586-9316,,,GCA235RD,,,chris.tatka@gmail.com,Yes,,Christopher,03/18/2020,Tatka,,,,573-586-9392,,,No,
MEMBER,36742,Active,2,laurie.tatka@gmail.com,235 Rangely Drive^^Colorado Springs^CO^80921^,,,,GCA235RD,,,laurie.tatka@gmail.com,Yes,,Laurie,03/18/2020,Tatka,,,,,,,No,Christopher Tatka
MEMBER,36742,Active,1,pippa54@comcast.net,235 Wuthering Heights Drive^^Colorado Springs^CO^80921^,"Stephanie Reeser
pippa54@comcast.net
Greeted/Welcome Flowers 9/4/23",,No,GCA235WHD,,No,Pippa54@Comcast.Net,Yes,,Richard,03/09/2023,Olson,,No,,630-441-6316,No,No,No,
MEMBER,36742,Active,1,rachelquenga@gmail.com,240 Cherry Hills Way^^Colorado Springs^CO^80921^,rachelquenga@gmail.com,,No,GCA240CHW,,No,rachelquenga@gmail.com,Yes,,Edward,08/08/2022,Aguilar,,No,,,No,No,No,
MEMBER,36742,Active,2,RachelAguilar,240 Cherry Hills Way^^Colorado Springs^CO^80921^,,,No,GCA240CHW,,No,,Yes,,Rachel,08/08/2022,Aguilar,,No,,,No,No,No,Edward Aguilar
MEMBER,36742,Active,1,jhammond80921@comcast.net,240 Mission Hill Way^^Colorado Springs^CO^80921^,,,,GCA240MHW,,,LKelly15@outlook.com,Yes,,Lesley,09/08/2017,Kelly,,,,719-330-1771,,,No,
MEMBER,36742,Active,1,Jack@jackbeuse.com,240 Pauma Valley Drive^^Colorado Springs^CO^80921^,488-8962 3.7.15: Eml address changed per email request,,,GCA240PVD,,,jack@jackbeuse.com,Yes,,Jack,01/01/1980,Beuse,,,,719-332-6807,,,No,
MEMBER,36742,Active,2,DianeBeuse,240 Pauma Valley Drive^^Colorado Springs^CO^80921^,,,,GCA240PVD,,,,Yes,,Diane,01/01/1980,Beuse,,,,,,,No,Jack Beuse
MEMBER,36742,Active,1,peakmeyer@msn.com,240 Wuthering Heights Drive^^Colorado Springs^CO^80921^,,,,GCA240WHD,,,njessee51@gmail.com,Yes,,Nathan,06/16/1992,Jesse,,No,,719-481-9755,Yes,,No,
MEMBER,36742,Active,2,PatriciaMeyer,240 Wuthering Heights Drive^^Colorado Springs^CO^80921^,,,,GCA240WHD,,,,Yes,,Kelli,06/16/1992,Jesse,,,,,,,No,Hal Meyer
MEMBER,36742,Active,1,eurobeagle@hotmail.com,245 Cherry Hills Way^^Colorado Springs^CO^80921^,719.360.5107 Damian & Fiona Bancroft in NR sheet?,,,GCA245CHW,,,Eurobeagle@Hotmail.Com,Yes,,Damian,06/29/2012,McCabe,,,,719-487-8704,,,No,
MEMBER,36742,Active,1,fischer.stephen@gmail.com,245 Doral Way^^Colorado Springs^CO^80921^,,,,GCA245DW,,,fischer.stephen@gmail.com,Yes,,Stephen,09/10/2009,Fischer,,,,719-332-7718,,,No,
MEMBER,36742,Active,2,SarahFischer,245 Doral Way^^Colorado Springs^CO^80921^,,,,GCA245DW,,,,Yes,,Sarah,09/10/2009,Fischer,,,,,,,No,Stephen Fischer
MEMBER,36742,Active,1,kscriber74@gmail.com,245 Palm Springs Drive^^Colorado Springs^CO^80921^,,,,GCA245PSD,,No,kscriber74@gmail.com,Yes,,Kelly,06/20/2019,Scriber,,No,,719-465-2847,No,No,No,
MEMBER,36742,Active,2,kennethscriber,245 Palm Springs Drive^^Colorado Springs^CO^80921^,,,,GCA245PSD,,No,,No,,Kenneth,06/20/2019,Scriber,,No,,719-465-2847,No,No,No,Kelly Scriber
MEMBER,36742,Active,1,thegreers@hotmail.com,245 Pauma Valley Drive^^Colorado Springs^CO^80921^,"March 15, 2008 $25/10 days fine for covenant infraction starts $150 fine in place as of 5-19-08 5.13.15: Title ltr Unified Title, prepared",,,GCA245PVD,,,thegreers@hotmail.com,Yes,,Mark A,05/26/2015,Greer,,,,719-649-5398,,,No,
MEMBER,36742,Active,2,PaphaphoneGreer,245 Pauma Valley Drive^^Colorado Springs^CO^80921^,,,,GCA245PVD,,,,Yes,,Paphaphone,05/26/2015,Greer,,,,,,,No,Mark A Greer
MEMBER,36742,Active,1,MarkWorthington,245 Wuthering Heights Drive^^Colorado Springs^CO^80921^,"4.5.15: Dues notice returned, ckd assessor and still of record 5.23.15: dues notice returned, EPCA Lynn M Rogers, 17265 Papago Way, CS 80908
Greeted/Welcome Flowers 9/4/23",,No,GCA245WHD,,No,markworth1@gmail.com,Yes,,Mark,03/24/2023,Worthington,,No,,,No,No,No,
MEMBER,36742,Active,1,garrett_shan@hotmail.com,250 Doral Way^^Colorado Springs^CO^80921^,"tarball73@yahoo.com  Duane 5/7/16  Ms. Babb (renter) moving, new renters TBD Owner Mobiles: 719.465.4011, 719.465.4546 - MLS 6/6/2016",,,GCA250DW,,,Garrett_Shan@Hotmail.Com,Yes,,Duane,07/15/2010,Garrett,,,,719-465-4011,,,No,
MEMBER,36742,Active,1,rodkuharich@msn.com,250 Palm Springs Drive^^Colorado Springs^CO^80921^,,,,GCA250PSD,,,rodkuharich@msn.com,Yes,,Rod,09/04/1997,Kuharich,,,,719-488-5616,,,No,
MEMBER,36742,Active,1,norandld@msn.com,250 Pauma Valley Drive^^Colorado Springs^CO^80921^,,,,GCA250PVD,,,Norandld@Msn.Com,Yes,,David,11/08/2000,Anderson,,,,719-487-0236,,,No,
MEMBER,36742,Active,2,LindaAnderson,250 Pauma Valley Drive^^Colorado Springs^CO^80921^,,,,GCA250PVD,,,,Yes,,Linda,11/08/2000,Norris Anderson,,,,,,,No,David Anderson
MEMBER,36742,Active,1,jonwbaldwin@gmail.com,250 Rangely Drive^^Colorado Springs^CO^80921^,,,,GCA250RD,,No,jonwbaldwin@gmail.com,Yes,,Jonathan,12/14/2021,Baldwin,,No,,720-361-7224,No,,No,
MEMBER,36742,Active,2,MichelleBaldwin,250 Rangely Drive^^Colorado Springs^CO^80921^,,,,GCA250RD,,No,,No,,Michelle,12/14/2021,Baldwin,,No,,,No,,No,Jonathan Baldwin
MEMBER,36742,Active,1,l.glosson2@gmail.com,250 Wuthering Heights Drive^^Colorado Springs^CO^80921^,,,,GCA250WHD,,,l.glosson2@gmail.com,Yes,,LaVern,06/07/2026,Glosson,,,,717-658-3351,No,,No,
MEMBER,36742,Active,1,lindon59@live.com,255 Desert Inn Way^^Colorado Springs^CO^80921^,County records property address: 245 Rangely Are away 6 mo. of the year....3 mo. at a time.,,,GCA255DIW,,,lindon59@live.com,Yes,,Don,12/21/1999,Wallace,,,,719-488-2780,,,No,
MEMBER,36742,Active,2,LindaWallace,255 Desert Inn Way^^Colorado Springs^CO^80921^,,,,GCA255DIW,,,,Yes,,Linda,12/21/1999,Wallace,,,,,,,No,Don Wallace
MEMBER,36742,Active,1,mcarolynlee@yahoo.com,255 Doral Way^^Colorado Springs^CO^80921^,Doug Karczewski,,,GCA255DW,,,mcarolynlee@yahoo.com,Yes,,Mary Carolyn,09/01/1985,Lee,,,,719-488-3535,,,No,
MEMBER,36742,Active,1,slaterglass@yahoo.com,255 Wuthering Heights Drive^^Colorado Springs^CO^80921^,"slaterglass@yahoo.com
Kristy Camarella
213-703-5220
Address:	300 S. Dexford Drive
La Habra, CA 90631",,No,GCA255WHD,,No,Slaterglass@Yahoo.Com,Yes,,Nicholas,06/21/2023,Rawe,,No,,213-703-5220,No,No,No,
MEMBER,36742,Active,1,dsleis84@gmail.com,25 Rangely Drive^^Colorado Springs^CO^80921^,,,,GCA25RD,,,Dsleis84@Gmail.Com,Yes,,Daniel,08/12/2021,Leisering,,,,630-601-0181,No,,No,
MEMBER,36742,Active,1,ackerman_dwfd@yahoo.com,25 Wuthering Heights Drive^^Colorado Springs^CO^80921^,,,,GCA25WHD,,,Ackerman_Dwfd@Yahoo.Com,Yes,,Bryan,01/05/2005,Ackerman,,,,719-488-3792,,,No,
MEMBER,36742,Active,2,SarahHunter,25 Wuthering Heights Drive^^Colorado Springs^CO^80921^,,,,GCA25WHD,,,,Yes,,Sarah,01/05/2005,Ackerman,,,,,,,No,Bryan Ackerman
MEMBER,36742,Active,1,pelizza40@gmail.com,260 Cherry Hills Way^^Colorado Springs^CO^80921^,,,,GCA260CHW,,No,Pelizza40@Gmail.Com,Yes,,Joseph,07/12/2021,Pelizza,,No,,630-772-9777,No,No,No,
MEMBER,36742,Active,1,RandallRietcheck,260 Palm Springs Drive^^Colorado Springs^CO^80921^,,,,GCA260PSD,,,randall.rietcheck@gmail.com,Yes,,Randall,09/14/2017,Rietcheck,,,,913-752-7057,,,No,
MEMBER,36742,Active,1,adam.frank@live.com,260 Pauma Valley Drive^^Colorado Springs^CO^80921^,,,,GCA260PVD,,,Baylee.Wells77@Gmail.Com,Yes,,Baylee,05/31/2026,Wells,,,,719-659-4420,No,,No,
MEMBER,36742,Active,2,DonnaWilliams,260 Pauma Valley Drive^^Colorado Springs^CO^80921^,,,,GCA260PVD,,,,Yes,,Adam,03/01/1984,Frank,,,,,,,No,Adam Frank
MEMBER,36742,Active,1,rorydoggie@gmail.com,260 Wuthering Heights Drive^^Colorado Springs^CO^80921^,"719-201-4815
annidawg@comcast.net",,No,GCA260WHD,,No,Annidawg@Comcast.Net,Yes,,nan,07/11/1997,Mastroianni-O'donnell Living Trust,,No,,719-481-6591,No,No,No,
MEMBER,36742,Active,1,billcobban1@gmail.com,265 Cherry Hills Way^^Colorado Springs^CO^80921^,"List as Godoy, Lawrence & Parisa no email listed on new neighbor sheet 5.23.15: Dues notice returned, EPC Bailey & Solis Fam Rev Liv Trust, same address 10.20.16 County parcel website shows sale of property from Solis to William Cobban.  No Title Letter request received. Updated per County Assessor record",,,GCA265CHW,,,Chkujawa@Gmail.Com,Yes,,nan,04/15/2012,Kujawa Family Trust,,,,720-244-8165,,,No,
MEMBER,36742,Active,1,ZacheryReeser,265 Doral Way^^Colorado Springs^CO^80921^,,,,GCA265DW,,No,zlreeser@gmail.com,No,,Zachery,05/26/2022,Reeser,,No,,,No,No,No,
MEMBER,36742,Active,2,StephanieReeser,265 Doral Way^^Colorado Springs^CO^80921^,,,,GCA265DW,,,,Yes,,Stephanie,05/26/2022,Reeser,,,,,,,No,Zackery Reeser
MEMBER,36742,Active,1,kelliekuhn@gmail.com,265 Palm Springs Drive^^Colorado Springs^CO^80921^,"Updated address, email and phone per note with dues",,,GCA265PSD,,,Kelliekuhn@Gmail.Com,Yes,,Kellie,04/13/2017,Kuhn,,,,860-230-7985,,,No,
MEMBER,36742,Active,1,bobgravelle@comcast.net,265 Rangely Drive^^Colorado Springs^CO^80921^,,,,GCA265RD,,,bobgravelle@comcast.net,Yes,,Bob,07/01/1984,Gravelle,,,,719-488-3926,,,No,
MEMBER,36742,Active,2,LindaGravelle,265 Rangely Drive^^Colorado Springs^CO^80921^,,,,GCA265RD,,,,Yes,,Linda,07/01/1984,Gravelle,,,,,,,No,Bob Gravelle
MEMBER,36742,Active,1,KathySchierholz,270 Doral Way^^Colorado Springs^CO^80921^,,,,GCA270DW,,No,schierholzk@gmail.com,Yes,,Kathy,08/05/2021,Schierholz,,Yes,,719-659-8184,No,,No,
MEMBER,36742,Active,1,lhairhoger@msn.com,270 Palm Springs Drive^^Colorado Springs^CO^80921^,260 Palm Springs legally combined with 270 Palm Springs Checked county records 2/05 and NOT legally combined,,,GCA270PSD,,,lhairhoger@msn.com,Yes,,Larry,08/31/2012,Hairhoger,,,,719-244-7383,,,No,
MEMBER,36742,Active,2,MonicaLammert,270 Palm Springs Drive^^Colorado Springs^CO^80921^,,,,GCA270PSD,,,,Yes,,Monica,08/31/2012,Lammert,,,,,,,No,Larry Hairhoger
MEMBER,36742,Active,1,jforstedt@gmail.com,270 Rangely Drive^^Colorado Springs^CO^80921^,,,,GCA270RD,,,Jforstedt@Gmail.Com,Yes,,Joshua,11/06/2021,Forstedt,,,,970-768-0726,No,,No,
MEMBER,36742,Active,1,AndrewBreyton,275 Desert Inn Way^^Colorado Springs^CO^80921^,"Sold by Letsche, Troy 7.5.2022",,No,GCA275DIW,,No,,No,,Andrew,04/01/2023,Breyton,,No,,,No,No,No,
MEMBER,36742,Active,1,jmiller275@hotmail.com,275 Wuthering Heights Drive^^Colorado Springs^CO^80921^,New e-mail as of April 2009,,,GCA275WHD,,,jmiller275@hotmail.com,Yes,,Leonard D. Jr,08/01/1987,Miller,,,,719-488-0332,,,No,
MEMBER,36742,Active,1,dmdaisy7@gmail.com,280 Desert Inn Way^^Colorado Springs^CO^80921^,,,,GCA280DIW,,,Br7on7co7@Msn.Com,No,,Robert,05/19/2026,McCoy,,,,719-930-8603,No,,No,
MEMBER,36742,Active,2,DonnaMcCoy,280 Desert Inn Way^^Colorado Springs^CO^80921^,,,,GCA280DIW,,,,Yes,,Donna,09/08/2014,McCoy,,,,,,,No,Donna McCoy
MEMBER,36742,Active,1,dhenderson@erashields.com,280 Pauma Valley Drive^^Colorado Springs^CO^80921^,"dhenderson@erashields.com
719-488-0019",,No,GCA280PVD,,No,Dhenderson@Erashields.Com,Yes,,Douglas,08/12/1987,Henderson,,No,,719-488-0019,No,No,No,
MEMBER,36742,Active,2,PatsyHenderson,280 Pauma Valley Drive^^Colorado Springs^CO^80921^,patsy6780@aol.com,,No,GCA280PVD,,No,,Yes,,Patricia,08/12/1987,Henderson,,No,,,No,No,No,Doug Henderson
MEMBER,36742,Active,1,KathleenAppel,285 Desert Inn Way^^Colorado Springs^CO^80921^,Robert Appel,,No,GCA285DIW,,No,Chrisdinkins1@Gmail.Com,Yes,,David,09/15/2023,Dinkins,,No,,,No,No,No,
MEMBER,36742,Active,1,mkemami@yahoo.com,285 Doral Way^^Colorado Springs^CO^80921^,,,,GCA285DW,,,Mkemami@Yahoo.Com,Yes,,Mohammad,06/11/2009,Emami,,,,,,,No,
MEMBER,36742,Active,2,HootanEmami,285 Doral Way^^Colorado Springs^CO^80921^,,,,GCA285DW,,,,Yes,,Farzaneh,06/11/2009,Solaiman,,,,,,,No,Mohammad Emami
MEMBER,36742,Active,1,starbook2001@yahoo.com,285 Palm Springs Drive^^Colorado Springs^CO^80921^,,,,GCA285PSD,,,starbook2001@yahoo.com,Yes,,Daniel,03/01/2005,Denning,,,,719-488-2524,,,No,
MEMBER,36742,Active,2,DorisDenning,285 Palm Springs Drive^^Colorado Springs^CO^80921^,,,,GCA285PSD,,,,Yes,,Doris,03/01/2005,Denning,,,,,,,No,Daniel Denning
MEMBER,36742,Active,1,ktluvs2run@hotmail.com,285 Rangely Drive^^Colorado Springs^CO^80921^,719-396-2878,,,GCA285RD,,,ktluvs2run@hotmail.com,Yes,,Jeffrey,09/15/2014,Krska,,,,719-776-9986,,,No,
MEMBER,36742,Active,2,krska28@gmail.com,285 Rangely Drive^^Colorado Springs^CO^80921^,,,,GCA285RD,,,krska28@gmail.com,Yes,,Kathryn,09/15/2014,Krska,,,,,,,No,Jeffrey Krska
MEMBER,36742,Active,1,srbolin@me.com,290 Doral Way^^Colorado Springs^CO^80921^,,,,GCA290DW,,,srbolin@me.com,Yes,,John,07/08/2004,Bolin,,,,,,,No,
MEMBER,36742,Active,2,SarahBolin,290 Doral Way^^Colorado Springs^CO^80921^,,,,GCA290DW,,,,Yes,,Sarah,07/08/2004,Bolin,,,,,,,No,John Bolin
MEMBER,36742,Active,1,Hopkins.seven@gmail.com,290 Palm Springs Drive^^Colorado Springs^CO^80921^,,,,GCA290PSD,,,hopkins.seven@gmail.com,Yes,,William,11/24/2020,Hopkins,,,,719-434-7730,,,No,
MEMBER,36742,Active,2,MaryHopkins,290 Palm Springs Drive^^Colorado Springs^CO^80921^,,,,GCA290PSD,,,,Yes,,Mary,11/24/2020,Hopkins,,,,,,,No,William Hopkins
MEMBER,36742,Active,1,jmarykathr@aol.com,290 Rangely Drive^^Colorado Springs^CO^80921^,,,,GCA290RD,,,Jmarykathr@Aol.Com,Yes,,Barton,02/19/1987,Jones,,,,719-488-0653,,,No,
MEMBER,36742,Active,2,MaryK.Jones,290 Rangely Drive^^Colorado Springs^CO^80921^,,,,GCA290RD,,,,Yes,,Mary,02/19/1987,Jones,,,,,,,No,Barton Jones
MEMBER,36742,Active,1,karendap440@gmail.com,290 Wuthering Heights Drive^^Colorado Springs^CO^80921^,,,,GCA290WHD,,,karendap440@gmail.com,Yes,,Karen,09/02/2017,DaPra,,,,586-453-6614,,,No,
MEMBER,36742,Active,1,NicoleGunderson,295 Desert Inn Way^^Colorado Springs^CO^80921^,,,,GCA295DIW,,,Iandrewmeyer@Gmail.Com,Yes,,Nicole,05/26/2021,Gunersen,,,,,,,No,
MEMBER,36742,Active,2,AndrewMeyer,295 Desert Inn Way^^Colorado Springs^CO^80921^,,,,GCA295DIW,,,,Yes,,Andrew,05/26/2021,Meyer,,,,,,,No,Nicole Gunderson
MEMBER,36742,Active,1,rborn1946@comcast.net,295 Wuthering Heights Drive^^Colorado Springs^CO^80921^,719-651-8769,,,GCA295WHD,,,rborn1946@comcast.net,Yes,,Ronald,08/14/1996,Born,,,,719-651-8758,,,No,
MEMBER,36742,Active,2,JanetBorn,295 Wuthering Heights Drive^^Colorado Springs^CO^80921^,,,,GCA295WHD,,,,Yes,,Janet,08/14/1996,Born,,,,,,,No,Ronald Born
MEMBER,36742,Active,1,TBishop158@aol.com,305 Cherry Hills Way^^Colorado Springs^CO^80921^,"Terry Bishop passed away in August, 2017",,,GCA305CHW,,,tbishop158@aol.com,Yes,,Barbara K.,09/05/1997,Bishop,,,,719-488-5886,,,No,
MEMBER,36742,Active,1,belanglois@comcast.net,305 Doral Way^^Colorado Springs^CO^80921^,,,,GCA305DW,,,Belanglois@Comcast.Net,Yes,,David,06/14/2012,Langlois,,,,719-510-0173,,,No,
MEMBER,36742,Active,1,ronjohnlittle@comcast.net,305 Wuthering Heights Drive^^Colorado Springs^CO^80921^,,,,GCA305WHD,,,Ronjohnlittle@Comcast.Net,Yes,,John,06/07/1994,Little,,,,719-964-8793,,,No,
MEMBER,36742,Active,1,jim_daley@msn.com,30 Desert Inn Way^^Colorado Springs^CO^80921^,,,,GCA30DIW,,No,Jim_Daley@Msn.Com,Yes,,James,12/26/2017,Daley,,No,,719-481-4243,No,No,No,
MEMBER,36742,Active,1,DarinCarney,30 Huntington Beach Drive^^Colorado Springs^CO^80921^,Greeted/Welcome Flowers 9/4/23,,No,GCA30HBD,,No,Bizzeyb@Msn.Com,Yes,,nan,08/23/2022,Purchasing Fund 2021-1 Llc,,No,,,No,No,No,
MEMBER,36742,Active,1,rick.stevens.colorado@gmail.com,30 Palm Springs Drive^^Colorado Springs^CO^80921^,"5.23.15: Rcvd title and WD
proverb16.24@hotmail.com
rick.stevens.colorado@gmail.com
719-339-0195",,No,GCA30PSD,,No,kirstenlungu@gmail.com,Yes,,James,07/22/2019,Lungu,,No,,719-339-0196,No,No,No,
MEMBER,36742,Active,1,ryan.w.stout@gmail.com,310 Doral Way^^Colorado Springs^CO^80921^,,,,GCA310DW,,,Ryan.W.Stout@Gmail.Com,Yes,,Ryan,06/08/2016,Stout,,,,303-909-5915,,,No,
MEMBER,36742,Active,1,beckie.munson@gmail.com,310 Pauma Valley Drive^^Colorado Springs^CO^80921^,,,,GCA310PVD,,No,Beckie.Munson@Gmail.Com,Yes,,Matthew,12/20/2021,Munson,,No,,443-360-0737,No,,No,
MEMBER,36742,Active,2,matthew.munson@gmail.com,310 Pauma Valley Drive^^Colorado Springs^CO^80921^,,,,GCA310PVD,,No,,Yes,,Rebecca,12/20/2021,Munson,,No,,984-227-2679,No,No,No,Beckie Munson
MEMBER,36742,Active,1,applefrog@gmail.com,310 Silver Rock Place^^Colorado Springs^CO^80921^,Empty lot 719-337-3308,,,GCA310SRP,,,applefrog@gmail.com,Yes,,Troy,08/23/2018,Uehling,,No,,719-313-3534,Yes,,No,
MEMBER,36742,Active,2,shawnauehling@gmail.com,310 Silver Rock Place^^Colorado Springs^CO^80921^,,,No,GCA310SRP,,No,shawnauehling@gmail.com,Yes,,Shawna,08/23/2018,Uehling,,No,,,No,No,No,Troy Uehling
MEMBER,36742,Active,1,jonibush@gmail.com,315 Palm Springs Drive^^Colorado Springs^CO^80921^,,,,GCA315PSD,,,matt431@gmail.com,Yes,,Matthew,02/01/1984,Rowan,,,,719-488-2933,No,,No,
MEMBER,36742,Active,1,JohnHill,315 Pauma Valley Drive^^Colorado Springs^CO^80921^,,,,GCA315PVD,,,,Yes,,John,01/05/1984,Hill,,,,719-488-2114,,,No,
MEMBER,36742,Active,1,cogrant@q.com,320 Palm Springs Drive^^Colorado Springs^CO^80921^,,,,GCA320PSD,,,shinds98@yahoo.com,Yes,,Benjamin,12/15/1986,Hinds,,,,719-488-0734,,,No,
MEMBER,36742,Active,2,AlbertaGrant,320 Palm Springs Drive^^Colorado Springs^CO^80921^,,,,GCA320PSD,,,,Yes,,Sarah,12/15/1986,Hinds,,,,,,,No,Julius Grant
MEMBER,36742,Active,1,jonathan.wingate@icloud.com,320 Rangely Drive^^Colorado Springs^CO^80921^,,,,GCA320RD,,,jonathan.wingate@icloud.com,Yes,12/31/2026,Jonathan,08/05/2025,Wingate,,,,785-571-3107,No,,No,
MEMBER,36742,Active,1,jaraunder@msn.com,325 Cherry Hills Way^^Colorado Springs^CO^80921^,"Juan Guillermo Jaramillo Angel 2.1.15: Claims bank is responsible for HOA fees, advised in email it is not as typically not included in escrow agreements.  Changed phone number per email. 2.2.15: Sent paper version via email per request.",,,GCA325CHW,,,Jaraunder@Msn.Com,Yes,,nan,07/16/2014,Paula K Underwoodrevoc Trust,,,,703-819-8567,,,No,
MEMBER,36742,Active,2,PaulaK.Underwood,325 Cherry Hills Way^^Colorado Springs^CO^80921^,,,,GCA325CHW,,,,Yes,,Juan,07/16/2014,Jaramillo Revoc Trust,,,,,,,No,Juan G. Jaramillo
MEMBER,36742,Active,1,CarolynSmith,325 Doral Way^^Colorado Springs^CO^80921^,,,,GCA325DW,,,,Yes,,nan,08/03/1995,Jerry B & Carolyn A Smith Trustee,,,,719-481-1877,,,No,
MEMBER,36742,Active,1,dcconcessions@msn.com,325 Wuthering Heights Drive^^Colorado Springs^CO^80921^,,,,GCA325WHD,,,Cpwake@Gmail.Com,Yes,,Robert,07/30/2003,Pajak,,,,719-487-1659,,,No,
MEMBER,36742,Active,2,StacieConverse,325 Wuthering Heights Drive^^Colorado Springs^CO^80921^,,,,GCA325WHD,,,,Yes,,Hollie,07/30/2003,Pajak,,,,,,,No,Derek Converse
MEMBER,36742,Active,1,jeepster12@live.com,330 Cherry Hills Way^^Colorado Springs^CO^80921^,,,,GCA330CHW,,,Jeepster12@Live.Com,Yes,,Andrew,06/01/2017,Herndon,,,,719-369-7022,,,No,
MEMBER,36742,Active,1,kestco@comcast.net,330 Doral Way^^Colorado Springs^CO^80921^,,,,GCA330DW,,,kestco@comcast.net,Yes,,Joe,07/10/2021,Kesting,,,,719-488-3460,,,No,
MEMBER,36742,Active,2,LisaKesting,330 Doral Way^^Colorado Springs^CO^80921^,,,,GCA330DW,,,,Yes,,Lisa,07/10/2021,Kesting,,,,,,,No,Joe Kesting
MEMBER,36742,Active,1,chocho.m.desantis@gmail.com,330 Pauma Valley Drive^^Colorado Springs^CO^80921^,,,,GCA330PVD,,,chocho.m.desantis@gmail.com,Yes,,ChoCho,05/08/2019,DeSantis,,,,,No,,No,
MEMBER,36742,Active,1,suzimar000@gmail.com,330 Silver Rock Place^^Colorado Springs^CO^80921^,sold by the Summit at Gleneagle,,,GCA330SRP,,No,suzimar000@gmail.com,Yes,,Martha,02/01/2019,Martin,,No,,805-479-6630,No,No,No,
MEMBER,36742,Active,1,rmakros@yahoo.com,331 Silver Rock Place^^Colorado Springs^CO^80921^,,,,GCA331SRP,,No,Rmakros@Yahoo.Com,Yes,,Robert,11/04/2013,Makros,,No,,660-441-4600,No,,No,
MEMBER,36742,Active,1,nobehr@aol.com,335 Palm Springs Drive^^Colorado Springs^CO^80921^,,,,GCA335PSD,,,nobehr@aol.com,Yes,,Nolan,05/24/1995,Behr,,,,719-488-2178,,,No,
MEMBER,36742,Active,2,JeannieBehr,335 Palm Springs Drive^^Colorado Springs^CO^80921^,,,No,GCA335PSD,,No,,Yes,,Jeannie,05/24/1995,Behr,,No,,719-290-9882,No,No,No,Nolan Behr
MEMBER,36742,Active,1,timbucone@aol.com,335 Pauma Valley Drive^^Colorado Springs^CO^80921^,,,,GCA335PVD,,,Timbucone@Aol.Com,Yes,,Timothy,11/04/1997,Buchanan,,,,719-488-5958,,,No,
MEMBER,36742,Active,2,KathyBuchanan,335 Pauma Valley Drive^^Colorado Springs^CO^80921^,,,,GCA335PVD,,,,Yes,,Kathlene,11/04/1997,Buchanan,,,,,,,No,Tim Buchanan
MEMBER,36742,Active,1,karlaa74@yahoo.com,340 Doral Way^^Colorado Springs^CO^80921^,the Summit at Gleneagle,,,GCA340DW,,,karlaa74@yahoo.com,Yes,,Dominic,02/13/2020,Carro,,,,631-513-0456,No,,No,
MEMBER,36742,Active,2,KarlaCarro,340 Doral Way^^Colorado Springs^CO^80921^,,,,GCA340DW,,No,,Yes,,Karla,02/13/2020,Carro,,No,,,No,No,No,Dominic Carro
MEMBER,36742,Active,1,ardaines@msn.com,340 Palm Springs Drive^^Colorado Springs^CO^80921^,,,,GCA340PSD,,,ardaines@msn.com,Yes,,Alan,09/27/1989,Daines,,,,719-481-4240,,,No,
MEMBER,36742,Active,2,KatherineDaines,340 Palm Springs Drive^^Colorado Springs^CO^80921^,,,,GCA340PSD,,,,Yes,,Katherine,09/27/1989,Daines,,,,,,,No,Alan Daines
MEMBER,36742,Active,1,ljt960@comcast.net,340 Rangely Drive^^Colorado Springs^CO^80921^,,,,GCA340RD,,,ljt960@comcast.net,Yes,,Leslie,07/10/2019,Thompson,,,,719-339-7051,,,No,
MEMBER,36742,Active,1,mklabon@hotmail.com,340 Wuthering Heights Drive^^Colorado Springs^CO^80921^,4.5.15: change of ownership,,,GCA340WHD,,,Klabon777@Gmail.Com,Yes,,Michael,03/27/2015,Klabon,,,,719-310-1988,,,No,
MEMBER,36742,Active,2,AprilAKlabon,340 Wuthering Heights Drive^^Colorado Springs^CO^80921^,,,,GCA340WHD,,,,Yes,,April,03/27/2015,Klabon,,,,,,,No,Michael S Klabon
MEMBER,36742,Active,1,gearhead@bikerider.com,345 Cherry Hills Way^^Colorado Springs^CO^80921^,"3.16.15: Address on check: 1900 E Girard Place,#806, Englewood, CO 80113 5.23.15; $100, Vanessa Bivens, Coldwell Banker, for HOA update, Kevin sent 6.28.15: Change in ownership Contact info added 7/29/2015",,,GCA345CHW,,,,Yes,,Maria,06/08/2015,Robel,,,,719-488-4344,,,No,
MEMBER,36742,Active,2,MaryLang,345 Cherry Hills Way^^Colorado Springs^CO^80921^,,,,GCA345CHW,,,,Yes,,Emmanuel,06/08/2015,Robel,,,,,,,No,Michael Lang
MEMBER,36742,Active,1,rojopatt@comcast.net,345 Doral Way^^Colorado Springs^CO^80921^,2.23.15: Added email and phone number 5/7/16 -there was No e-mail and ph.# - met with Mr. Patterson-got info.,,,GCA345DW,,,Robert.Rob.Patterson@Gmail.Com,Yes,,Robert,03/24/2016,Patterson,,,,719-487-1524,,,No,
MEMBER,36742,Active,2,JolynnNadinePatterson,345 Doral Way^^Colorado Springs^CO^80921^,,,,GCA345DW,,,,Yes,,Jolynn,03/24/2016,Patterson,,,,,,,No,Robert Howard Patterson
MEMBER,36742,Active,1,kelley@peakbackup.com,345 Palm Springs Drive^^Colorado Springs^CO^80921^,"eb1939@msn.com, old owners contributed to Doral fund, look in old list for name.",,,GCA345PSD,,,Kelley@Peakbackup.Com,Yes,,James,10/28/2011,Robinson,,,,,,,No,
MEMBER,36742,Active,1,StephanieRouire,345 Rangely Drive^^Colorado Springs^CO^80921^,Roger,,No,GCA345RD,,No,Mbhawker@Hotmail.Com,No,,Stephanie,10/25/2023,Rouire,,No,,,No,No,No,
MEMBER,36742,Active,1,sheilawhalen6@gmail.com,345 Wuthering Heights Drive^^Colorado Springs^CO^80921^,,,No,GCA345WHD,,No,Sheilawhalen6@Gmail.Com,Yes,,Edward,09/03/2015,Guthrie,,No,,405-313-8098,No,No,No,
MEMBER,36742,Active,2,SheilaWhalen,345 Wuthering Heights Drive^^Colorado Springs^CO^80921^,sheilawhalen6@gmail.com,,No,GCA345WHD,,No,,Yes,,Sheila,09/03/2015,Whalen,,No,,405-313-8098,No,No,No,Edward Guthrie
MEMBER,36742,Active,1,dppowell1@mindspring.com,350 Cherry Hills Way^^Colorado Springs^CO^80921^,,,,GCA350CHW,,,Dppowell1@Mindspring.Com,Yes,,Patricia,11/01/1989,Powell,,,,719-488-2269,,,No,
MEMBER,36742,Active,1,baping3@gmail.com,350 Doral Way^^Colorado Springs^CO^80921^,"Sold: the Summit at Gleneagle Mailing address: 3104 Augusta Drive, Bozeman, MT 59715",,,GCA350DW,,No,baping3@gmail.com,Yes,,Barbara,08/15/2018,Ping,,No,,406-581-4398,No,,No,
MEMBER,36742,Active,1,jsimpson@asd20.org,350 Pauma Valley Drive^^Colorado Springs^CO^80921^,,,,GCA350PVD,,No,Jeromevangogh@Gmail.Com,Yes,,nan,07/12/1993,Jerome & Dorothy Simpson Living Trust,,No,,719-331-2886,Yes,No,No,
MEMBER,36742,Active,2,DorothySimpson,350 Pauma Valley Drive^^Colorado Springs^CO^80921^,,,,GCA350PVD,,,,Yes,,Jerome/ Dorothy,07/12/1993,Simpson,,,,,,,No,Jerome Simpson
MEMBER,36742,Active,1,acbkl@comcast.net,351 Silver Rock Place^^Colorado Springs^CO^80921^,New Lot #36 - the Summit at Gleneagle,,,GCA351SRP,,,Chris_Claudia_B@Yahoo.Com,Yes,,nan,07/24/2020,Brown Family Revocable Living Trust,,,,,,,No,
MEMBER,36742,Active,1,steverabey@gmail.com,355 Doral Way^^Colorado Springs^CO^80921^,JE: removed bounced email 12/6/2014,,,GCA355DW,,,Loisrabey@gmail.Com,Yes,,Lois,05/25/1993,Rabey,,,,719-648-7156,,,No,
MEMBER,36742,Active,2,loisrabey@gmail.com,355 Doral Way^^Colorado Springs^CO^80921^,,,,GCA355DW,,,,Yes,,Stephen,05/25/1993,Rabey,,,,719-648-7156,,,No,Steve Rabey
MEMBER,36742,Active,1,mdhubbard@msn.com,355 Palm Springs Drive^^Colorado Springs^CO^80921^,,,,GCA355PSD,,,Canna.ocarroll@gmail.com,Yes,,Gary,12/23/1993,O'Carroll,,,,719-488-1806,,,No,
MEMBER,36742,Active,2,HeatherHubbard,355 Palm Springs Drive^^Colorado Springs^CO^80921^,,,,GCA355PSD,,,,Yes,,Canna,12/23/1993,O'Carroll,,,,,,,No,Michael Hubbard
MEMBER,36742,Active,1,sbagaason@yahoo.com,355 Pauma Valley Drive^^Colorado Springs^CO^80921^,,,No,GCA355PVD,,No,sbagaason@yahoo.com,Yes,,Stephen,07/02/1994,Bagaason,,No,,719-487-7490,No,No,No,
MEMBER,36742,Active,2,YoungBagaason,355 Pauma Valley Drive^^Colorado Springs^CO^80921^,,,,GCA355PVD,,,,Yes,,Young,07/02/1994,Bagaason,,,,,,,No,Stephen Bagaason
MEMBER,36742,Active,1,eddiemeredithconstruction@gmail.com,35 Huntington Beach Drive^^Colorado Springs^CO^80921^,,,No,GCA35HBD,,No,Eddiemeredithconstruction@Gmail.Com,Yes,,Charles,09/03/2021,Meredith Iv,,No,,,No,No,No,
MEMBER,36742,Active,1,eddiemeredithconstruction@gmail.com,35 Huntington Beach Drive^^Colorado Springs^nan^,,,No,GCA35HBD,,No,Eddiemeredithconstruction@Gmail.Com,Yes,,Charles,09/03/2021,Meredith Iv,,No,,,No,No,No,
MEMBER,36742,Active,1,cwwilson45@yahoo.com,35 Palm Springs Drive^^Colorado Springs^CO^80921^,,,,GCA35PSD,,,cwwilson45@yahoo.com,Yes,,Christopher W,09/26/2016,Wilson,,,,615-516-3880,,,No,
MEMBER,36742,Active,1,tmark@markmedical.net,360 Doral Way^^Colorado Springs^CO^80921^,Jami 719-351-1942,,,GCA360DW,,,Bluejmark22@Jamimark.Com,Yes,,nan,03/20/2020,Nebkota Trust,,,,480-275-1342,,,No,
MEMBER,36742,Active,1,gwaltersgroup@gmail.com,360 Palm Springs Drive^^Colorado Springs^CO^80921^,,,,GCA360PSD,,,Chriswalters5179@Gmail.Com,Yes,,Christopher,09/18/1986,Walters,,,,719-488-5656,,,No,
MEMBER,36742,Active,1,reisinger.jon@gmail.com,360 Wuthering Heights Drive^^Colorado Springs^CO^80921^,,,,GCA360WHD,,,Reisinger.Jon@Gmail.Com,Yes,,Jon,04/01/2010,Reisinger,,No,,719-201-0089,Yes,,No,
MEMBER,36742,Active,1,gpbartoniii@hotmail.com,361 Pauma Valley Drive^^Colorado Springs^CO^80921^,"917-495-2903 - 3.17.2022 deleted 367 Pauma Valley since it has been combined with 361 Pauma Valley, TD",,No,GCA361PVD,,No,Patterson_Pp@Hotmail.Com,Yes,,nan,07/22/2022,Barton-Patterson Living Trust,,No,,,No,No,No,
MEMBER,36742,Active,1,mmsmiley@comcast.net,365 Doral Way^^Colorado Springs^CO^80921^,,,,GCA365DW,,,mmsmiley@comcast.net,Yes,,Michael,06/19/2009,Smiley,,,,719-592-9134,,,No,
MEMBER,36742,Active,2,MicheleSmiley,365 Doral Way^^Colorado Springs^CO^80921^,,,,GCA365DW,,,,Yes,,Michele,06/19/2009,Smiley,,,,,,,No,Michael Smiley
MEMBER,36742,Active,1,faithpayne66@gmail.com,365 Rangely Drive^^Colorado Springs^CO^80921^,,,,GCA365RD,,,Faithpayne66@Gmail.Com,Yes,,nan,11/30/2011,Jim & Faith Family Trust,,,,760-960-3439,,,No,
MEMBER,36742,Active,2,FaithLPayne,365 Rangely Drive^^Colorado Springs^CO^80921^,,,,GCA365RD,,,,Yes,,Payne,11/30/2011,Faith,,,,,,,No,James E Payne
MEMBER,36742,Active,1,hinze444@msn.com,365 Wuthering Heights Drive^^Colorado Springs^CO^80921^,"5.23.15: dues check received as a half, cut by post office. Returned. 6.28.15: Added aol email address per spouse email",,,GCA365WHD,,,Hinze444@Aol.Com,Yes,,Steven,08/04/2011,Hinze,,,,719-472-7907,,,No,
MEMBER,36742,Active,2,hinze444@aol.com,365 Wuthering Heights Drive^^Colorado Springs^CO^80921^,,,,GCA365WHD,,,,Yes,,Michele,08/04/2011,Hinze,,,,719-440-1760,No,,No,Steven Hinze
MEMBER,36742,Active,1,ScottGratrix,"9800 Pyramid Court, Suite 400^^Englewood^CO^80112^",Scott Gratrix (Owner),,,GCA371SRP,G & S Development,,scott.gratix@gmail.com,Yes,,nan,07/28/2021,"KRG Investments, LLC",,,,,,,No,
MEMBER,36742,Active,1,CristenShinbashi,375 Mission Hill Way^^Colorado Springs^CO^80921^,,,,GCA375MHW,,No,cshinbashi@stanford.edu,Yes,,Cristen,03/18/2022,Shinbashi,,No,,650-212-3800,No,No,No,
MEMBER,36742,Active,2,JamesShinbashi,375 Mission Hill Way^^Colorado Springs^CO^80921^,,,,GCA375MHW,,No,,No,,James,03/18/2022,Shinbashi,,No,,,No,No,No,Cristen Shinbashi
MEMBER,36742,Active,1,sumiogo1@gmail.com,375 Palm Springs Drive^^Colorado Springs^CO^80921^,,,,GCA375PSD,,,Sumiogo1@Gmail.Com,Yes,,nan,08/04/1989,Sumio & Maxine Go Living Trust,,,,719-481-9431,,,No,
MEMBER,36742,Active,2,MaxineGo,375 Palm Springs Drive^^Colorado Springs^CO^80921^,,,,GCA375PSD,,,,Yes,,Sumio/ Maxine,08/04/1989,Go,,,,,,,No,Sumio Go
MEMBER,36742,Active,1,tyler2142003@gmail.com,375 Pauma Valley Drive^^Colorado Springs^CO^80921^,"tyler2142003@gmail.com
432-684-6037",,No,GCA375PVD,,No,Dakotapb2009@Gmail.Com,Yes,,Dakota,09/07/2017,Burklund,,No,,432-684-6037,No,No,No,
MEMBER,36742,Active,2,tanesiadwight@yahoo.com,375 Pauma Valley Drive^^Colorado Springs^CO^80921^,,,,GCA375PVD,,,,Yes,,Rachel,09/07/2017,Burklund,,,,,,,No,Tyler Tidwell
MEMBER,36742,Active,1,leahmolnar@comcast.net,380 Palm Springs Drive^^Colorado Springs^CO^80921^,,,,GCA380PSD,,,leahmolnar@comcast.net,Yes,,Leah,09/13/2019,Butler Molnar,,,,719-352-4777,,,No,
MEMBER,36742,Active,1,armando.lucero1@gmail.com,385 Palm Springs Drive^^Colorado Springs^CO^80921^,,,,GCA385PSD,,No,Armando.Lucero1@Gmail.Com,Yes,,Armando,10/04/2021,Lucero,,No,,505-688-9277,No,No,No,
MEMBER,36742,Active,1,davpayrin@outlook.com,395 Palm Springs Drive^^Colorado Springs^CO^80921^,,,,GCA395PSD,,,davpayrin@outlook.com,Yes,,David,06/23/2014,Gibson,,,,719-596-7760,,,No,
MEMBER,36742,Active,2,ErinGibson,395 Palm Springs Drive^^Colorado Springs^CO^80921^,,,,GCA395PSD,,,,Yes,,Erin,06/23/2014,Gibson,,,,,,,No,David Gibson
MEMBER,36742,Active,1,mcohare@gmail.com,405 Cherry Hills Way^^Colorado Springs^CO^80921^,no longer lives in gleneagle.  JBE 3/8/2015 3.16.15: Change of owners per Warranty Deed,,,GCA405CHW,,No,Mcohare@Gmail.Com,Yes,,Michael,03/06/2015,O'hare,,No,,323-691-5851,No,No,No,
MEMBER,36742,Active,2,TatianaOHare,405 Cherry Hills Way^^Colorado Springs^CO^80921^,,,,GCA405CHW,,No,,Yes,,Tatiana,03/06/2015,O'hare,,No,,323-509-9214,No,No,No,Michael OHare
MEMBER,36742,Active,1,MichaelFucci,40 Desert Inn Way^^Colorado Springs^CO^80921^,New e-mail in May 2009.  jevans new email 8/17/2011,,,GCA40DIW,,No,fuccibill@hotmail.com,Yes,,Michael,12/31/2020,Fucci,,No,,818-528-3400,No,No,No,
MEMBER,36742,Active,1,cdsmd104@yahoo.com,40 Huntington Beach Drive^^Colorado Springs^CO^80921^,"3/26/2018: received reports of numerous out-of-state vehicles and people milling around neighborhood.  Neighbor provided evidence of the property being used to operate a bed and breakfast (AirBNB)in violation of Section 102 of Covenants (plus numerous other violations).  Enforcement actions initiated 28 Mar 2018.
cdsmd104@yahoo.com",,No,GCA40HBD,,No,Cdsmd104@Yahoo.Com,No,,Casey,12/01/2022,Stewart,,No,,479-629-4095,No,No,No,
MEMBER,36742,Active,2,kristifont14@gmail.com,40 Huntington Beach Drive^^Colorado Springs^CO^80921^,,,,GCA40HBD,,,,Yes,,Rowland,12/01/2022,Stewart,,,,,,,No,Casey Stewart
MEMBER,36742,Active,1,kurt_85@yahoo.com,40 Pauma Valley Drive^^Colorado Springs^CO^80921^,,,,GCA40PVD,,No,ashleyglenn46@gmail.com,Yes,,Joseph,06/30/2016,Klaus,,No,,719-271-0960,No,No,No,
MEMBER,36742,Active,2,CynthiaHammack,40 Pauma Valley Drive^^Colorado Springs^CO^80921^,,,,GCA40PVD,,,,Yes,,Ashley,06/30/2016,Klaus,,,,,,,No,Kurtis Hammack
MEMBER,36742,Active,1,tduncan907@gmail.com,40 Rangely Drive^^Colorado Springs^CO^80921^,"5.13.15: Title check, Empire title changing ownership; processed Received word that Steve passed away in February.",,,GCA40RD,,No,tduncan907@gmail.com,Yes,,Tyler,08/17/2020,Duncan,,No,,,No,No,No,
MEMBER,36742,Active,1,krystalatkinson@gmx.com,410 Cherry Hills Way^^Colorado Springs^CO^80921^,"Email Address	krystalatkinson@gmx.com
Primary Phone	304-588-4123",,No,GCA410CHW,,No,Krystalatkinson@Gmx.Com,Yes,,Krystal,05/14/2019,Atkinson,,No,,304-588-4123,No,No,No,
MEMBER,36742,Active,1,lomere2003@comcast.net,410 Picasso Court^^Colorado Springs^CO^80921^,,,,GCA410PC,,,lomere2003@comcast.net,Yes,,Bob,07/06/1994,Williams,,,,719-488-8375,,,No,
MEMBER,36742,Active,1,mike@brooking.net,410 Rangely Drive^^Colorado Springs^CO^80921^,removed mike@brooking.cjb.net bad email - jevans 9/16/2012,,,GCA410RD,,,mike@brooking.net,Yes,,Mike,08/08/2000,Brooking,,,,719-487-8236,,,No,
MEMBER,36742,Active,2,LisaBrooking,410 Rangely Drive^^Colorado Springs^CO^80921^,,,,GCA410RD,,,,Yes,,Lisa,08/08/2000,Brooking,,,,,,,No,Mike Brooking
MEMBER,36742,Active,1,KyleBerg,415 Picasso Court^^Colorado Springs^CO^80921^,,,,GCA415PC,,,Bills@Kyleberg.Com,Yes,,Kyle,07/21/2015,Berg,,,,541-968-4367,,,No,
MEMBER,36742,Active,1,paulhoman@hotmail.com,415 Palm Springs Way^^Colorado Springs^CO^80921^,646-0633,,,GCA415PSW,,,Paulhoman@Hotmail.Com,Yes,,Janee,12/07/2006,Homan,,,,,,,No,
MEMBER,36742,Active,1,melanie.d.laurie@gmail.com,415 Rangely Drive^^Colorado Springs^CO^80921^,Changed email per HO request,,,GCA415RD,,,Justinslaurie@Gmail.Com,Yes,,Justin,06/07/2017,Laurie,,,,707-880-0993,,,No,
MEMBER,36742,Active,2,MelanieDLaurie,415 Rangely Drive^^Colorado Springs^CO^80921^,,,,GCA415RD,,,,Yes,,Melanie,06/07/2017,Laurie,,,,,,,No,Justin S Laurie
MEMBER,36742,Active,1,PhillisLin,415 Wuthering Heights Drive^^Colorado Springs^CO^80921^,"Phillis Lin at EPCO, however she is married to David Martin",,,GCA415WHD,,,Hrupprecht81@Gmail.Com,Yes,,Holly,01/27/2021,Rupprecht,,,,510-827-0476,,,No,
MEMBER,36742,Active,2,DavidMartin,415 Wuthering Heights Drive^^Colorado Springs^CO^80921^,,,,GCA415WHD,,,,Yes,,Charles,01/27/2021,Rupprecht,,,,,,,No,Phillis Martin
MEMBER,36742,Active,1,tgregor4@comcast.net,416 Torrey Pines Way^^Colorado Springs^CO^80921^,,,,GCA416TPW,,,Abby.Leonard@Gmail.Com,Yes,,Thomas,05/07/2012,Leonard,,,,719-963-8810,,,No,
MEMBER,36742,Active,2,AbigailLeonard,416 Torrey Pines Way^^Colorado Springs^CO^80921^,,,,GCA416TPW,,,,Yes,,Abigail,05/07/2012,Leonard,,,,,,,No,Greg Leonard
MEMBER,36742,Active,1,dfutey@gmail.com,420 Picasso Court^^Colorado Springs^CO^80921^,,,,GCA420PC,,,Dfutey@Gmail.Com,Yes,,David,11/29/2006,Futey,,,,719-404-4081,No,,No,
MEMBER,36742,Active,1,Tom.diana@comcast.net,420 Wuthering Heights Drive^^Colorado Springs^CO^80921^,,,,GCA420WHD,,,Tom.Diana@Comcast.Net,Yes,,Thomas,07/27/2009,H Cunnningham Diana L Cunningham,,,,916-524-2541,,,No,
MEMBER,36742,Active,2,DianaCunningham,420 Wuthering Heights Drive^^Colorado Springs^CO^80921^,,,,GCA420WHD,,,,Yes,,Diana,07/27/2009,H Cunnningham Diana L Cunningham,,,,,,,No,Tom Cunningham
MEMBER,36742,Active,1,DouglasGuilzon,422 Torrey Pines Way^^Colorado Springs^CO^80921^,JE: removed bounced email 12/6/2014,,,GCA422TPW,,,,Yes,,Douglas,08/16/1994,Guilzon,,,,719-488-8911,,,No,
MEMBER,36742,Active,2,BarbaraGuilzon,422 Torrey Pines Way^^Colorado Springs^CO^80921^,,,,GCA422TPW,,,,Yes,,Barbara,08/16/1994,Guilzon,,,,,,,No,Douglas Guilzon
MEMBER,36742,Active,1,glen46@centurylink.net,425 Cherry Hills Way^^Colorado Springs^CO^80921^,,,,GCA425CHW,,,glen46@centurylink.net,Yes,,Marty,02/01/1987,Stoehr,,,,719-481-2220,,,No,
MEMBER,36742,Active,2,LucyStoehr,425 Cherry Hills Way^^Colorado Springs^CO^80921^,,,,GCA425CHW,,,,Yes,,Lucy,02/01/1987,Stoehr,,,,,,,No,Marty Stoehr
MEMBER,36742,Active,1,kimmlarousse@gmail.com,425 Picasso Court^^Colorado Springs^CO^80921^,"5637 W Monte Verde Ct Visalia, CA 93277 559-636-7967 1/24/2015 change of ownership",,,GCA425PC,,,kimmlarousse@gmail.com,Yes,,Bradley,05/01/2019,LaRousse,,,,817-360-6023,,,No,
MEMBER,36742,Active,2,KimLaRousse,425 Picasso Court^^Colorado Springs^CO^80921^,,,,GCA425PC,,,,Yes,,Kim,05/01/2019,LaRousse,,,,,,,No,Bradley LaRousse
MEMBER,36742,Active,1,ThomasHunter,428 Torrey Pines Way^^Colorado Springs^CO^80921^,JE: removed bounced email 12/6/2014 6.1.15: added email,,,GCA428TPW,,,,Yes,,Thomas,01/18/2019,Hunter,,,,,,,No,
MEMBER,36742,Active,1,D_K_Simpson@msn.com,430 Cherry Hills Way^^Colorado Springs^CO^80921^,,,,GCA430CHW,,,d_k_simpson@msn.com,Yes,,Don,06/09/1992,Simpson,,,,719-481-4833,,,No,
MEMBER,36742,Active,2,KenieSimpson,430 Cherry Hills Way^^Colorado Springs^CO^80921^,,,,GCA430CHW,,,,Yes,,Kenie,06/09/1992,Simpson,,,,,,,No,Don Simpson
MEMBER,36742,Active,1,janlar85@yahoo.com,430 Picasso Court^^Colorado Springs^CO^80921^,,,,GCA430PC,,,sheard@golftec.com,Yes,,Holly,05/18/1999,Colson,,,,719-481-3770,,,No,
MEMBER,36742,Active,2,JanetM.Wildasin,430 Picasso Court^^Colorado Springs^CO^80921^,,,,GCA430PC,,,,Yes,,Steven,05/18/1999,Heard,,,,,,,No,Larry E. Wildasin
MEMBER,36742,Active,1,ehildeb88@gmail.com,430 Rangely Drive^^Colorado Springs^CO^80921^,"2003 dues forgiven - missed at 7/03 closing
ehildeb88@gmail.com
10/1/23 - Greeted Eric & Diane, got permission to send GCA e-mails, checked the box",,No,GCA430RD,,No,ehildeb88@gmail.com,Yes,,Eric,10/14/2022,Hildebrand,,No,,661-433-2522,No,No,No,
MEMBER,36742,Active,2,DianaHildebrand,430 Rangely Drive^^Colorado Springs^CO^80921^,,,No,GCA430RD,,No,,No,,Diana,10/14/2022,Hildebrand,,No,,,No,No,No,Eric Hildebrand
MEMBER,36742,Active,1,re.lewis@cox.net,434 Torrey Pines Way^^Colorado Springs^CO^80921^,,,,GCA434TPW,,,Re.Lewis@Cox.Net,Yes,,Robert,06/25/2010,Lewis,,,,,,,No,
MEMBER,36742,Active,1,moorerm52@gmail.com,435 Picasso Court^^Colorado Springs^CO^80921^,,,,GCA435PC,,,tracylinthicum@gmail.com,Yes,,Byron,07/22/1991,Linthicum,,,,719-488-9530,,,No,
MEMBER,36742,Active,1,kogsjb@gmail.com,435 Wuthering Heights Drive^^Colorado Springs^CO^80921^,Changed e-mail address per member request on 11/10/13,,No,GCA435WHD,,No,Kogsjb@Comcast.Net,Yes,,nan,09/12/1990,Kogler Living Trust,,No,,719-330-9057,No,No,No,
MEMBER,36742,Active,2,BeckyKogler,435 Wuthering Heights Drive^^Colorado Springs^CO^80921^,,,,GCA435WHD,,,,Yes,,James/ Becky,09/12/1990,Kogler,,,,,,,No,Jim Kogler
MEMBER,36742,Active,1,afmatt.allen@gmail.com,440 Picasso Court^^Colorado Springs^CO^80921^,"Lacy Monday
afmatt.allen@gmail.com",,No,GCA440PC,,No,Afmatt.Allen@Gmail.Com,No,,Matthew,06/15/2023,Allen,,No,,609-864-0846,No,No,No,
MEMBER,36742,Active,1,bob.dee72@comcast.net,440 Torrey Pines Way^^Colorado Springs^CO^80921^,,,,GCA440TPW,,,benkingsley@hotmail.co.uk,Yes,,Benjamin,12/04/1998,Kingsley,,,,719-488-6792,,,No,
MEMBER,36742,Active,1,jstuartj@yahoo.com,440 Wuthering Heights Drive^^Colorado Springs^CO^80921^,"Jacob and Jennifer, list as J. Stuart in directory",,,GCA440WHD,,,Jstuartj@Yahoo.Com,Yes,,Jacob,01/28/2010,Stuart,,,,719-596-3202,,,No,
MEMBER,36742,Active,1,eabowen0@gmail.com,25953 E Parkview Place^^Aurora^CO^80018^,,,,GCA445CHW,,,Eabowen0@Gmail.Com,Yes,,Eric,08/27/1996,Bowen,,,,319-270-5898,No,,No,
MEMBER,36742,Active,1,dougandmartine@att.net,445 Palm Springs Way^^Colorado Springs^CO^80921^,2004 membership dues paid at closing by Metropolitan Title,,,GCA445PSW,,,dougandmartine@att.net,Yes,,Douglas,02/10/2004,Arndt,,,,719-487-9225,,,No,
MEMBER,36742,Active,2,MartineArndt,445 Palm Springs Way^^Colorado Springs^CO^80921^,,,,GCA445PSW,,,,Yes,,Martine,02/10/2004,Arndt,,,,,,,No,Douglas Arndt
MEMBER,36742,Active,1,rowesinthesprings@live.com,445 Rangely Drive^^Colorado Springs^CO^80921^,,,,GCA445RD,,No,,No,,Todd,12/02/2021,Rowe,,No,,,No,No,No,
MEMBER,36742,Active,1,Todd.Rowe,445 Rangely Drive^^Colorado Springs^CO^80921^,,,,GCA445RD,,No,,No,,Todd,12/01/2021,Rowe,,Yes,,,No,,No,
MEMBER,36742,Active,2,Kimberly.Rowe,445 Rangely Drive^^Colorado Springs^CO^80921^,,,,GCA445RD,,No,roweinthesprings@live.com,Yes,,Kimberly,12/01/2021,Rowe,,Yes,,719-375-4092,No,,No,Todd Rowe
MEMBER,36742,Active,1,jfsamyers@gmail.com,446 Torrey Pines Way^^Colorado Springs^CO^80921^,,,,GCA446TPW,,,Jfsamyers@Gmail.Com,Yes,,nan,01/30/1996,Myers Trust,,,,719-964-4084,,,No,
MEMBER,36742,Active,1,randy450@comcast.net,450 Cherry Hills Way^^Colorado Springs^CO^80921^,Changed e-mail on 01/10/10 - Bill,,,GCA450CHW,,,randy450@comcast.net,Yes,,Randy,03/06/1992,Roozeboom,,,,719-481-8530,,,No,
MEMBER,36742,Active,1,sloan.theresa@gmail.com,450 Picasso Court^^Colorado Springs^CO^80921^,,,,GCA450PC,,,nathanialsquires@gmail.com,No,,Nathanial,07/15/2026,Squires,,,,719-359-1142,No,,No,
MEMBER,36742,Active,2,JoyDoyle,450 Picasso Court^^Colorado Springs^CO^80921^,,,,GCA450PC,,,,Yes,,Frances,10/28/1991,Squires,,,,,,,No,Theresa Doyle Sloan
MEMBER,36742,Active,1,kwm17@aol.com,450 Rangely Drive^^Colorado Springs^CO^80921^,"3.16.15: Paid back owing double.  Ck 5449 for $132.30.  Applied $45 to 2015, and refunded $87.30, Ck #1871",,,GCA450RD,,,kwm17@aol.com,Yes,,Ken,06/05/1992,Mellott,,,,719-488-3146,,,No,
MEMBER,36742,Active,2,LaurelMellott,450 Rangely Drive^^Colorado Springs^CO^80921^,,,,GCA450RD,,,,Yes,,Laurel,06/05/1992,Mellott,,,,,,,No,Ken Mellott
MEMBER,36742,Active,1,WayneKiel,452 Torrey Pines Way^^Colorado Springs^CO^80921^,Kathy informed us small payments on back dues will be starting soon. 4/26/14 Trivian Signed payment plan received - 17 March 18,,,GCA452TPW,,,Emeron74@Aol.Com,Yes,,Wayne,03/08/2001,Kiel,,,,719-481-6806,,,No,
MEMBER,36742,Active,2,emeron74@aol.com,452 Torrey Pines Way^^Colorado Springs^CO^80921^,,,,GCA452TPW,,,,Yes,,Katherine,03/08/2001,Morey,,,,,,,No,Wayne Kiel
MEMBER,36742,Active,1,meandersonathome@comcast.net,455 Picasso Court^^Colorado Springs^CO^80921^,,,,GCA455PC,,,Meandersonathome@Comcast.Net,Yes,,Carl,03/01/1986,Anderson,,,,719-481-4096,,,No,
MEMBER,36742,Active,2,MaryEllenAnderson,455 Picasso Court^^Colorado Springs^CO^80921^,,,,GCA455PC,,,,Yes,,Mary,03/01/1986,Anderson,,,,,,,No,Carl Anderson
MEMBER,36742,Active,1,joshuaamaine@gmail.com,455 Wuthering Heights Drive^^Colorado Springs^CO^80921^,joshuaamaine@gmail.com,,No,GCA455WHD,,No,joshuaamaine@gmail.com,No,,Joshua,04/13/2023,Maine,,No,,239-222-7267,No,No,No,
MEMBER,36742,Active,1,mountainwatch@aol.com,45 Desert Inn Way^^Colorado Springs^CO^80921^,,,,GCA45DIW,,,Mountainwatch@Aol.Com,Yes,,Timothy,07/06/1993,Falk,,,,719-481-8298,,,No,
MEMBER,36742,Active,1,txswordmaker@gmail.com,45 Doral Way^^Colorado Springs^CO^80921^,,,No,GCA45DW,,No,Txswordmaker@Gmail.Com,Yes,,Darrell,11/16/2022,Burghard,,No,,719-210-8866,No,No,No,
MEMBER,36742,Active,1,maiyadevi@hotmail.com,45 Rangely Drive^^Colorado Springs^CO^80921^,"719.393.2180 8.31.15: Paid dues current New owners (Status letter fee received, Closing April 18): Maiya D Anderson and Shelley Denise Cameron",,,GCA45RD,,,TArmour138@msn.com,Yes,,Travis,04/18/2019,Armour,,,,937-408-0111,,,No,
MEMBER,36742,Active,1,smiley4u26@yahoo.com,460 Picasso Court^^Colorado Springs^CO^80921^,,,,GCA460PC,,No,Smiley4u26@Yahoo.Com,Yes,,Charles,05/03/2021,Roberts,,No,,719-453-5627,No,No,No,
MEMBER,36742,Active,2,LeilaniCeballes,460 Picasso Court^^Colorado Springs^CO^80921^,,,,GCA460PC,,,,Yes,,Leilanie,05/03/2021,Ceballes,,,,,,,No,Leilani Ceballes
MEMBER,36742,Active,1,GradyMcNeill,16929 W Hinsdale Way^^Aurora^CO^80016^,"Grady McNeill 16929 E Hinsdale Way Foxfield, CO 80016 16929 W HINSDALE WAY AURORA CO 80016",,,GCA460WHD,,,,Yes,,Nina,08/01/1984,McNeill,,,,303-291-7280,,,No,
MEMBER,36742,Active,2,NinaMcNeill,16929 W Hinsdale Way^^Aurora^CO^80016^,,,,GCA460WHD,,,,No,,Grady,08/01/1984,McNeill,,,,,,,No,Grady McNeill
MEMBER,36742,Active,1,srh9193@gmail.com,465 Cherry Hills Way^^Colorado Springs^CO^80921^,"srh9193@gmail.com (Scott's)
Greeted/Welcome Flowers 9/4/23",,No,GCA465CHW,,No,Gharrison84.Gh@Gmail.Com,Yes,,Scott,11/21/2022,Harrison,,No,,719-650-9295,No,No,No,
MEMBER,36742,Active,1,barrettlamb@gmail.com,465 Picasso Court^^Colorado Springs^CO^80921^,barrettlamb@gmail.com,,No,GCA465PC,,No,barrettlamb@gmail.com,Yes,,Barrett,06/20/2018,Lamb,,No,,,No,No,No,
MEMBER,36742,Active,1,droesler@comcast.net,465 Palm Springs Way^^Colorado Springs^CO^80921^,,,,GCA465PSW,,,Droesler@Comcast.Net,Yes,,nan,12/12/2007,Dennis Roesler Living Trust,,,,719-481-5791,,,No,
MEMBER,36742,Active,1,miltm65@gmail.com,470 Cherry Hills Way^^Colorado Springs^CO^80921^,,,,GCA470CHW,,No,slbaccus@yahoo.com,Yes,,Sheena,08/13/2004,Winder,,No,,719-644-0550,No,No,No,
MEMBER,36742,Active,1,Rachelle@dmscontrols.com,470 Palm Springs Way^^Colorado Springs^CO^80921^,and Jerald Graham,,No,GCA470PSW,,No,Rachelle@Dmscontrols.Com,Yes,,Rachelle,12/15/2021,Kosik,,No,,307-231-3696,No,No,No,
MEMBER,36742,Active,1,pontiacdoug@msn.com,475 Palm Springs Way^^Colorado Springs^CO^80921^,,,,GCA475PSW,,,Stuartbalch10@Gmail.Com,Yes,,Laura Marie,08/31/2005,Chavez Balch,,,,719-216-4213,,,No,
MEMBER,36742,Active,1,alanshuckins@gmail.com,480 Palm Springs Way^^Colorado Springs^CO^80921^,"Email Address	alanshuckins@gmail.com
Primary Phone	518-424-0020",,No,GCA480PSW,,No,,Yes,,Alan,05/14/2021,Huckins,,No,,518-424-0020,No,No,No,
MEMBER,36742,Active,2,AshleighHuckins,480 Palm Springs Way^^Colorado Springs^CO^80921^,,,,GCA480PSW,,,,Yes,,Ashleigh,05/14/2021,Huckins,,,,,,,No,Allen Huckins
MEMBER,36742,Active,1,garrettclan5@msn.com,480 Wuthering Heights Drive^^Colorado Springs^CO^80921^,,,,GCA480WHD,,,garrettclan5@msn.com,Yes,,Kevin,12/30/2009,Garrett,,,,719-377-7265,,,No,
MEMBER,36742,Active,2,klgarrett5@gmail.com,480 Wuthering Heights Drive^^Colorado Springs^CO^80921^,,,,GCA480WHD,,,klgarrett5@gmail.com,Yes,,Pamela,12/30/2009,Garrett,,,,,,,No,Kevin Garrett
ADMIN,36742,Active,1,audreycsargent@gmail.com,485 Palm Springs Way^^Colorado Springs^CO^80921^,,,No,GCA485PSW,,No,Audreycsargent@Gmail.Com,Yes,,Mark,10/04/2019,Sargent,,No,,719-661-2920,No,No,No,
MEMBER,36742,Active,2,Mark.Sargent,485 Palm Springs Way^^Colorado Springs^CO^80921^,,,No,GCA485PSW,,No,,Yes,,Audre,10/04/2019,Sargent,,No,,719-661-2920,No,No,No,Audrey Sargent
MEMBER,36742,Active,1,tnum16@hotmail.com,490 Palm Springs Way^^Colorado Springs^CO^80921^,,,,GCA490PSW,,,tnum16@hotmail.com,Yes,,Tara,04/26/2019,Ambuul,,,,773-550-8027,,,No,
MEMBER,36742,Active,2,tomambuul@gmail.com,490 Palm Springs Way^^Colorado Springs^CO^80921^,,,,GCA490PSW,,,tomambuul@gmail.com,Yes,,Tom,04/26/2019,Ambuul,,,,,,,No,Tara Ambuul
MEMBER,36742,Active,1,linde5@msn.com,505 Rangely Drive^^Colorado Springs^CO^80921^,"20 Feb -- Stacey Cruz sent note with 2017 dues stating that they did no own the home until july30, 2015 and refuses to pay the dues and late fee from 2014 forward. Did not include 2016 dues payment.",,,GCA505RD,,,Linde5@Msn.Com,Yes,,John,05/02/2017,Lindemulder,,,,815-685-5075,,,No,
MEMBER,36742,Active,1,sacollins2003@gmail.com,50 Huntington Beach Drive^^Colorado Springs^CO^80921^,648-0612 (Sean),,,GCA50HBD,,,Butterflyjls@Aol.Com,Yes,,Sean/ Jodie,12/27/2016,Collins,,,,719-244-8105,,,No,
MEMBER,36742,Active,2,butterflyjls@aol.com,50 Huntington Beach Drive^^Colorado Springs^CO^80921^,,,,GCA50HBD,,,,Yes,,Kevin/ Barbara,12/27/2016,Collins,,,,,,,No,Sean A Collins
MEMBER,36742,Active,1,DarciStrecker,50 Palm Springs Drive^^Colorado Springs^CO^80921^,,,,GCA50PSD,,,,Yes,,Darci,06/02/2017,Strecker,,,,,,,No,
MEMBER,36742,Active,2,AdamStrecker,50 Palm Springs Drive^^Colorado Springs^CO^80921^,,,,GCA50PSD,,,,Yes,,Adam,06/02/2017,Strecker,,,,,,,No,Darci Strecker
MEMBER,36742,Active,1,danjulie@webbydan.com,510 Wuthering Heights Drive^^Colorado Springs^CO^80921^,include in directory but not phone #,,,GCA510WHD,,,Danjulie@Webbydan.Com,Yes,,nan,07/01/2004,McKee Family Trust,,,,719-321-0611,,,No,
MEMBER,36742,Active,2,JulieMcKee,510 Wuthering Heights Drive^^Colorado Springs^CO^80921^,,,,GCA510WHD,,,,Yes,,Daniel/Julia,07/01/2004,McKee,,,,,,,No,Dan McKee
MEMBER,36742,Active,1,joyin2011@yahoo.com,520 Mission Hill Way^^Colorado Springs^CO^80921^,,,,GCA520MHW,,No,Joyin2011@Yahoo.Com,Yes,,Yolanda,10/28/2021,Miller,,No,,,No,No,No,
MEMBER,36742,Active,1,prriggen@gmail.com,520 Rangely Drive^^Colorado Springs^CO^80921^,,,,GCA520RD,,Yes,prriggen@gmail.com,Yes,,Peggy,05/29/2001,Riggen,,No,,719-488-5627,No,,No,
MEMBER,36742,Active,1,TravisWilliams,530 Wuthering Heights Drive^^Colorado Springs^CO^80921^,,,,GCA530WHD,,,,Yes,,Travis,05/26/2011,Williams,,No,,719-650-7981,Yes,,No,
MEMBER,36742,Active,2,DevonWilliams,530 Wuthering Heights Drive^^Colorado Springs^CO^80921^,,,,GCA530WHD,,,,Yes,,Devon,05/26/2011,Williams,,,,,,,No,Travis Williams
MEMBER,36742,Active,1,winstonusmc@hotmail.com,535 Rangely Drive^^Colorado Springs^CO^80921^,,,,GCA535RD,,,winstonusmc@hotmail.com,Yes,,Matthew,11/12/2020,Windland,,,,,,,No,
MEMBER,36742,Active,2,shyrel@gmail.com,535 Rangely Drive^^Colorado Springs^CO^80921^,,,,GCA535RD,,,shyrel@gmail.com,Yes,,Shyrel,11/12/2020,Windland,,,,619-992-4929,,,No,Matthew Windland
MEMBER,36742,Active,1,wmperlakelly5859@msn.com,4967 Craftsman Drive^^Parker^CO^80134^,2.1.15: wmperlakelly5859@Q.com returned/removed.  Mailed dues notice.,,,GCA535WHD,,,wmperlakelly5859@msn.com,Yes,,William,09/05/1994,Kelly,,,,720-842-5175,,,No,
MEMBER,36742,Active,1,davecross222222@gmail.com,540 Rangely Drive^^Colorado Springs^CO^80921^,"davecross222222@gmail.com
719-460-3439",,No,GCA540RD,,No,Davecross222222@Gmail.Com,Yes,,nan,04/17/1997,David & Leslie Cross Trust,,No,,719-460-3439,No,No,No,
MEMBER,36742,Active,2,LeslieCross,540 Rangely Drive^^Colorado Springs^CO^80921^,,,,GCA540RD,,,,Yes,,David,04/17/1997,Cross,,,,,,,No,Dave Cross
MEMBER,36742,Active,1,j.r.burroughs@gmail.com,550 Mission Hill Way^^Colorado Springs^CO^80921^,,,No,GCA550MHW,,No,J.R.Burroughs@Gmail.Com,Yes,,John,05/01/2020,Burroughs,,No,,719-210-7539,No,No,No,
MEMBER,36742,Active,1,brooks@pcisys.net,555 Wuthering Heights Drive^^Colorado Springs^CO^80921^,,,,GCA555WHD,,,brooks@pcisys.net,Yes,,Brooks,08/17/2006,Demio,,,,719-481-9795,,,No,
MEMBER,36742,Active,2,RobinDemio,555 Wuthering Heights Drive^^Colorado Springs^CO^80921^,,,,GCA555WHD,,,,Yes,,Robin,08/17/2006,Demio,,,,,,,No,Brooks Demio
MEMBER,36742,Active,1,KristoferBirgers,55 Palm Springs Drive^^Colorado Springs^CO^80921^,,,,GCA55PSD,,,,Yes,,Kristofer,11/03/2017,Birgers,,,,719-287-6209,,,No,
MEMBER,36742,Active,1,CarmenDecker,55 Pauma Valley Drive^^Colorado Springs^CO^80921^,,,No,GCA55PVD,Robert and Guia,No,Bngdecker1@Icloud.Com,No,,nan,06/19/2023,Robert & Guia Decker Trust,,No,,,No,No,No,
MEMBER,36742,Active,1,LancePotter,565 Rangely Drive^^Colorado Springs^CO^80921^,,,,GCA565RD,,,lancerkath@gmail.com,No,,Lance,09/17/2021,Potter,,,,,,,No,
MEMBER,36742,Active,1,dmferris@msn.com,575 Wuthering Heights Drive^^Colorado Springs^CO^80921^,,,,GCA575WHD,,,Dmferris@Msn.Com,Yes,,Dennis,08/03/1995,Ferris,,,,719-648-6045,,,No,
MEMBER,36742,Active,2,MargyFerris,575 Wuthering Heights Drive^^Colorado Springs^CO^80921^,,,,GCA575WHD,,,,Yes,,Marguerite,08/03/1995,Ferris,,,,,,,No,Dennis Ferris
MEMBER,36742,Active,1,steve.mcintosh@gmail.com,580 Wuthering Heights Drive^^Colorado Springs^CO^80921^,,,,GCA580WHD,,,hollymduren@gmail.com,Yes,,Holly,04/10/2014,Duren,,,,719-492-7157,,,No,
MEMBER,36742,Active,1,friendofbees@protonmail.com,585 Rangely Drive^^Colorado Springs^CO^80921^,,,,GCA585RD,,,friendofbees@protonmail.com,Yes,,Walter,08/26/1996,Sexauer,,,,719-325-8752,,,No,
MEMBER,36742,Active,2,JaneSexauer,585 Rangely Drive^^Colorado Springs^CO^80921^,,,,GCA585RD,,,,Yes,,Jane,08/26/1996,Sexauer,,,,,,,No,Walter Sexauer
MEMBER,36742,Active,1,coloradosuits@msn.com,58 Huntington Beach Drive^^Colorado Springs^CO^80921^,,,,GCA58HBD,,,coloradosuits@msn.com,Yes,,John,07/01/2007,Suits,,No,,719-495-9664,Yes,,No,
MEMBER,36742,Active,2,JaneSuits,58 Huntington Beach Drive^^Colorado Springs^CO^80921^,,,,GCA58HBD,,,,Yes,,Jane,07/01/2007,Suits,,,,,,,No,John Suits
MEMBER,36742,Active,1,tjmcgrat@yahoo.com,14965 Crooked Spur Lane^^Colorado Springs^CO^80921^,,,,GCA595WHD,,,tjmcgrat@yahoo.com,Yes,,Teri,09/18/1996,McGrath,,No,,571-217-5449,Yes,,No,
MEMBER,36742,Active,1,JEFFANDS@GMAIL.COM,60 Rangely Drive^^Colorado Springs^CO^80921^,,,,GCA60RD,,,Jeffands@Gmail.Com,Yes,,nan,09/09/2016,Chandler Family Revocable Living,,,,719-332-3257,,,No,
MEMBER,36742,Active,2,ShirleyLChandler,60 Rangely Drive^^Colorado Springs^CO^80921^,,,,GCA60RD,,,,Yes,,Jeff/ Shirley,09/09/2016,Chandler,,,,,,,No,Jeffrey W Chandler
MEMBER,36742,Active,1,megan.rgrs@gmail.com,610 Rembrandt Court^^Colorado Springs^CO^80921^,"Megan Rogers
Email Address	megan.rgrs@gmail.com
Primary Phone	719-766-2445
Greeted: 11/12/23 permission to subscribe to GCA emails",,No,GCA610RC,Megan,No,Megan.Rgrs@Gmail.Com,Yes,,Richard,07/27/2006,Rogers,,No,,719-766-2445,No,No,No,
MEMBER,36742,Active,1,tandgsherman@msn.com,615 Wuthering Heights Drive^^Colorado Springs^CO^80921^,,,,GCA615WHD,,,tandgsherman@msn.com,Yes,,Todd,01/02/1987,Sherman,,,,719-488-0106,,,No,
MEMBER,36742,Active,2,GretchenSherman,615 Wuthering Heights Drive^^Colorado Springs^CO^80921^,,,,GCA615WHD,,,,Yes,,Gretchen,01/02/1987,Sherman,,,,,,,No,Todd Sherman
MEMBER,36742,Active,1,mau@col.hp.com,620 Rembrandt Court^^Colorado Springs^CO^80921^,email: mau@col.hp.com,,,GCA620RC,,,Mau@Col.Hp.Com,Yes,,Michael,05/28/1993,Upham,,,,719-332-6973,,,No,
MEMBER,36742,Active,1,Jerry.Krueger@comcast.net,620 Wuthering Heights Drive^^Colorado Springs^CO^80921^,,,,GCA620WHD,,,jerry.krueger@comcast.net,Yes,,Jerry,05/01/2005,Krueger,,,,719-528-5672,,,No,
MEMBER,36742,Active,2,kim.krueger@comcast.net,620 Wuthering Heights Drive^^Colorado Springs^CO^80921^,,,,GCA620WHD,,,kim.krueger@comcast.net,Yes,,Kimberly,05/01/2005,Krueger,,,,,,,No,Jerry Krueger
MEMBER,36742,Active,1,eddove@icloud.com,625 Rembrandt Court^^Colorado Springs^CO^80921^,,,,GCA625RC,,,DeborahFrostozzz@gmail.com,Yes,,Barry/Deborah,10/09/1984,Frost,,,,719-466-0102,,,No,
MEMBER,36742,Active,1,DavidSavage,630 Rembrandt Court^^Colorado Springs^CO^80921^,1/26/2017 -- Sale pending. Restoration work underway.  2 24-foot dumpsters and portalet will be required.  dumpsters will be in driveway.  30 days requested for work completion.,,No,GCA630RC,,No,,Yes,,David,10/05/2023,Savage,,No,,,No,No,No,
MEMBER,36742,Active,1,kbaker.ilk@gmail.com,630 Wuthering Heights Drive^^Colorado Springs^CO^80921^,,,Yes,GCA630WHD,,No,Kbaker.Ilk@Gmail.Com,Yes,,Kevin,10/19/2021,Baker,,No,,,No,No,Yes,
MEMBER,36742,Active,1,gmellema@aol.com,635 Wuthering Heights Drive^^Colorado Springs^CO^80921^,,,,GCA635WHD,,,Gmellema@Aol.Com,Yes,,nan,09/24/1991,Mellema Trust,,,,719-488-9846,,,No,
MEMBER,36742,Active,1,RyanM.Voneida,640 Rembrandt Court^^Colorado Springs^CO^80921^,4/8/2019,,,GCA640RC,,,Jen.Voneida@Gmail.Com,Yes,,Rayn,08/01/2013,Voneida,,,,,,,No,
MEMBER,36742,Active,2,jen.voneida@gmail.com,640 Rembrandt Court^^Colorado Springs^CO^80921^,,,,GCA640RC,,,,Yes,,Jennifer,08/01/2013,Voneida,,,,,,,No,Ryan M. Voneida
MEMBER,36742,Active,1,hunterdan83@gmail.com,645 Rembrandt Court^^Colorado Springs^CO^80921^,,,,GCA645RC,,,Hunterdan83@Gmail.Com,Yes,,Stephanie,04/20/2026,Krawzyk,,,,719-684-6757,No,,No,
MEMBER,36742,Active,2,DanielNKrawzyk,645 Rembrandt Court^^Colorado Springs^CO^80921^,,,,GCA645RC,,,,Yes,,Daniel,11/24/2014,Krawzyk,,,,,,,No,Dan Krawzyk
MEMBER,36742,Active,1,mahmood_174@yahoo.com,64 Huntington Beach Drive^^Colorado Springs^CO^80921^,,,,GCA64HBD,,,Mahmood_174@Yahoo.Com,Yes,,Mahmood,08/29/2011,Ahmadian,,,,719-375-9647,,,No,
MEMBER,36742,Active,2,MaryamSalek,64 Huntington Beach Drive^^Colorado Springs^CO^80921^,,,,GCA64HBD,,,,Yes,,Maryam,08/29/2011,Salek,,,,,,,No,Mahmood Ahmadian
MEMBER,36742,Active,1,douglas.n.fish@comcast.net,650 Rembrandt Court^^Colorado Springs^CO^80921^,,,,GCA650RC,,,Douglas.N.Fish@Comcast.Net,Yes,,Douglas,12/23/1992,Fish,,,,719-481-9856,,,No,
MEMBER,36742,Active,1,readeln@hotmail.com,650 Wuthering Heights Drive^^Colorado Springs^CO^80921^,,,,GCA650WHD,,,readeln@hotmail.com,Yes,,Elna,10/20/2021,Asuncion,,,,719-359-1294,,,No,
MEMBER,36742,Active,1,mullinsrobe@gmail.com,655 Rembrandt Court^^Colorado Springs^CO^80921^,change of ownership,,,GCA655RC,,,beth14642002@gmail.com,Yes,,nan,08/14/2015,Glenn & Beth Brock Revocable Trust,,,,360-314-6945,,,No,
MEMBER,36742,Active,2,RitaAMullins,655 Rembrandt Court^^Colorado Springs^CO^80921^,,,,GCA655RC,,,,Yes,,Glenn/ Beth,08/14/2015,Brock,,,,,,,No,Robert D Mullins
MEMBER,36742,Active,1,leedogger@aol.com,655 Wuthering Heights Drive^^Colorado Springs^CO^80921^,,,,GCA655WHD,,,Leedogger@Aol.Com,Yes,,Randall,07/01/1985,Liefer,,,,719-488-3010,,,No,
MEMBER,36742,Active,1,tom.deena@me.com,65 Doral Way^^Colorado Springs^CO^80921^,"tom.deena@me.com

tom.deena@gmail.com
719-304-6997",,No,GCA65DW,,No,tom.deena@me.com,Yes,,Thomas,10/25/2019,McDorman,,No,,719-304-9740,Yes,No,No,
MEMBER,36742,Active,2,DeenaMcDorman,65 Doral Way^^Colorado Springs^CO^80921^,,,,GCA65DW,,,,Yes,,Deena,10/25/2019,McDorman,,,,,,,No,Thomas McDorman
MEMBER,36742,Active,1,jmrhoda@comcast.net,65 Rangely Drive^^Colorado Springs^CO^80921^,,,,GCA65RD,,,Jmrhoda@Comcast.Net,Yes,,nan,11/08/2018,Jeffrey A & Melody L Rhoda Revocable Living Trust,,,,719-488-0772,,,No,
MEMBER,36742,Active,1,ThomasStruve,65 Wuthering Heights Drive^^Colorado Springs^CO^80921^,,,,GCA65WHD,,,,Yes,,Thomas,05/15/2008,Struve,,,,719-439-4177,,,No,
MEMBER,36742,Active,2,RosalindaStruve,65 Wuthering Heights Drive^^Colorado Springs^CO^80921^,,,,GCA65WHD,,,,Yes,,Maria,05/15/2008,Struve,,,,,,,No,Thomas Struve
MEMBER,36742,Active,1,discover7marbeth@hotmail.com,660 Rembrandt Court^^Colorado Springs^CO^80921^,,,,GCA660RC,,,Discover7marbeth@Hotmail.Com,Yes,,James,12/23/2009,Blake,,,,719-930-3517,,,No,
MEMBER,36742,Active,2,MaryBethBlake,660 Rembrandt Court^^Colorado Springs^CO^80921^,,,,GCA660RC,,,,Yes,,Mary,12/23/2009,Blake,,,,,,,No,Jim Blake
MEMBER,36742,Active,1,amandadankoff@gmail.com,665 Rembrandt Court^^Colorado Springs^CO^80921^,,,,GCA665RC,,,Amandadankoff@Gmail.Com,Yes,,Jay,09/11/2015,Dankoff,,,,248-321-5920,,,No,
MEMBER,36742,Active,1,hunterm@pcisys.net,670 Rembrandt Court^^Colorado Springs^CO^80921^,,,,GCA670RC,,,Hunterm@Pcisys.Net,Yes,,Michael,12/10/1996,Hunter,,,,719-481-1054,,,No,
MEMBER,36742,Active,2,DebiHunter,670 Rembrandt Court^^Colorado Springs^CO^80921^,,,,GCA670RC,,,,Yes,,Deborah,12/10/1996,Hunter,,,,,,,No,Mick Hunter
MEMBER,36742,Active,1,alanjoughin@yahoo.com,670 Wuthering Heights Drive^^Colorado Springs^CO^80921^,,,,GCA670WHD,,,Alanjoughin@Yahoo.Com,Yes,,Alan,11/20/2018,Joughin,,,,510-378-3487,,,No,
MEMBER,36742,Active,2,LucianeFernandezRamos,670 Wuthering Heights Drive^^Colorado Springs^CO^80921^,,,,GCA670WHD,,,,Yes,,Luciane,11/20/2018,Ramos,,,,,,,No,Alan Robert Joughin
MEMBER,36742,Active,1,frankcowens@comcast.net,675 Rembrandt Court^^Colorado Springs^CO^80921^,,,,GCA675RC,,,Frankcowens@Comcast.Net,Yes,,nan,03/07/1988,Owens Family Revoc Living Trust,,,,719-488-3416,,,No,
MEMBER,36742,Active,1,eagand@msn.com,675 Wuthering Heights Drive^^Colorado Springs^CO^80921^,New e-mail address effective 02/02/2010....Bill,,,GCA675WHD,,,Eagand@Msn.Com,Yes,,nan,05/01/2013,Eagan Living Trust,,,,719-488-2861,,,No,
MEMBER,36742,Active,2,LynnEagan,675 Wuthering Heights Drive^^Colorado Springs^CO^80921^,,,,GCA675WHD,,,,Yes,,Florence,05/01/2013,Eagan,,,,,,,No,Dennis Eagan
MEMBER,36742,Active,1,ChristopherSelby,680 Rembrandt Court^^Colorado Springs^CO^80921^,Greeted: 10/15/23,,No,GCA680RC,Shanna,No,naomi.rodriguez.g17@gmail.com,Yes,,Pamela,07/12/2023,Rodriguez,,No,,303-502-0917,No,No,No,
MEMBER,36742,Active,1,sam.szarka@gmail.com,685 Rembrandt Court^^Colorado Springs^CO^80921^,,,,GCA685RC,,,sam.szarka@gmail.com,Yes,,Samuel,12/07/2010,Szarka,,,,,,,No,
MEMBER,36742,Active,1,cfhayes16@gmail.com,685 Wuthering Heights Drive^^Colorado Springs^CO^80921^,,,,GCA685WHD,,No,cfhayes16@gmail.com,Yes,,Charles,04/14/2017,Hayes,,No,,303-929-8642,No,No,No,
MEMBER,36742,Active,2,marieluisehayes@gmail.com,685 Wuthering Heights Drive^^Colorado Springs^CO^80921^,,,,GCA685WHD,,No,marieluisehayes@gmail.com,No,,Marie,04/14/2017,Hayes,,No,,303-668-8990,No,No,No,Charles Hayes
MEMBER,36742,Active,1,bking34684@yahoo.com,690 Wuthering Heights Drive^^Colorado Springs^CO^80921^,,,,GCA690WHD,,,,Yes,,Robin,09/30/2016,Krzykowski,,,,,,,No,
MEMBER,36742,Active,1,johnpapuga@comcast.net,695 Wuthering Heights Drive^^Colorado Springs^CO^80921^,,,,GCA695WHD,,,johnpapuga@comcast.net,Yes,,John H.,03/31/1988,Papuga,,,,,,,No,
MEMBER,36742,Active,1,cwilliams1923@gmail.com,70 Palm Springs Drive^^Colorado Springs^CO^80921^,"Updated owner name per note from daughter. Ms. Norman sadly passed away last year.
719-481-0003
cwilliams1923@gmail.com
978-210-1907",,No,GCA70PSD,,No,Jacmaramba96@gmail.com,Yes,,Abraham,06/07/2013,Maramba,,No,,978-210-1907,No,No,No,
MEMBER,36742,Active,1,lieslross1985@yahoo.com,715 Wuthering Heights Drive^^Colorado Springs^CO^80921^,,,,GCA715WHD,,No,lieslross1985@yahoo.com,Yes,,Christopher,05/05/2019,Ross,,No,,970-560-4743,No,No,No,
MEMBER,36742,Active,2,MeredithRoss,715 Wuthering Heights Drive^^Colorado Springs^CO^80921^,,,,GCA715WHD,,No,,No,,Meredith,05/05/2019,Ross,,No,,,No,No,No,Christopher Ross
MEMBER,36742,Active,1,drumtech808,725 Wuthering Heights Drive^^Colorado Springs^CO^80921^,"2004 dues paid by Security Title 6.28.15: Removed renter status, as borrower is no longer deployed",,No,GCA725WHD,,No,drumtech808@gmail.com,Yes,,Young,06/01/2022,Kim,,Yes,,248-403-3452,No,No,No,
MEMBER,36742,Active,2,JessicaKim,725 Wuthering Heights Drive^^Colorado Springs^CO^80921^,,,,GCA725WHD,,No,jessilove009@gmail.com,Yes,,Jessica,06/01/2022,Kim,,No,,248-403-3463,No,No,No,Young Kim
MEMBER,36742,Active,1,woodskate22@gmail.com,72 Huntington Beach Drive^^Colorado Springs^CO^80921^,Address wasnt in the 2002 master list so forgave 2002 dues.,,,GCA72HBD,,,woodskate22@gmail.com,Yes,,Catherine,03/09/1989,Woods,,,,719-488-3692,,,No,
MEMBER,36742,Active,1,drfrasier0219@hotmail.com,730 Wuthering Heights Drive^^Colorado Springs^CO^80921^,,,,GCA730WHD,,,Drfrasier0219@Hotmail.Com,Yes,,Daniel,11/20/2013,Frasier,,,,720-290-9860,,,No,
MEMBER,36742,Active,1,greg.kamer@outlook.com,735 Wuthering Heights Drive^^Colorado Springs^CO^80921^,,,,GCA735WHD,,,greg.kamer@outlook.com,Yes,,Gregory,06/27/2019,Kamer,,,,502-299-2797,,,No,
MEMBER,36742,Active,2,KimberlyKamer,735 Wuthering Heights Drive^^Colorado Springs^CO^80921^,,,,GCA735WHD,,,,Yes,,Kimberly,06/27/2019,Kamer,,,,,,,No,Gregory Kamer
MEMBER,36742,Active,1,todd.seidenberg@gmail.com,745 Wuthering Heights Drive^^Colorado Springs^CO^80921^,,,,GCA745WHD,,,todd.seidenberg@gmail.com,Yes,,Todd,05/01/2005,Seidenberg,,,,719-481-5683,,,No,
MEMBER,36742,Active,1,JHoden01@comcast.net,750 Wuthering Heights Drive^^Colorado Springs^CO^80921^,Sent 2002 notice,,,GCA750WHD,,,jhoden01@comcast.net,Yes,,John,05/29/1987,Hoden,,,,719-488-0034,,,No,
MEMBER,36742,Active,2,BrendaHoden,750 Wuthering Heights Drive^^Colorado Springs^CO^80921^,,,,GCA750WHD,,,,Yes,,Brenda,05/29/1987,Hoden,,,,,,,No,John Hoden
MEMBER,36742,Active,1,mcplatinumgroup@yahoo.com,755 Wuthering Heights Drive^^Colorado Springs^CO^80921^,,,,GCA755WHD,,,Mcplatinumgroup@Yahoo.Com,Yes,,Swetlana,09/01/2003,Carter,,,,719-578-9005,,,No,
MEMBER,36742,Active,2,SwetlanaCarter,755 Wuthering Heights Drive^^Colorado Springs^CO^80921^,,,,GCA755WHD,,,,Yes,,Michael,09/01/2003,Carter,,,,,,,No,Michael Carter
MEMBER,36742,Active,1,MJeffcoat,75 Desert Inn Way^^Colorado Springs^CO^80921^,Maria,,No,GCA75DIW,,No,Tashadjeffcoat@Gmail.Com,No,,Matthew,11/02/2023,Jeffcoat,,No,,,No,No,No,
MEMBER,36742,Active,1,andrewczyl@gmail.com,75 Palm Springs Drive^^Colorado Springs^CO^80921^,,,,GCA75PSD,,,andrewczyl@gmail.com,Yes,,Andrew,06/21/2019,Czyl,,,,,,,No,
MEMBER,36742,Active,2,kimberlyczyl@gmail.com,75 Palm Springs Drive^^Colorado Springs^CO^80921^,"Email Address	kimberlyczyl@gmail.com
Primary Phone	303-476-0047
Address	75 Palm Springs Dr
Colorado Springs, CO 80921",,No,GCA75PSD,,No,kimberlyczyl@gmail.com,Yes,,Kimberly,06/21/2019,Czyl,,No,,303-476-0047,No,No,No,Andrew Czyl
MEMBER,36742,Active,1,BrianLumberg,75 Pauma Valley Drive^^Colorado Springs^CO^80921^,2.1.15: eml Stammler returned/removed,,,GCA75PVD,,,staci_wald@yahoo.com,Yes,,Brian,05/11/2018,Lumberg,,,,,,,No,
MEMBER,36742,Active,2,staci_wald@yahoo.com,75 Pauma Valley Drive^^Colorado Springs^CO^80921^,,,,GCA75PVD,,,,Yes,,Stephanie,05/11/2018,Cross,,,,,,,No,Brian Lumberg
MEMBER,36742,Active,1,lxboogie1@aol.com,75 Wuthering Heights Drive^^Colorado Springs^CO^80921^,,,,GCA75WHD,,,,Yes,,Holly,01/25/2018,Cortez,,,,909-213-1610,,,No,
MEMBER,36742,Active,1,mslivka@usa.net,765 Wuthering Heights Drive^^Colorado Springs^CO^80921^,"8.9.15: eml asking for pmt plan, financial hardship. 7-mth pmt plan without late fees offered. SEN",,,GCA765WHD,,,Dorian_Slivka@Msn.Com,Yes,,Martin,09/11/1986,Slivka,,,,719-330-9688,,,No,
MEMBER,36742,Active,2,dorian_slivka@msn.com,765 Wuthering Heights Drive^^Colorado Springs^CO^80921^,,,,GCA765WHD,,,,Yes,,Dorian,09/11/1986,Slivka,,,,,,,No,Marty Slivka
MEMBER,36742,Active,1,BryanButler,770 Wuthering Heights Drive^^Colorado Springs^CO^80921^,,,No,GCA770WHD,"Dominy Properties Inc, a Colorado Corporation",No,,No,,nan,08/28/2023,Dominy Properties Inc.,,No,,,No,No,No,
MEMBER,36742,Active,1,KevinHamblin,590 Highway 105 #225^^Monument^CO^80132^,,,,GCA775WHD,,No,,Yes,,Kevin,07/10/2021,Hamblin,,No,,,No,No,No,
MEMBER,36742,Active,1,Whipb75@gmail.com,80 Huntington Beach Drive^^Colorado Springs^CO^80921^,,,,GCA80HBD,,,Whipb75@Gmail.Com,Yes,,nan,09/15/0992,Biedermann Family Trust,,,,719-499-8300,,,No,
MEMBER,36742,Active,1,jkgue47@gmail.com,80 Rangely Drive^^Colorado Springs^CO^80921^,,,,GCA80RD,,,jkgue47@gmail.com,Yes,,John,06/16/2004,Gue,,,,719-440-9683,,,No,
MEMBER,36742,Active,1,tara.custalow@gmail.com,810 Wuthering Heights Drive^^Colorado Springs^CO^80921^,tara.custalow@gmail.com,,No,GCA810WHD,,No,tara.custalow@gmail.com,Yes,,Benjamin,05/14/2021,Custalow,,No,,540-424-3393,No,No,No,
MEMBER,36742,Active,2,TaraCustalow,810 Wuthering Heights Drive^^Colorado Springs^CO^80921^,,,,GCA810WHD,,,,Yes,,Tara,05/14/2021,Custalow,,,,,,,No,Benjamin Custalow
MEMBER,36742,Active,1,cosbowmans@gmail.com,815 Wuthering Heights Drive^^Colorado Springs^CO^80921^,JE: removed bounced email 12/6/2014,,,GCA815WHD,,,Cosbowmans@Gmail.Com,Yes,,Douglas,10/06/2008,Bowman,,,,719-481-4616,,,No,
MEMBER,36742,Active,2,GretchenMurphy-Bowman,815 Wuthering Heights Drive^^Colorado Springs^CO^80921^,,,,GCA815WHD,,,,Yes,,Jennifer,10/06/2008,Murphy-Bowman,,,,,,,No,Doug Bowman
MEMBER,36742,Active,1,jamileahy@gmail.com,820 Wuthering Heights Drive^^Colorado Springs^CO^80921^,,,,GCA820WHD,,,jamileahy@gmail.com,Yes,,Jami,07/29/2008,Leahy,,,,719-650-9180,,,No,
MEMBER,36742,Active,1,melissah520@yahoo.com,830 Wuthering Heights Drive^^Colorado Springs^CO^80921^,,,,GCA830WHD,,,melissah520@yahoo.com,Yes,,Brian,06/16/2006,Horvath,,,,719-321-1837,,,No,
MEMBER,36742,Active,2,MelissaHorvath,830 Wuthering Heights Drive^^Colorado Springs^CO^80921^,,,,GCA830WHD,,,,Yes,,Melissa,06/16/2006,Horvath,,,,,,,No,Brian Horvath
MEMBER,36742,Active,1,rlkoshak@gmail.com,835 Wuthering Heights Drive^^Colorado Springs^CO^80921^,,,,GCA835WHD,,,rlkoshak@gmail.com,Yes,,Richard,05/29/2014,Koshak,,,,214-603-6631,,,No,
MEMBER,36742,Active,2,JenniferCarpenter,835 Wuthering Heights Drive^^Colorado Springs^CO^80921^,,,,GCA835WHD,,,,Yes,,Jennifer,05/29/2014,Carpenter,,,,,,,No,Richard Koshak
MEMBER,36742,Active,1,rwiley7247@aol.com,840 Wuthering Heights Drive^^Colorado Springs^CO^80921^,,,,GCA840WHD,,,Rwiley7247@Aol.Com,Yes,,Ronald,12/01/1986,Wiley,,,,719-339-4640,,,No,
MEMBER,36742,Active,1,Nareveley@gmail.com,850 Wuthering Heights Drive^^Colorado Springs^CO^80921^,,,,GCA850WHD,,,nareveley@gmail.com,Yes,,Nathaniel,08/22/2021,Reveley,,,,,,,No,
MEMBER,36742,Active,1,porreco@comcast.net,855 Wuthering Heights Drive^^Colorado Springs^CO^80921^,2003 dues forgiven - missed at closing 1/03,,,GCA855WHD,,,Porreco@Comcast.Net,Yes,,Daniel,01/09/2003,Porreco,,,,719-481-1306,,,No,
MEMBER,36742,Active,1,pellyfarm@gmail.com,85 Doral Way^^Colorado Springs^CO^80921^,,,,GCA85DW,,,Mapelly14@Gmail.Com,Yes,,Jill,09/13/2021,Moodie-Pellegrino,,,,,,,No,
MEMBER,36742,Active,2,TonPellegrino,85 Doral Way^^Colorado Springs^CO^80921^,,,,GCA85DW,,Yes,,No,,Michael,09/13/2021,Pellegrino,,No,,805-220-8546,Yes,No,No,Jill Pellegrino
MEMBER,36742,Active,1,vtmax@aol.com,85 Wuthering Heights Drive^^Colorado Springs^CO^80921^,,,,GCA85WHD,,,Tisebarbara@Gmail.Com,Yes,,Victor,06/16/1999,Tise,,,,719-487-8098,,,No,
MEMBER,36742,Active,2,PennyClingen,860 Wuthering Heights Drive^^Colorado Springs^CO^80921^,,,,GCA860WHD,,,,Yes,,Penny,06/21/2019,Clingen,,,,,,,No,Duane Clingen
MEMBER,36742,Active,1,cynthia.moran2@yahoo.com,865 Wuthering Heights Drive^^Colorado Springs^CO^80921^,,,,GCA865WHD,,,Cynthia.Moran2@Yahoo.Com,Yes,,Steven,01/01/1992,Moran,,,,719-433-1396,,,No,
MEMBER,36742,Active,1,teribig@gmail.com,870 Wuthering Heights Drive^^Colorado Springs^CO^80921^,,,,GCA870WHD,,,Teribig@Gmail.Com,Yes,,Ira,09/24/1991,Bighash,,,,719-481-4715,,,No,
MEMBER,36742,Active,2,IrajBighash,870 Wuthering Heights Drive^^Colorado Springs^CO^80921^,,,,GCA870WHD,,,,Yes,,Teresa,09/24/1991,Bighash,,,,,,,No,Theresa Bighash
MEMBER,36742,Active,1,smitty9199@aol.com,875 Wuthering Heights Drive^^Colorado Springs^CO^80921^,,,,GCA875WHD,,,Smitty9199@Aol.Com,Yes,,Scott,01/01/1992,Smith,,,,719-237-3575,,,No,
MEMBER,36742,Active,1,bobcline4@gmail.com,880 Wuthering Heights Drive^^Colorado Springs^CO^80921^,,,,GCA880WHD,,,Clinet82@Gmail.Com,Yes,,nan,07/10/1996,Cline Family Trust,,,,719-481-0790,,,No,
MEMBER,36742,Active,1,m_swheeler@msn.com,885 Wuthering Heights Drive^^Colorado Springs^CO^80921^,,,,GCA885WHD,,,m_swheeler@msn.com,Yes,,Michael,07/19/1999,Wheeler,,,,719-487-8750,,,No,
MEMBER,36742,Active,2,SusanWheeler,885 Wuthering Heights Drive^^Colorado Springs^CO^80921^,,,,GCA885WHD,,,,Yes,,Susan,07/19/1999,Wheeler,,,,,,,No,Michael Wheeler
MEMBER,36742,Active,1,jspollok@aol.com,905 Wuthering Heights Drive^^Colorado Springs^CO^80921^,,,,GCA905WHD,,,jspollok@aol.com,Yes,,Sidney,06/19/1997,Pollok,,,,719-481-6265,,,No,
MEMBER,36742,Active,2,JanicePollok,905 Wuthering Heights Drive^^Colorado Springs^CO^80921^,,,,GCA905WHD,,,,Yes,,Janice,06/19/1997,Pollok,,,,,,,No,Sidney Pollok
MEMBER,36742,Active,1,joanne.wasilewski@gmail.com,90 Desert Inn Way^^Colorado Springs^CO^80921^,"5.23.15: Received title check with WD.
joanne.wasilewski@gmail.com",,No,GCA90DIW,,No,Joanne.Wasilewski@Gmail.Com,Yes,,Kristin,09/01/2022,Wasilewski,,No,,973-477-9265,No,No,No,
MEMBER,36742,Active,2,JoanneWasilewski,90 Desert Inn Way^^Colorado Springs^CO^80921^,,,No,GCA90DIW,,No,,Yes,,Joanne,09/01/2022,Wasilewski,,No,,,No,No,No,Joanne Wasilewski
MEMBER,36742,Active,1,gjSinger@earthlink.net,90 Huntington Beach Drive^^Colorado Springs^CO^80921^,"Add $25 fee for information provided for VA project questioneer on 9/25/09, completed by Art Nielsen.  Due at closing.",,,GCA90HBD,,,gjsinger@earthlink.net,Yes,,Gregg,03/18/1998,Singer,,,,719-203-4141,,,No,
MEMBER,36742,Active,2,AmySinger,90 Huntington Beach Drive^^Colorado Springs^CO^80921^,,,,GCA90HBD,,,,Yes,,Amy,03/18/1998,Singer,,,,,,,No,Gregg Singer
MEMBER,36742,Active,1,Toddinfinity1@msn.com,90 Palm Springs Drive^^Colorado Springs^CO^80921^,"Added spouse e-mail on May 2, 2010....Bill Carroll..primary e-mail bad - 6/4/10 and phone disconnected - Bill Carroll",,,GCA90PSD,,,toddinfinity1@msn.com,Yes,,T.K.,04/02/2003,Evans,,,,719-687-7445,,,No,
MEMBER,36742,Active,2,JenniferEvans,90 Palm Springs Drive^^Colorado Springs^CO^80921^,,,,GCA90PSD,,,,Yes,,Jennifer,04/02/2003,Evans,,,,,,,No,T.K. Evans
MEMBER,36742,Active,1,scottkristin87@yahoo.com,910 Wuthering Heights Drive^^Colorado Springs^CO^80921^,Added e-mail on 12/8/13 3.6.15: Name on check is Kristen Scott,,,GCA910WHD,,,,Yes,,Kevin,04/19/2013,Siegrist,,,,719-553-6397,,,No,
MEMBER,36742,Active,1,BenjaminCrossley,915 Wuthering Heights Drive^^Colorado Springs^CO^80921^,,,,GCA915WHD,,,,Yes,,Benjamin,07/01/2014,Crossley,,,,,,,No,
MEMBER,36742,Active,2,JulieCrossley,915 Wuthering Heights Drive^^Colorado Springs^CO^80921^,,,,GCA915WHD,,,,Yes,,Julie,07/01/2014,Crossley,,,,,,,No,Benjamin Crossley
MEMBER,36742,Active,1,likelyspam123@yahoo.com,920 Wuthering Heights Drive^^Colorado Springs^CO^80921^,"likelyspam123@yahoo.com
Primary Phone	719-639-0332
old email: joe.stevens2009@yahoo.com",,No,GCA920WHD,,No,Joe.Stevens2009@Yahoo.Com,Yes,,Joseph,08/04/2000,Stevens,,No,,719-639-0332,No,No,No,
MEMBER,36742,Active,1,jacob.leggett@westernalum.org,925 Wuthering Heights Drive^^Colorado Springs^CO^80921^,,,,GCA925WHD,,,majortomgc031@outlook.com,No,,Thomas,03/25/2026,Rowley,,,,719-424-2579,No,,No,
MEMBER,36742,Active,1,petejean81@q.com,930 Wuthering Heights Drive^^Colorado Springs^CO^80921^,,,,GCA930WHD,,No,Petejean81@myctl.net,Yes,,nan,10/13/1992,Callahan Family Security Trust,,No,,719-339-6192,Yes,,No,
MEMBER,36742,Active,1,jrcoulahan@comcast.net,95 Desert Inn Way^^Colorado Springs^CO^80921^,"719.488.8825
jrcoulahan@comcast.net",,No,GCA95DIW,,No,Jrcoulahan@Comcast.Net,Yes,,John,05/10/2004,Coulahan,,No,,719-488-8825,No,No,No,
MEMBER,36742,Active,1,jrmdownunder@aol.com,95 Palm Springs Drive^^Colorado Springs^CO^80921^,2003 dues paid by Stewart Title,,,GCA95PSD,,,jrmdownunder@aol.com,Yes,,Joel,09/16/2003,Maynard,,,,719-488-1366,,,No,
MEMBER,36742,Active,2,cdmmomofthree@aol.com,95 Palm Springs Drive^^Colorado Springs^CO^80921^,,,,GCA95PSD,,,cdmmomofthree@aol.com,Yes,,Christine,09/16/2003,Maynard,,,,,,,No,Joel Maynard
MEMBER,36742,Active,1,RichardHunt,14559 Westchester Drive^^Colorado Springs^CO^80921^,"rhunt@sardismedia.com
847-989-8159",,No,GCA95PVD,,No,,No,,Richard,03/28/2023,Hunt,,No,,,No,No,No,
MEMBER,36742,Active,1,RHUNT@SardisMedia.com,14559 Westchester Drive^^Colorado Springs^CO^80921^,,,No,GCA95PVD,,No,rhunt@sardismedia.com,Yes,,Richard,07/12/2021,Hunt,,No,,847-989-8159,Yes,No,No,
MEMBER,36742,Active,1,gleneaglehoa@chrisswiontek.com,965 Wuthering Heights Drive^^Colorado Springs^CO^80921^,,,,GCA965WHD,,,Gleneaglehoa@Chrisswiontek.Com,Yes,,nan,10/10/2012,Swiontek Family Trust,,,,,,,No,
MEMBER,36742,Active,1,CharlesGerber,970 Wuthering Heights Drive^^Colorado Springs^CO^80921^,,,,GCA970WHD,,,Charliegerber91@Gmail.Com,Yes,,Charles,07/01/2021,Gerber,,,,210-887-7175,No,,No,
MEMBER,36742,Active,1,Lisa.McCone@asd20.org,975 Wuthering Heights Drive^^Colorado Springs^CO^80921^,,,,GCA975WHD,,,drmccone51@gmail.com,Yes,,David,06/29/1998,McCone,,,,719-481-1674,,,No,
MEMBER,36742,Active,1,melissa.surface@comcast.net,985 Wuthering Heights Drive^^Colorado Springs^CO^80921^,,,,GCA985WHD,,,Melissa.Surface@Comcast.Net,Yes,,Thomas,06/27/2000,Surface,,,,719-487-9696,,,No,
